{
  "voc_eval_res": {
    "precision": 67.7419,
    "recall": 45.6522,
    "f-score": 54.5455
  },
  "KL_res": {
    "KL divergence": 1.1522495870285783,
    "Euclidean Dist.": 0.13953157593136797,
    "WER": 0.45977011494252873,
    "CER": 0.26558891454965355,
    "Cosine Dist.": 0.017647808673185827
  },
  "occ_eval_res": {
    "precision": 73.4177,
    "recall": 66.6667,
    "f-score": 69.8795
  },
  "clean_eval": {
    "f-score": 62.500000000000014,
    "precision": 60.24096385542169,
    "recall": 64.93506493506493,
    "tp": 50,
    "fp": 33,
    "fn": 27
  },
  "jaccard": [
    0.3947858472998138
  ],
  "braycurtis": [
    0.14540059347181009
  ],
  "dice": [
    0.2459396751740139
  ],
  "cosinus": [
    0.014423236110614024
  ]
}