{
  "voc_eval_res": {
    "precision": 57.5221,
    "recall": 48.5075,
    "f-score": 52.6316
  },
  "KL_res": {
    "KL divergence": 0.9423369958197859,
    "Euclidean Dist.": 0.13111270300747108,
    "WER": 0.5942857142857143,
    "CER": 0.5118025751072961,
    "Cosine Dist.": 0.07532581874967348
  },
  "occ_eval_res": {
    "precision": 65.8793,
    "recall": 71.7143,
    "f-score": 68.6731
  },
  "clean_eval": {
    "f-score": 35.26093088857546,
    "precision": 36.98224852071006,
    "recall": 33.692722371967655,
    "tp": 125,
    "fp": 213,
    "fn": 246
  },
  "jaccard": [
    0.39261168384879724
  ],
  "braycurtis": [
    0.1829750644883921
  ],
  "dice": [
    0.24425440940673437
  ],
  "cosinus": [
    0.04494296111720364
  ]
}