{
  "voc_eval_res": {
    "precision": 31.9149,
    "recall": 20.2703,
    "f-score": 24.7934
  },
  "KL_res": {
    "KL divergence": 3.39428289553706,
    "Euclidean Dist.": 0.20022602263938935,
    "WER": 0.8777292576419214,
    "CER": 0.6613594611145132,
    "Cosine Dist.": 0.30246307302121034
  },
  "occ_eval_res": {
    "precision": 32.287,
    "recall": 31.441,
    "f-score": 31.8584
  },
  "clean_eval": {
    "f-score": 13.392857142857142,
    "precision": 13.215859030837004,
    "recall": 13.574660633484163,
    "tp": 30,
    "fp": 197,
    "fn": 191
  },
  "jaccard": [
    0.593192868719611
  ],
  "braycurtis": [
    0.3588957055214724
  ],
  "dice": [
    0.4216589861751152
  ],
  "cosinus": [
    0.12384224859003601
  ]
}