{
  "voc_eval_res": {
    "precision": 57.4751,
    "recall": 34.9495,
    "f-score": 43.4673
  },
  "KL_res": {
    "KL divergence": 0.8395709868141337,
    "Euclidean Dist.": 0.050570637147511234,
    "WER": 0.625,
    "CER": 0.4917344969371486,
    "Cosine Dist.": 0.03282872603995046
  },
  "occ_eval_res": {
    "precision": 77.7042,
    "recall": 49.162,
    "f-score": 60.2224
  },
  "clean_eval": {
    "f-score": 23.930885529157667,
    "precision": 19.507042253521124,
    "recall": 30.949720670391063,
    "tp": 277,
    "fp": 1143,
    "fn": 618
  },
  "jaccard": [
    0.4048374306106265
  ],
  "braycurtis": [
    0.25784684592577445
  ],
  "dice": [
    0.253790703455133
  ],
  "cosinus": [
    0.01686514867864819
  ]
}