{
  "voc_eval_res": {
    "precision": 48.5714,
    "recall": 30.9091,
    "f-score": 37.7778
  },
  "KL_res": {
    "KL divergence": 1.123726103687146,
    "Euclidean Dist.": 0.1117642301763483,
    "WER": 0.6925465838509317,
    "CER": 0.4977208595615368,
    "Cosine Dist.": 0.06212760213502777
  },
  "occ_eval_res": {
    "precision": 61.465,
    "recall": 59.9379,
    "f-score": 60.6918
  },
  "clean_eval": {
    "f-score": 14.484126984126982,
    "precision": 14.455445544554454,
    "recall": 14.512922465208748,
    "tp": 73,
    "fp": 432,
    "fn": 430
  },
  "jaccard": [
    0.5445146467547387
  ],
  "braycurtis": [
    0.24139756484912653
  ],
  "dice": [
    0.3741120757695343
  ],
  "cosinus": [
    0.05175956735445786
  ]
}