{
  "voc_eval_res": {
    "precision": 43.0556,
    "recall": 43.662,
    "f-score": 43.3566
  },
  "KL_res": {
    "KL divergence": 3.0594225103372668,
    "Euclidean Dist.": 0.2028047587180466,
    "WER": 0.8203125,
    "CER": 0.6719330855018587,
    "Cosine Dist.": 0.47348528801610523
  },
  "occ_eval_res": {
    "precision": 44.2478,
    "recall": 39.0625,
    "f-score": 41.4938
  },
  "clean_eval": {
    "f-score": 34.04255319148936,
    "precision": 31.25,
    "recall": 37.38317757009346,
    "tp": 40,
    "fp": 88,
    "fn": 67
  },
  "jaccard": [
    0.47038327526132406
  ],
  "braycurtis": [
    0.3047977422389464
  ],
  "dice": [
    0.30751708428246016
  ],
  "cosinus": [
    0.1257112008843727
  ]
}