{
  "voc_eval_res": {
    "precision": 65.0,
    "recall": 15.8537,
    "f-score": 25.4902
  },
  "KL_res": {
    "KL divergence": 5.645745987263203,
    "Euclidean Dist.": 0.4078522433055533,
    "WER": 0.8830409356725146,
    "CER": 0.7258364312267658,
    "Cosine Dist.": 0.837053800748836
  },
  "occ_eval_res": {
    "precision": 42.9907,
    "recall": 13.4503,
    "f-score": 20.49
  },
  "clean_eval": {
    "f-score": 23.098591549295776,
    "precision": 16.205533596837945,
    "recall": 40.19607843137255,
    "tp": 41,
    "fp": 212,
    "fn": 61
  },
  "jaccard": [
    0.7351351351351352
  ],
  "braycurtis": [
    0.5849837422406149
  ],
  "dice": [
    0.5811965811965812
  ],
  "cosinus": [
    0.5339986975425448
  ]
}