{
  "voc_eval_res": {
    "precision": 61.194,
    "recall": 17.4468,
    "f-score": 27.1523
  },
  "KL_res": {
    "KL divergence": 3.9924181986085028,
    "Euclidean Dist.": 0.47676627656846327,
    "WER": 0.840064620355412,
    "CER": 0.587552114353782,
    "Cosine Dist.": 0.6615365885882347
  },
  "occ_eval_res": {
    "precision": 42.807,
    "recall": 19.7092,
    "f-score": 26.9912
  },
  "clean_eval": {
    "f-score": 8.019441069258809,
    "precision": 6.077348066298343,
    "recall": 11.785714285714285,
    "tp": 33,
    "fp": 510,
    "fn": 247
  },
  "jaccard": [
    0.7077652637818613
  ],
  "braycurtis": [
    0.436717453612913
  ],
  "dice": [
    0.5477064220183486
  ],
  "cosinus": [
    0.24482904137408823
  ]
}