{
  "voc_eval_res": {
    "precision": 29.7872,
    "recall": 15.7303,
    "f-score": 20.5882
  },
  "KL_res": {
    "KL divergence": 3.1554522256313082,
    "Euclidean Dist.": 0.5115019459472656,
    "WER": 0.8970976253298153,
    "CER": 0.6797407912687585,
    "Cosine Dist.": 0.7782330054850053
  },
  "occ_eval_res": {
    "precision": 24.2152,
    "recall": 14.248,
    "f-score": 17.9402
  },
  "clean_eval": {
    "f-score": 9.395973154362418,
    "precision": 7.466666666666668,
    "recall": 12.669683257918551,
    "tp": 28,
    "fp": 347,
    "fn": 193
  },
  "jaccard": [
    0.6210448859455482
  ],
  "braycurtis": [
    0.5420159476589654
  ],
  "dice": [
    0.4503735325506937
  ],
  "cosinus": [
    0.4745245975611252
  ]
}