{
  "voc_eval_res": {
    "precision": 46.2687,
    "recall": 6.1024,
    "f-score": 10.7826
  },
  "KL_res": {
    "KL divergence": 3.4041978395355934,
    "Euclidean Dist.": 0.20934875775341333,
    "WER": 0.890625,
    "CER": 0.7597186227323214,
    "Cosine Dist.": 0.3045823212124191
  },
  "occ_eval_res": {
    "precision": 44.1176,
    "recall": 14.2663,
    "f-score": 21.5606
  },
  "clean_eval": {
    "f-score": 4.021739130434782,
    "precision": 2.6185421089879686,
    "recall": 8.665105386416862,
    "tp": 37,
    "fp": 1376,
    "fn": 390
  },
  "jaccard": [
    0.7635054021608644
  ],
  "braycurtis": [
    0.5981204316045945
  ],
  "dice": [
    0.6174757281553398
  ],
  "cosinus": [
    0.28300333464240135
  ]
}