{
  "voc_eval_res": {
    "precision": 80.5556,
    "recall": 58.0,
    "f-score": 67.4419
  },
  "KL_res": {
    "KL divergence": 0.6843894406730117,
    "Euclidean Dist.": 0.14430093191281484,
    "WER": 0.46236559139784944,
    "CER": 0.3342516069788797,
    "Cosine Dist.": 0.03685500868165448
  },
  "occ_eval_res": {
    "precision": 78.6517,
    "recall": 75.2688,
    "f-score": 76.9231
  },
  "clean_eval": {
    "f-score": 60.51873198847261,
    "precision": 58.98876404494382,
    "recall": 62.1301775147929,
    "tp": 105,
    "fp": 73,
    "fn": 64
  },
  "jaccard": [
    0.43622047244094486
  ],
  "braycurtis": [
    0.17281272595806219
  ],
  "dice": [
    0.27895266868076535
  ],
  "cosinus": [
    0.028728425018870296
  ]
}