{
  "voc_eval_res": {
    "precision": 51.0638,
    "recall": 31.5789,
    "f-score": 39.0244
  },
  "KL_res": {
    "KL divergence": 1.252001011682441,
    "Euclidean Dist.": 0.1992514897629456,
    "WER": 0.6470588235294118,
    "CER": 0.516248457424928,
    "Cosine Dist.": 0.09208516415745338
  },
  "occ_eval_res": {
    "precision": 80.2721,
    "recall": 46.2745,
    "f-score": 58.7065
  },
  "clean_eval": {
    "f-score": 40.51282051282051,
    "precision": 32.37704918032787,
    "recall": 54.109589041095894,
    "tp": 79,
    "fp": 165,
    "fn": 67
  },
  "jaccard": [
    0.5509259259259259
  ],
  "braycurtis": [
    0.31564316401314124
  ],
  "dice": [
    0.3801916932907348
  ],
  "cosinus": [
    0.05483388910471987
  ]
}