{
  "voc_eval_res": {
    "precision": 29.4686,
    "recall": 1.791,
    "f-score": 3.3767
  },
  "KL_res": {
    "KL divergence": 3.5950751037311335,
    "Euclidean Dist.": 0.2447386331678515,
    "WER": 0.9608461681202449,
    "CER": 0.8200370090437593,
    "Cosine Dist.": 0.7925350439941778
  },
  "occ_eval_res": {
    "precision": 24.6575,
    "recall": 4.6762,
    "f-score": 7.8615
  },
  "clean_eval": {
    "f-score": 0.2313284864507601,
    "precision": 0.1386687797147385,
    "recall": 0.697211155378486,
    "tp": 7,
    "fp": 5041,
    "fn": 997
  },
  "jaccard": [
    0.802213902002279
  ],
  "braycurtis": [
    0.6841533933156587
  ],
  "dice": [
    0.6697472139168252
  ],
  "cosinus": [
    0.3065958895943349
  ]
}