{
  "voc_eval_res": {
    "precision": 22.4432,
    "recall": 9.3713,
    "f-score": 13.2218
  },
  "KL_res": {
    "KL divergence": 2.6185576567887905,
    "Euclidean Dist.": 0.12102180987236032,
    "WER": 0.8827415359207267,
    "CER": 0.68214074512123,
    "Cosine Dist.": 0.13855750294228308
  },
  "occ_eval_res": {
    "precision": 31.0521,
    "recall": 25.1032,
    "f-score": 27.7626
  },
  "clean_eval": {
    "f-score": 6.519654841802494,
    "precision": 5.862068965517241,
    "recall": 7.343412526997841,
    "tp": 68,
    "fp": 1092,
    "fn": 858
  },
  "jaccard": [
    0.5745140388768899
  ],
  "braycurtis": [
    0.31026455026455024
  ],
  "dice": [
    0.403030303030303
  ],
  "cosinus": [
    0.09454989485341736
  ]
}