{
  "voc_eval_res": {
    "precision": 28.6957,
    "recall": 3.0518,
    "f-score": 5.5169
  },
  "KL_res": {
    "KL divergence": 3.406890825188233,
    "Euclidean Dist.": 0.21849401205734928,
    "WER": 0.9389326334208224,
    "CER": 0.7609860388439544,
    "Cosine Dist.": 0.7567419470932106
  },
  "occ_eval_res": {
    "precision": 28.3355,
    "recall": 7.804,
    "f-score": 12.2376
  },
  "clean_eval": {
    "f-score": 0.6918420294032863,
    "precision": 0.4430496584825549,
    "recall": 1.5779092702169626,
    "tp": 24,
    "fp": 5393,
    "fn": 1497
  },
  "jaccard": [
    0.7401261201460339
  ],
  "braycurtis": [
    0.5814707323508349
  ],
  "dice": [
    0.5874604847207587
  ],
  "cosinus": [
    0.2547242158987091
  ]
}