{
  "voc_eval_res": {
    "precision": 77.4648,
    "recall": 26.0664,
    "f-score": 39.0071
  },
  "KL_res": {
    "KL divergence": 1.9986338166325246,
    "Euclidean Dist.": 0.1887909666709012,
    "WER": 0.6025974025974026,
    "CER": 0.4248927038626609,
    "Cosine Dist.": 0.06142601540082582
  },
  "occ_eval_res": {
    "precision": 81.2207,
    "recall": 44.9351,
    "f-score": 57.8595
  },
  "clean_eval": {
    "f-score": 26.621160409556317,
    "precision": 20.91152815013405,
    "recall": 36.61971830985916,
    "tp": 78,
    "fp": 295,
    "fn": 135
  },
  "jaccard": [
    0.5910958904109589
  ],
  "braycurtis": [
    0.25521885521885523
  ],
  "dice": [
    0.4195430238210987
  ],
  "cosinus": [
    0.050014843998505754
  ]
}