{
  "voc_eval_res": {
    "precision": 83.7607,
    "recall": 33.7931,
    "f-score": 48.1572
  },
  "KL_res": {
    "KL divergence": 2.676899597973425,
    "Euclidean Dist.": 0.1968713931557919,
    "WER": 0.6611694152923538,
    "CER": 0.4442154083998969,
    "Cosine Dist.": 0.3962753526584477
  },
  "occ_eval_res": {
    "precision": 84.1216,
    "recall": 37.3313,
    "f-score": 51.7134
  },
  "clean_eval": {
    "f-score": 29.022082018927442,
    "precision": 21.036585365853657,
    "recall": 46.779661016949156,
    "tp": 138,
    "fp": 518,
    "fn": 157
  },
  "jaccard": [
    0.48916227299355597
  ],
  "braycurtis": [
    0.2736873868436934
  ],
  "dice": [
    0.3237689026754556
  ],
  "cosinus": [
    0.168089819617376
  ]
}