{
  "voc_eval_res": {
    "precision": 72.2222,
    "recall": 35.6164,
    "f-score": 47.7064
  },
  "KL_res": {
    "KL divergence": 1.4137740600549176,
    "Euclidean Dist.": 0.20189576931726863,
    "WER": 0.5769230769230769,
    "CER": 0.40817223198594027,
    "Cosine Dist.": 0.048310652968768686
  },
  "occ_eval_res": {
    "precision": 73.5955,
    "recall": 62.9808,
    "f-score": 67.8756
  },
  "clean_eval": {
    "f-score": 45.23160762942779,
    "precision": 41.91919191919192,
    "recall": 49.112426035502956,
    "tp": 83,
    "fp": 115,
    "fn": 86
  },
  "jaccard": [
    0.4830985915492958
  ],
  "braycurtis": [
    0.17961962902089693
  ],
  "dice": [
    0.31847725162488394
  ],
  "cosinus": [
    0.02997718886972245
  ]
}