{
  "voc_eval_res": {
    "precision": 66.1017,
    "recall": 37.1429,
    "f-score": 47.561
  },
  "KL_res": {
    "KL divergence": 1.7626832666187435,
    "Euclidean Dist.": 0.11480611675535606,
    "WER": 0.6373333333333333,
    "CER": 0.45813953488372094,
    "Cosine Dist.": 0.10656634120170327
  },
  "occ_eval_res": {
    "precision": 62.0,
    "recall": 49.6,
    "f-score": 55.1111
  },
  "clean_eval": {
    "f-score": 28.855721393034827,
    "precision": 25.892857142857146,
    "recall": 32.58426966292135,
    "tp": 87,
    "fp": 249,
    "fn": 180
  },
  "jaccard": [
    0.482061317677756
  ],
  "braycurtis": [
    0.23924621056943876
  ],
  "dice": [
    0.3175762784701332
  ],
  "cosinus": [
    0.05056648132006891
  ]
}