{
  "voc_eval_res": {
    "precision": 57.5,
    "recall": 39.6552,
    "f-score": 46.9388
  },
  "KL_res": {
    "KL divergence": 1.1876745544730487,
    "Euclidean Dist.": 0.09581292394677578,
    "WER": 0.5725429017160687,
    "CER": 0.3561878642440864,
    "Cosine Dist.": 0.0842176527670413
  },
  "occ_eval_res": {
    "precision": 68.251,
    "recall": 56.0062,
    "f-score": 61.5253
  },
  "clean_eval": {
    "f-score": 28.59603789836348,
    "precision": 25.736434108527135,
    "recall": 32.17054263565892,
    "tp": 166,
    "fp": 479,
    "fn": 350
  },
  "jaccard": [
    0.4001260239445495
  ],
  "braycurtis": [
    0.16560214755160604
  ],
  "dice": [
    0.2500984639621898
  ],
  "cosinus": [
    0.028258555626933135
  ]
}