{
  "voc_eval_res": {
    "precision": 66.6667,
    "recall": 37.5,
    "f-score": 48.0
  },
  "KL_res": {
    "KL divergence": 3.3694255479394544,
    "Euclidean Dist.": 0.2973592575357766,
    "WER": 0.6310679611650486,
    "CER": 0.593298969072165,
    "Cosine Dist.": 0.25483572063297644
  },
  "occ_eval_res": {
    "precision": 77.0,
    "recall": 37.3786,
    "f-score": 50.3268
  },
  "clean_eval": {
    "f-score": 48.84488448844884,
    "precision": 36.27450980392157,
    "recall": 74.74747474747475,
    "tp": 74,
    "fp": 130,
    "fn": 25
  },
  "jaccard": [
    0.5581395348837209
  ],
  "braycurtis": [
    0.4424809424809425
  ],
  "dice": [
    0.3870967741935484
  ],
  "cosinus": [
    0.338290167569696
  ]
}