{
  "voc_eval_res": {
    "precision": 57.2917,
    "recall": 49.3274,
    "f-score": 53.012
  },
  "KL_res": {
    "KL divergence": 0.9149900313626564,
    "Euclidean Dist.": 0.06976381850469823,
    "WER": 0.6257197696737045,
    "CER": 0.5067810131631432,
    "Cosine Dist.": 0.03587709456096411
  },
  "occ_eval_res": {
    "precision": 68.8588,
    "recall": 68.3301,
    "f-score": 68.5934
  },
  "clean_eval": {
    "f-score": 27.282266526757603,
    "precision": 26.859504132231404,
    "recall": 27.718550106609808,
    "tp": 130,
    "fp": 354,
    "fn": 339
  },
  "jaccard": [
    0.3523086654016445
  ],
  "braycurtis": [
    0.16510550694801854
  ],
  "dice": [
    0.21381957773512475
  ],
  "cosinus": [
    0.0455581753580776
  ]
}