{
  "voc_eval_res": {
    "precision": 44.8276,
    "recall": 31.5789,
    "f-score": 37.0546
  },
  "KL_res": {
    "KL divergence": 1.8968854621170652,
    "Euclidean Dist.": 0.14760178097329058,
    "WER": 0.7484143763213531,
    "CER": 0.650709219858156,
    "Cosine Dist.": 0.2677623922583975
  },
  "occ_eval_res": {
    "precision": 46.4435,
    "recall": 46.9345,
    "f-score": 46.6877
  },
  "clean_eval": {
    "f-score": 22.746781115879827,
    "precision": 22.894168466522675,
    "recall": 22.60127931769723,
    "tp": 106,
    "fp": 357,
    "fn": 363
  },
  "jaccard": [
    0.5294438386041439
  ],
  "braycurtis": [
    0.31469951272333513
  ],
  "dice": [
    0.3600296625880608
  ],
  "cosinus": [
    0.10349812132414515
  ]
}