{
  "voc_eval_res": {
    "precision": 43.9306,
    "recall": 14.3126,
    "f-score": 21.5909
  },
  "KL_res": {
    "KL divergence": 2.4526175173030373,
    "Euclidean Dist.": 0.1853227271844402,
    "WER": 0.7650882079851439,
    "CER": 0.5793180133432172,
    "Cosine Dist.": 0.2064126711486638
  },
  "occ_eval_res": {
    "precision": 45.8392,
    "recall": 30.1764,
    "f-score": 36.3942
  },
  "clean_eval": {
    "f-score": 12.62135922330097,
    "precision": 10.379241516966067,
    "recall": 16.09907120743034,
    "tp": 104,
    "fp": 898,
    "fn": 542
  },
  "jaccard": [
    0.6390532544378699
  ],
  "braycurtis": [
    0.3682828139419323
  ],
  "dice": [
    0.46956521739130436
  ],
  "cosinus": [
    0.14840646787418132
  ]
}