{
  "voc_eval_res": {
    "precision": 37.3134,
    "recall": 17.5439,
    "f-score": 23.8663
  },
  "KL_res": {
    "KL divergence": 1.806989205862208,
    "Euclidean Dist.": 0.14616950121227265,
    "WER": 0.7655786350148368,
    "CER": 0.510115033716779,
    "Cosine Dist.": 0.1082813926719094
  },
  "occ_eval_res": {
    "precision": 49.28,
    "recall": 45.6973,
    "f-score": 47.4211
  },
  "clean_eval": {
    "f-score": 10.408921933085502,
    "precision": 9.688581314878892,
    "recall": 11.244979919678714,
    "tp": 56,
    "fp": 522,
    "fn": 442
  },
  "jaccard": [
    0.5621269669017905
  ],
  "braycurtis": [
    0.24493498639250075
  ],
  "dice": [
    0.3909433962264151
  ],
  "cosinus": [
    0.04398242853775869
  ]
}