{
  "voc_eval_res": {
    "precision": 39.8305,
    "recall": 24.2894,
    "f-score": 30.1766
  },
  "KL_res": {
    "KL divergence": 1.9665525444143837,
    "Euclidean Dist.": 0.11252618271859587,
    "WER": 0.8502139800285307,
    "CER": 0.6561398129694925,
    "Cosine Dist.": 0.08629905099502
  },
  "occ_eval_res": {
    "precision": 54.3689,
    "recall": 39.9429,
    "f-score": 46.0526
  },
  "clean_eval": {
    "f-score": 16.478751084128362,
    "precision": 14.17910447761194,
    "recall": 19.66873706004141,
    "tp": 95,
    "fp": 575,
    "fn": 388
  },
  "jaccard": [
    0.5226799833541407
  ],
  "braycurtis": [
    0.24647104114979895
  ],
  "dice": [
    0.35380281690140847
  ],
  "cosinus": [
    0.049072227325854145
  ]
}