{
  "voc_eval_res": {
    "precision": 34.1398,
    "recall": 24.3762,
    "f-score": 28.4434
  },
  "KL_res": {
    "KL divergence": 1.884533825824607,
    "Euclidean Dist.": 0.06352828315532728,
    "WER": 0.7130434782608696,
    "CER": 0.5567541458702302,
    "Cosine Dist.": 0.1311181791140308
  },
  "occ_eval_res": {
    "precision": 51.3302,
    "recall": 40.7453,
    "f-score": 45.4294
  },
  "clean_eval": {
    "f-score": 25.44674767691208,
    "precision": 22.791293213828425,
    "recall": 28.802588996763756,
    "tp": 178,
    "fp": 603,
    "fn": 440
  },
  "jaccard": [
    0.6289862587503241
  ],
  "braycurtis": [
    0.2768396185143057
  ],
  "dice": [
    0.45877458396369136
  ],
  "cosinus": [
    0.051073470142891986
  ]
}