{
  "voc_eval_res": {
    "precision": 48.7179,
    "recall": 38.0,
    "f-score": 42.6966
  },
  "KL_res": {
    "KL divergence": 1.3469468951175565,
    "Euclidean Dist.": 0.25449859046248546,
    "WER": 0.6350148367952523,
    "CER": 0.5198341146772448,
    "Cosine Dist.": 0.5002445531041468
  },
  "occ_eval_res": {
    "precision": 62.7413,
    "recall": 48.2196,
    "f-score": 54.5302
  },
  "clean_eval": {
    "f-score": 31.958762886597935,
    "precision": 28.224582701062218,
    "recall": 36.83168316831683,
    "tp": 186,
    "fp": 473,
    "fn": 319
  },
  "jaccard": [
    0.5436156763590392
  ],
  "braycurtis": [
    0.296751269035533
  ],
  "dice": [
    0.3732638888888889
  ],
  "cosinus": [
    0.2017191716808291
  ]
}