{
  "voc_eval_res": {
    "precision": 69.7531,
    "recall": 25.1111,
    "f-score": 36.9281
  },
  "KL_res": {
    "KL divergence": 1.3937734430201387,
    "Euclidean Dist.": 0.1360701959883161,
    "WER": 0.5806451612903226,
    "CER": 0.44754464285714285,
    "Cosine Dist.": 0.05170823662182933
  },
  "occ_eval_res": {
    "precision": 76.7988,
    "recall": 51.1241,
    "f-score": 61.385
  },
  "clean_eval": {
    "f-score": 20.09569377990431,
    "precision": 16.683217477656406,
    "recall": 25.263157894736842,
    "tp": 168,
    "fp": 839,
    "fn": 497
  },
  "jaccard": [
    0.5656521739130435
  ],
  "braycurtis": [
    0.23488745980707396
  ],
  "dice": [
    0.39436192785692636
  ],
  "cosinus": [
    0.051872552478885225
  ]
}