{
  "voc_eval_res": {
    "precision": 65.625,
    "recall": 28.6201,
    "f-score": 39.8577
  },
  "KL_res": {
    "KL divergence": 0.7761171990053558,
    "Euclidean Dist.": 0.24813366736836634,
    "WER": 0.6646854878652798,
    "CER": 0.4189977690063498,
    "Cosine Dist.": 0.041051447984668754
  },
  "occ_eval_res": {
    "precision": 57.8419,
    "recall": 68.4993,
    "f-score": 62.7211
  },
  "clean_eval": {
    "f-score": 20.888685295464956,
    "precision": 22.972292191435766,
    "recall": 19.151616967660647,
    "tp": 456,
    "fp": 1529,
    "fn": 1925
  },
  "jaccard": [
    0.5192857142857142
  ],
  "braycurtis": [
    0.2429367129480142
  ],
  "dice": [
    0.3506994693680656
  ],
  "cosinus": [
    0.09971108404757711
  ]
}