{
  "voc_eval_res": {
    "precision": 35.5886,
    "recall": 17.9522,
    "f-score": 23.8657
  },
  "KL_res": {
    "KL divergence": 2.491932163588255,
    "Euclidean Dist.": 0.18386283831397193,
    "WER": 0.9191962377084224,
    "CER": 0.7385937844390567,
    "Cosine Dist.": 0.7686624811330547
  },
  "occ_eval_res": {
    "precision": 26.2363,
    "recall": 24.4976,
    "f-score": 25.3372
  },
  "clean_eval": {
    "f-score": 17.381281696634392,
    "precision": 17.222476016445864,
    "recall": 17.5430432759423,
    "tp": 377,
    "fp": 1812,
    "fn": 1772
  },
  "jaccard": [
    0.5740858169520185
  ],
  "braycurtis": [
    0.36377425597573093
  ],
  "dice": [
    0.40260895345389863
  ],
  "cosinus": [
    0.2567627149334841
  ]
}