{
  "voc_eval_res": {
    "precision": 36.1299,
    "recall": 17.7881,
    "f-score": 23.8393
  },
  "KL_res": {
    "KL divergence": 2.476195417704353,
    "Euclidean Dist.": 0.19193158190784532,
    "WER": 0.9102509570395576,
    "CER": 0.7072817874939721,
    "Cosine Dist.": 0.6858750380160097
  },
  "occ_eval_res": {
    "precision": 28.1136,
    "recall": 26.1165,
    "f-score": 27.0783
  },
  "clean_eval": {
    "f-score": 15.978211529732182,
    "precision": 15.595923792645102,
    "recall": 16.37971149371801,
    "tp": 352,
    "fp": 1905,
    "fn": 1797
  },
  "jaccard": [
    0.5790226947454509
  ],
  "braycurtis": [
    0.3357568257405832
  ],
  "dice": [
    0.4074820143884892
  ],
  "cosinus": [
    0.20986181773865764
  ]
}