{
  "voc_eval_res": {
    "precision": 73.3591,
    "recall": 27.7778,
    "f-score": 40.2969
  },
  "KL_res": {
    "KL divergence": 2.222702140132612,
    "Euclidean Dist.": 0.28529198022917174,
    "WER": 0.7686759402369913,
    "CER": 0.6443478935526418,
    "Cosine Dist.": 0.6691438009976323
  },
  "occ_eval_res": {
    "precision": 74.9664,
    "recall": 28.6965,
    "f-score": 41.5052
  },
  "clean_eval": {
    "f-score": 25.491679273827533,
    "precision": 17.616309461578673,
    "recall": 46.10123119015048,
    "tp": 337,
    "fp": 1576,
    "fn": 394
  },
  "jaccard": [
    0.5337524818001324
  ],
  "braycurtis": [
    0.376591723040191
  ],
  "dice": [
    0.364026179192056
  ],
  "cosinus": [
    0.2447982784614886
  ]
}