{
  "voc_eval_res": {
    "precision": 21.4953,
    "recall": 44.7819,
    "f-score": 29.0477
  },
  "KL_res": {
    "KL divergence": 0.7167682783494053,
    "Euclidean Dist.": 0.1019646459646543,
    "WER": 0.9614748286457102,
    "CER": 0.3794084801325696,
    "Cosine Dist.": 0.3403011375534398
  },
  "occ_eval_res": {
    "precision": 41.1643,
    "recall": 60.364,
    "f-score": 48.9488
  },
  "clean_eval": {
    "f-score": 36.726577148160075,
    "precision": 46.30151377680149,
    "recall": 30.433145009416197,
    "tp": 9696,
    "fp": 11245,
    "fn": 22164
  },
  "jaccard": [
    0.7423045930701048
  ],
  "braycurtis": [
    0.2656882647644944
  ],
  "dice": [
    0.5902101486417222
  ],
  "cosinus": [
    0.06598422858592112
  ]
}