{
  "voc_eval_res": {
    "precision": 67.0455,
    "recall": 31.8059,
    "f-score": 43.1444
  },
  "KL_res": {
    "KL divergence": 1.1458120783381611,
    "Euclidean Dist.": 0.10157893888110194,
    "WER": 0.5294117647058824,
    "CER": 0.4160852001468968,
    "Cosine Dist.": 0.052863678599818
  },
  "occ_eval_res": {
    "precision": 82.7301,
    "recall": 59.5681,
    "f-score": 69.2641
  },
  "clean_eval": {
    "f-score": 17.119838872104733,
    "precision": 15.01766784452297,
    "recall": 19.906323185011708,
    "tp": 170,
    "fp": 962,
    "fn": 684
  },
  "jaccard": [
    0.5171963430561602
  ],
  "braycurtis": [
    0.22277357012274746
  ],
  "dice": [
    0.34879624192601294
  ],
  "cosinus": [
    0.12102318130575918
  ]
}