{
  "voc_eval_res": {
    "precision": 38.843,
    "recall": 39.1667,
    "f-score": 39.0041
  },
  "KL_res": {
    "KL divergence": 1.7129646938591956,
    "Euclidean Dist.": 0.05449687599183729,
    "WER": 0.792156862745098,
    "CER": 0.6205714285714286,
    "Cosine Dist.": 0.07692450684669494
  },
  "occ_eval_res": {
    "precision": 47.646,
    "recall": 49.6078,
    "f-score": 48.6071
  },
  "clean_eval": {
    "f-score": 32.04081632653061,
    "precision": 32.708333333333336,
    "recall": 31.4,
    "tp": 157,
    "fp": 323,
    "fn": 343
  },
  "jaccard": [
    0.4767932489451477
  ],
  "braycurtis": [
    0.21892864704636883
  ],
  "dice": [
    0.31301939058171746
  ],
  "cosinus": [
    0.02863297143650312
  ]
}