{
  "voc_eval_res": {
    "precision": 13.4328,
    "recall": 15.2542,
    "f-score": 14.2857
  },
  "KL_res": {
    "KL divergence": 4.673973478556,
    "Euclidean Dist.": 0.17023930519491787,
    "WER": 1.106060606060606,
    "CER": 0.8652291105121294,
    "Cosine Dist.": 0.4248217210273162
  },
  "occ_eval_res": {
    "precision": 17.7215,
    "recall": 21.2121,
    "f-score": 19.3103
  },
  "clean_eval": {
    "f-score": 11.76470588235294,
    "precision": 13.333333333333334,
    "recall": 10.526315789473683,
    "tp": 8,
    "fp": 52,
    "fn": 68
  },
  "jaccard": [
    0.6089266737513284
  ],
  "braycurtis": [
    0.39912039582188014
  ],
  "dice": [
    0.4377387318563789
  ],
  "cosinus": [
    0.13952618116530036
  ]
}