{
  "voc_eval_res": {
    "precision": 61.7247,
    "recall": 46.8966,
    "f-score": 53.2985
  },
  "KL_res": {
    "KL divergence": 0.4544992947119387,
    "Euclidean Dist.": 0.02932133535237495,
    "WER": 0.43475343844347536,
    "CER": 0.2767714884696017,
    "Cosine Dist.": 0.01646231427378786
  },
  "occ_eval_res": {
    "precision": 79.3128,
    "recall": 74.3375,
    "f-score": 76.7446
  },
  "clean_eval": {
    "f-score": 48.355825888614326,
    "precision": 46.971935007385525,
    "recall": 49.82373678025852,
    "tp": 1272,
    "fp": 1436,
    "fn": 1281
  },
  "jaccard": [
    0.39043921378306234
  ],
  "braycurtis": [
    0.09771371558367122
  ],
  "dice": [
    0.24257500376903363
  ],
  "cosinus": [
    0.010462475433250629
  ]
}