{
  "voc_eval_res": {
    "precision": 57.1212,
    "recall": 59.9364,
    "f-score": 58.495
  },
  "KL_res": {
    "KL divergence": 0.7886470300046099,
    "Euclidean Dist.": 0.1079420655471958,
    "WER": 0.5955441302485004,
    "CER": 0.48179059180576633,
    "Cosine Dist.": 0.1176911457674561
  },
  "occ_eval_res": {
    "precision": 64.6472,
    "recall": 72.2365,
    "f-score": 68.2315
  },
  "clean_eval": {
    "f-score": 41.582491582491585,
    "precision": 43.96973742768135,
    "recall": 39.44111776447106,
    "tp": 988,
    "fp": 1259,
    "fn": 1517
  },
  "jaccard": [
    0.3399055817828381
  ],
  "braycurtis": [
    0.1701192268176714
  ],
  "dice": [
    0.20475075276012045
  ],
  "cosinus": [
    0.08236844467775084
  ]
}