{
  "voc_eval_res": {
    "precision": 50.8073,
    "recall": 47.342,
    "f-score": 49.0135
  },
  "KL_res": {
    "KL divergence": 0.8492911494336821,
    "Euclidean Dist.": 0.06161346269306258,
    "WER": 0.565726083964212,
    "CER": 0.3440868738110336,
    "Cosine Dist.": 0.11362868084046562
  },
  "occ_eval_res": {
    "precision": 63.6181,
    "recall": 65.3476,
    "f-score": 64.4712
  },
  "clean_eval": {
    "f-score": 43.353783231083845,
    "precision": 44.1207075962539,
    "recall": 42.61306532663316,
    "tp": 1272,
    "fp": 1611,
    "fn": 1713
  },
  "jaccard": [
    0.31493099121706397
  ],
  "braycurtis": [
    0.11262048251899257
  ],
  "dice": [
    0.18689501116902457
  ],
  "cosinus": [
    0.022025095772904568
  ]
}