{
  "voc_eval_res": {
    "precision": 63.8519,
    "recall": 64.9096,
    "f-score": 64.3764
  },
  "KL_res": {
    "KL divergence": 0.5945358579594674,
    "Euclidean Dist.": 0.06903181523140675,
    "WER": 0.40143737166324434,
    "CER": 0.2528509848856878,
    "Cosine Dist.": 0.10298189181030626
  },
  "occ_eval_res": {
    "precision": 70.4788,
    "recall": 77.8234,
    "f-score": 73.9693
  },
  "clean_eval": {
    "f-score": 63.98270737638476,
    "precision": 66.93046919163369,
    "recall": 61.28364389233955,
    "tp": 1184,
    "fp": 585,
    "fn": 748
  },
  "jaccard": [
    0.2444759206798867
  ],
  "braycurtis": [
    0.10388899032316962
  ],
  "dice": [
    0.1392609327093755
  ],
  "cosinus": [
    0.022196068023092708
  ]
}