{
  "voc_eval_res": {
    "precision": 76.5494,
    "recall": 47.7534,
    "f-score": 58.816
  },
  "KL_res": {
    "KL divergence": 1.2080529789701222,
    "Euclidean Dist.": 0.06736943794842752,
    "WER": 0.5328009127210497,
    "CER": 0.38070888203978703,
    "Cosine Dist.": 0.13583948861272
  },
  "occ_eval_res": {
    "precision": 75.774,
    "recall": 55.8471,
    "f-score": 64.3021
  },
  "clean_eval": {
    "f-score": 54.45344129554657,
    "precision": 47.27592267135325,
    "recall": 64.20047732696898,
    "tp": 807,
    "fp": 900,
    "fn": 450
  },
  "jaccard": [
    0.3605927552140505
  ],
  "braycurtis": [
    0.13767434865972406
  ],
  "dice": [
    0.219953130231001
  ],
  "cosinus": [
    0.023604479420701763
  ]
}