{
  "voc_eval_res": {
    "precision": 14.6552,
    "recall": 4.2079,
    "f-score": 6.5385
  },
  "KL_res": {
    "KL divergence": 4.2800889571260035,
    "Euclidean Dist.": 0.4396448013426217,
    "WER": 0.9154013015184381,
    "CER": 0.7019147084421236,
    "Cosine Dist.": 0.44630381057729307
  },
  "occ_eval_res": {
    "precision": 16.9591,
    "recall": 12.5813,
    "f-score": 14.4458
  },
  "clean_eval": {
    "f-score": 2.0592020592020592,
    "precision": 1.7937219730941705,
    "recall": 2.416918429003021,
    "tp": 8,
    "fp": 438,
    "fn": 323
  },
  "jaccard": [
    0.6964195663136662
  ],
  "braycurtis": [
    0.5403446389496718
  ],
  "dice": [
    0.5342359767891682
  ],
  "cosinus": [
    0.3680779903768274
  ]
}