{
  "voc_eval_res": {
    "precision": 82.4176,
    "recall": 56.8182,
    "f-score": 67.2646
  },
  "KL_res": {
    "KL divergence": 0.9210603265365319,
    "Euclidean Dist.": 0.10366747723928847,
    "WER": 0.42436974789915966,
    "CER": 0.36225975538730343,
    "Cosine Dist.": 0.02824134970175074
  },
  "occ_eval_res": {
    "precision": 81.6327,
    "recall": 67.2269,
    "f-score": 73.7327
  },
  "clean_eval": {
    "f-score": 64.9616368286445,
    "precision": 58.79629629629629,
    "recall": 72.57142857142857,
    "tp": 127,
    "fp": 89,
    "fn": 48
  },
  "jaccard": [
    0.3403093721565059
  ],
  "braycurtis": [
    0.19344675488342786
  ],
  "dice": [
    0.2050438596491228
  ],
  "cosinus": [
    0.03771115260919511
  ]
}