{
  "voc_eval_res": {
    "precision": 7.7982,
    "recall": 0.5759,
    "f-score": 1.0726
  },
  "KL_res": {
    "KL divergence": 3.995409862636456,
    "Euclidean Dist.": 0.19219754694521668,
    "WER": 0.9929873772791024,
    "CER": 0.8897114585966559,
    "Cosine Dist.": 0.9618241612885275
  },
  "occ_eval_res": {
    "precision": 7.2581,
    "recall": 0.8415,
    "f-score": 1.5082
  },
  "clean_eval": {
    "f-score": 0.04405286343612335,
    "precision": 0.024673081667900318,
    "recall": 0.20533880903490762,
    "tp": 1,
    "fp": 4052,
    "fn": 486
  },
  "jaccard": [
    0.8130143540669856
  ],
  "braycurtis": [
    0.8064566340825602
  ],
  "dice": [
    0.6849403418252177
  ],
  "cosinus": [
    0.28812726090098695
  ]
}