{
  "voc_eval_res": {
    "precision": 9.1429,
    "recall": 0.542,
    "f-score": 1.0233
  },
  "KL_res": {
    "KL divergence": 3.895432280860784,
    "Euclidean Dist.": 0.15081917032769215,
    "WER": 0.9934548854604955,
    "CER": 0.9206601422844968,
    "Cosine Dist.": 0.9346703922428226
  },
  "occ_eval_res": {
    "precision": 11.1821,
    "recall": 0.8181,
    "f-score": 1.5247
  },
  "clean_eval": {
    "f-score": 0.04592422502870264,
    "precision": 0.024673081667900318,
    "recall": 0.33112582781456956,
    "tp": 1,
    "fp": 4052,
    "fn": 301
  },
  "jaccard": [
    0.8280155642023346
  ],
  "braycurtis": [
    0.858416292536925
  ],
  "dice": [
    0.7065073041168659
  ],
  "cosinus": [
    0.23901647655484692
  ]
}