{
  "voc_eval_res": {
    "precision": 86.8132,
    "recall": 63.7097,
    "f-score": 73.4884
  },
  "KL_res": {
    "KL divergence": 0.7458554437545795,
    "Euclidean Dist.": 0.09135273379777065,
    "WER": 0.35833333333333334,
    "CER": 0.2948345908299478,
    "Cosine Dist.": 0.01919870448402372
  },
  "occ_eval_res": {
    "precision": 87.7551,
    "recall": 71.6667,
    "f-score": 78.8991
  },
  "clean_eval": {
    "f-score": 72.3076923076923,
    "precision": 65.58139534883722,
    "recall": 80.57142857142857,
    "tp": 141,
    "fp": 74,
    "fn": 34
  },
  "jaccard": [
    0.243680485338726
  ],
  "braycurtis": [
    0.1575795776867318
  ],
  "dice": [
    0.13874496257915947
  ],
  "cosinus": [
    0.031311311499224836
  ]
}