{
  "voc_eval_res": {
    "precision": 46.2963,
    "recall": 39.3701,
    "f-score": 42.5532
  },
  "KL_res": {
    "KL divergence": 0.9359556534371003,
    "Euclidean Dist.": 0.07647142066750479,
    "WER": 0.5777126099706745,
    "CER": 0.5401950891355534,
    "Cosine Dist.": 0.011734808283062614
  },
  "occ_eval_res": {
    "precision": 72.4551,
    "recall": 70.9677,
    "f-score": 71.7037
  },
  "clean_eval": {
    "f-score": 12.158054711246201,
    "precision": 12.012012012012011,
    "recall": 12.307692307692308,
    "tp": 40,
    "fp": 293,
    "fn": 285
  },
  "jaccard": [
    0.44146341463414634
  ],
  "braycurtis": [
    0.18586708749780817
  ],
  "dice": [
    0.28325508607198746
  ],
  "cosinus": [
    0.02547271494072023
  ]
}