{
  "voc_eval_res": {
    "precision": 8.4255,
    "recall": 22.1443,
    "f-score": 12.2066
  },
  "KL_res": {
    "KL divergence": 1.2735293131431822,
    "Euclidean Dist.": 0.11451608033977344,
    "WER": 1.152493500354526,
    "CER": 0.5332234590583235,
    "Cosine Dist.": 0.41412692853054067
  },
  "occ_eval_res": {
    "precision": 26.3748,
    "recall": 37.1354,
    "f-score": 30.8435
  },
  "clean_eval": {
    "f-score": 13.957351533864182,
    "precision": 18.45661620743995,
    "recall": 11.221764125195982,
    "tp": 3865,
    "fp": 17076,
    "fn": 30577
  },
  "jaccard": [
    0.7788781624500666
  ],
  "braycurtis": [
    0.3843245063658128
  ],
  "dice": [
    0.6378382062291283
  ],
  "cosinus": [
    0.18941083935955938
  ]
}