{
  "voc_eval_res": {
    "precision": 11.9683,
    "recall": 29.5425,
    "f-score": 17.0352
  },
  "KL_res": {
    "KL divergence": 0.923097096393773,
    "Euclidean Dist.": 0.06908340497876435,
    "WER": 0.7987618190004503,
    "CER": 0.39747889587789353,
    "Cosine Dist.": 0.19608744784337384
  },
  "occ_eval_res": {
    "precision": 35.905,
    "recall": 37.5394,
    "f-score": 36.704
  },
  "clean_eval": {
    "f-score": 18.04986224044083,
    "precision": 18.21099258723558,
    "recall": 17.89155823970869,
    "tp": 8058,
    "fp": 36190,
    "fn": 36980
  },
  "jaccard": [
    0.7326459365105139
  ],
  "braycurtis": [
    0.2747465391391895
  ],
  "dice": [
    0.5780909673286355
  ],
  "cosinus": [
    0.06205267616792243
  ]
}