{
  "voc_eval_res": {
    "precision": 9.7701,
    "recall": 1.0,
    "f-score": 1.8143
  },
  "KL_res": {
    "KL divergence": 4.123059091581823,
    "Euclidean Dist.": 0.1927336333248135,
    "WER": 0.9823747680890538,
    "CER": 0.838278285749829,
    "Cosine Dist.": 0.776130629961975
  },
  "occ_eval_res": {
    "precision": 10.251,
    "recall": 2.2727,
    "f-score": 3.7206
  },
  "clean_eval": {
    "f-score": 0.7293354943273906,
    "precision": 0.4502251125562781,
    "recall": 1.9189765458422177,
    "tp": 9,
    "fp": 1990,
    "fn": 460
  },
  "jaccard": [
    0.7920512820512821
  ],
  "braycurtis": [
    0.7291563398433627
  ],
  "dice": [
    0.6556994268732753
  ],
  "cosinus": [
    0.37326289392630974
  ]
}