{
  "voc_eval_res": {
    "precision": 13.7931,
    "recall": 0.9202,
    "f-score": 1.7254
  },
  "KL_res": {
    "KL divergence": 4.365473065116946,
    "Euclidean Dist.": 0.2277964798471227,
    "WER": 0.9850136239782016,
    "CER": 0.8977944187679167,
    "Cosine Dist.": 0.8742679316777945
  },
  "occ_eval_res": {
    "precision": 7.9618,
    "recall": 1.703,
    "f-score": 2.8058
  },
  "clean_eval": {
    "f-score": 0.7467330429371499,
    "precision": 0.4629629629629629,
    "recall": 1.929260450160772,
    "tp": 6,
    "fp": 1290,
    "fn": 305
  },
  "jaccard": [
    0.8711279262236935
  ],
  "braycurtis": [
    0.8119235668789809
  ],
  "dice": [
    0.7716799329702555
  ],
  "cosinus": [
    0.36715374747093976
  ]
}