{
  "voc_eval_res": {
    "precision": 71.3775,
    "recall": 54.8077,
    "f-score": 62.0047
  },
  "KL_res": {
    "KL divergence": 0.7466701081366367,
    "Euclidean Dist.": 0.0423413750293446,
    "WER": 0.4852835606604451,
    "CER": 0.3134944018856806,
    "Cosine Dist.": 0.03389464644571316
  },
  "occ_eval_res": {
    "precision": 72.655,
    "recall": 65.6138,
    "f-score": 68.9551
  },
  "clean_eval": {
    "f-score": 59.10828025477707,
    "precision": 56.401944894651535,
    "recall": 62.08742194469223,
    "tp": 696,
    "fp": 538,
    "fn": 425
  },
  "jaccard": [
    0.30994152046783624
  ],
  "braycurtis": [
    0.10363930793488452
  ],
  "dice": [
    0.18339100346020762
  ],
  "cosinus": [
    0.00833462374972882
  ]
}