{
  "voc_eval_res": {
    "precision": 36.2069,
    "recall": 23.4201,
    "f-score": 28.4424
  },
  "KL_res": {
    "KL divergence": 2.4645207983829645,
    "Euclidean Dist.": 0.16088141851988716,
    "WER": 0.8068833652007649,
    "CER": 0.7050376647834274,
    "Cosine Dist.": 0.28544024377616306
  },
  "occ_eval_res": {
    "precision": 41.6318,
    "recall": 38.0497,
    "f-score": 39.7602
  },
  "clean_eval": {
    "f-score": 13.415892672858618,
    "precision": 13.0,
    "recall": 13.859275053304904,
    "tp": 65,
    "fp": 435,
    "fn": 404
  },
  "jaccard": [
    0.5487804878048781
  ],
  "braycurtis": [
    0.3710440160058203
  ],
  "dice": [
    0.37815126050420167
  ],
  "cosinus": [
    0.23608798418335863
  ]
}