{
  "voc_eval_res": {
    "precision": 74.3363,
    "recall": 34.4262,
    "f-score": 47.0588
  },
  "KL_res": {
    "KL divergence": 1.6231617616674447,
    "Euclidean Dist.": 0.1362725460798414,
    "WER": 0.5635964912280702,
    "CER": 0.43184559710494574,
    "Cosine Dist.": 0.1372194222000479
  },
  "occ_eval_res": {
    "precision": 76.7123,
    "recall": 49.1228,
    "f-score": 59.893
  },
  "clean_eval": {
    "f-score": 34.806629834254146,
    "precision": 28.57142857142857,
    "recall": 44.522968197879855,
    "tp": 126,
    "fp": 315,
    "fn": 157
  },
  "jaccard": [
    0.4582806573957016
  ],
  "braycurtis": [
    0.23307745987438938
  ],
  "dice": [
    0.2972529725297253
  ],
  "cosinus": [
    0.05530059438168056
  ]
}