{
  "voc_eval_res": {
    "precision": 51.2195,
    "recall": 6.1947,
    "f-score": 11.0526
  },
  "KL_res": {
    "KL divergence": 5.283245439236955,
    "Euclidean Dist.": 0.21850111196998973,
    "WER": 0.9503722084367245,
    "CER": 0.849015317286652,
    "Cosine Dist.": 0.7644765632169355
  },
  "occ_eval_res": {
    "precision": 50.0,
    "recall": 6.2035,
    "f-score": 11.0375
  },
  "clean_eval": {
    "f-score": 12.021857923497265,
    "precision": 6.896551724137931,
    "recall": 46.808510638297875,
    "tp": 22,
    "fp": 297,
    "fn": 25
  },
  "jaccard": [
    0.8116205174761688
  ],
  "braycurtis": [
    0.7120636017974421
  ],
  "dice": [
    0.6829640947288006
  ],
  "cosinus": [
    0.2515266951726589
  ]
}