{
  "voc_eval_res": {
    "precision": 64.7059,
    "recall": 57.8947,
    "f-score": 61.1111
  },
  "KL_res": {
    "KL divergence": 1.0307742232707828,
    "Euclidean Dist.": 0.0830788534727337,
    "WER": 0.4222222222222222,
    "CER": 0.3019455252918288,
    "Cosine Dist.": 0.02987235724743542
  },
  "occ_eval_res": {
    "precision": 72.8682,
    "recall": 69.6296,
    "f-score": 71.2121
  },
  "clean_eval": {
    "f-score": 65.85365853658537,
    "precision": 63.28125,
    "recall": 68.64406779661016,
    "tp": 81,
    "fp": 47,
    "fn": 37
  },
  "jaccard": [
    0.3569060773480663
  ],
  "braycurtis": [
    0.1583887368009386
  ],
  "dice": [
    0.2172158708809684
  ],
  "cosinus": [
    0.021792814804514782
  ]
}