{
  "voc_eval_res": {
    "precision": 65.2174,
    "recall": 58.8235,
    "f-score": 61.8557
  },
  "KL_res": {
    "KL divergence": 1.1536516759365245,
    "Euclidean Dist.": 0.2894963574085987,
    "WER": 0.7127659574468085,
    "CER": 0.37129690585911784,
    "Cosine Dist.": 0.23442760519242212
  },
  "occ_eval_res": {
    "precision": 55.6522,
    "recall": 68.0851,
    "f-score": 61.244
  },
  "clean_eval": {
    "f-score": 39.8034398034398,
    "precision": 45.0,
    "recall": 35.68281938325991,
    "tp": 81,
    "fp": 99,
    "fn": 146
  },
  "jaccard": [
    0.3868274582560297
  ],
  "braycurtis": [
    0.22369668246445498
  ],
  "dice": [
    0.23979298447383554
  ],
  "cosinus": [
    0.15253481352264275
  ]
}