{
  "voc_eval_res": {
    "precision": 43.2836,
    "recall": 46.7742,
    "f-score": 44.9612
  },
  "KL_res": {
    "KL divergence": 2.2816201356593915,
    "Euclidean Dist.": 0.1233420655189197,
    "WER": 0.8611111111111112,
    "CER": 0.6788154897494305,
    "Cosine Dist.": 0.19910008242845867
  },
  "occ_eval_res": {
    "precision": 46.8354,
    "recall": 51.3889,
    "f-score": 49.0066
  },
  "clean_eval": {
    "f-score": 41.666666666666664,
    "precision": 44.11764705882353,
    "recall": 39.473684210526315,
    "tp": 30,
    "fp": 38,
    "fn": 46
  },
  "jaccard": [
    0.47123893805309736
  ],
  "braycurtis": [
    0.2501278772378517
  ],
  "dice": [
    0.30824891461649784
  ],
  "cosinus": [
    0.04269827122413361
  ]
}