{
  "voc_eval_res": {
    "precision": 82.1429,
    "recall": 53.4884,
    "f-score": 64.7887
  },
  "KL_res": {
    "KL divergence": 0.46353014007541377,
    "Euclidean Dist.": 0.057004087798500885,
    "WER": 0.49914236706689535,
    "CER": 0.4686034658511723,
    "Cosine Dist.": 0.007908133190368871
  },
  "occ_eval_res": {
    "precision": 92.1541,
    "recall": 55.4031,
    "f-score": 69.2019
  },
  "clean_eval": {
    "f-score": 35.03569467325645,
    "precision": 27.957931638913237,
    "recall": 46.911764705882355,
    "tp": 319,
    "fp": 822,
    "fn": 361
  },
  "jaccard": [
    0.3263157894736842
  ],
  "braycurtis": [
    0.26187013972308276
  ],
  "dice": [
    0.1949685534591195
  ],
  "cosinus": [
    0.008589870027269186
  ]
}