{
  "voc_eval_res": {
    "precision": 53.125,
    "recall": 44.9339,
    "f-score": 48.6874
  },
  "KL_res": {
    "KL divergence": 1.4233058341465241,
    "Euclidean Dist.": 0.13711554798358594,
    "WER": 0.6418685121107266,
    "CER": 0.548032021347565,
    "Cosine Dist.": 0.15659246465583576
  },
  "occ_eval_res": {
    "precision": 67.5048,
    "recall": 60.3806,
    "f-score": 63.7443
  },
  "clean_eval": {
    "f-score": 25.196850393700785,
    "precision": 23.40036563071298,
    "recall": 27.292110874200425,
    "tp": 128,
    "fp": 419,
    "fn": 341
  },
  "jaccard": [
    0.36792452830188677
  ],
  "braycurtis": [
    0.24354899027673896
  ],
  "dice": [
    0.2254335260115607
  ],
  "cosinus": [
    0.16834185408935598
  ]
}