{
  "voc_eval_res": {
    "precision": 76.9912,
    "recall": 36.4017,
    "f-score": 49.4318
  },
  "KL_res": {
    "KL divergence": 1.5587911377039143,
    "Euclidean Dist.": 0.1305130831957906,
    "WER": 0.5416666666666666,
    "CER": 0.42454441913439633,
    "Cosine Dist.": 0.12223701526765374
  },
  "occ_eval_res": {
    "precision": 82.8767,
    "recall": 50.4167,
    "f-score": 62.6943
  },
  "clean_eval": {
    "f-score": 32.62599469496021,
    "precision": 26.11464968152866,
    "recall": 43.46289752650176,
    "tp": 123,
    "fp": 348,
    "fn": 160
  },
  "jaccard": [
    0.4418300653594771
  ],
  "braycurtis": [
    0.23827993254637436
  ],
  "dice": [
    0.2835570469798658
  ],
  "cosinus": [
    0.05539721408996923
  ]
}