{
  "voc_eval_res": {
    "precision": 7.7778,
    "recall": 5.0909,
    "f-score": 6.1538
  },
  "KL_res": {
    "KL divergence": 4.520536848099451,
    "Euclidean Dist.": 0.12928260654893273,
    "WER": 0.9688385269121813,
    "CER": 0.8018246325392803,
    "Cosine Dist.": 0.6596219813333786
  },
  "occ_eval_res": {
    "precision": 11.8421,
    "recall": 7.6487,
    "f-score": 9.2943
  },
  "clean_eval": {
    "f-score": 1.9267822736030826,
    "precision": 1.5197568389057752,
    "recall": 2.631578947368421,
    "tp": 5,
    "fp": 324,
    "fn": 185
  },
  "jaccard": [
    0.8288793103448275
  ],
  "braycurtis": [
    0.6987325316867078
  ],
  "dice": [
    0.7077659182922341
  ],
  "cosinus": [
    0.45553709627708416
  ]
}