{
  "voc_eval_res": {
    "precision": 2.6515,
    "recall": 12.7273,
    "f-score": 4.3887
  },
  "KL_res": {
    "KL divergence": 3.2681406028662976,
    "Euclidean Dist.": 0.21688047391202958,
    "WER": 4.209621993127148,
    "CER": 4.205479452054795,
    "Cosine Dist.": 0.4365147417342632
  },
  "occ_eval_res": {
    "precision": 6.0109,
    "recall": 26.4605,
    "f-score": 9.7964
  },
  "clean_eval": {
    "f-score": 0.6046863189720332,
    "precision": 1.4285714285714286,
    "recall": 0.38350910834132307,
    "tp": 4,
    "fp": 276,
    "fn": 1039
  },
  "jaccard": [
    0.8810530361260569
  ],
  "braycurtis": [
    0.7899723647848401
  ],
  "dice": [
    0.7873948136699296
  ],
  "cosinus": [
    0.36421871274674067
  ]
}