{
  "voc_eval_res": {
    "precision": 81.6,
    "recall": 39.3822,
    "f-score": 53.125
  },
  "KL_res": {
    "KL divergence": 2.9187798436745993,
    "Euclidean Dist.": 0.5876187035773459,
    "WER": 0.8111675126903554,
    "CER": 0.6041299420800806,
    "Cosine Dist.": 0.7780195263516594
  },
  "occ_eval_res": {
    "precision": 83.7004,
    "recall": 19.2893,
    "f-score": 31.3531
  },
  "clean_eval": {
    "f-score": 21.753794266441822,
    "precision": 13.340227507755948,
    "recall": 58.9041095890411,
    "tp": 129,
    "fp": 838,
    "fn": 90
  },
  "jaccard": [
    0.4551122194513716
  ],
  "braycurtis": [
    0.4815451986237097
  ],
  "dice": [
    0.29459241323648105
  ],
  "cosinus": [
    0.7095755446309158
  ]
}