{
  "voc_eval_res": {
    "precision": 86.8132,
    "recall": 51.2987,
    "f-score": 64.4898
  },
  "KL_res": {
    "KL divergence": 2.366730606871259,
    "Euclidean Dist.": 0.26879019702058193,
    "WER": 0.5271867612293144,
    "CER": 0.6205649717514125,
    "Cosine Dist.": 0.31375405010633217
  },
  "occ_eval_res": {
    "precision": 89.1667,
    "recall": 50.591,
    "f-score": 64.5551
  },
  "clean_eval": {
    "f-score": 43.05343511450381,
    "precision": 33.73205741626794,
    "recall": 59.49367088607595,
    "tp": 141,
    "fp": 277,
    "fn": 96
  },
  "jaccard": [
    0.4512372634643377
  ],
  "braycurtis": [
    0.4616446762810678
  ],
  "dice": [
    0.29135338345864664
  ],
  "cosinus": [
    0.4935921229662662
  ]
}