{
  "voc_eval_res": {
    "precision": 54.4,
    "recall": 33.1707,
    "f-score": 41.2121
  },
  "KL_res": {
    "KL divergence": 2.2755151611423226,
    "Euclidean Dist.": 0.11292208716962891,
    "WER": 0.6463414634146342,
    "CER": 0.4962962962962963,
    "Cosine Dist.": 0.09128480418783524
  },
  "occ_eval_res": {
    "precision": 63.4361,
    "recall": 43.9024,
    "f-score": 51.8919
  },
  "clean_eval": {
    "f-score": 35.79335793357934,
    "precision": 30.030959752321984,
    "recall": 44.29223744292237,
    "tp": 97,
    "fp": 226,
    "fn": 122
  },
  "jaccard": [
    0.5379825653798257
  ],
  "braycurtis": [
    0.26897069872276486
  ],
  "dice": [
    0.3679727427597956
  ],
  "cosinus": [
    0.06132660577534643
  ]
}