{
  "voc_eval_res": {
    "precision": 19.673,
    "recall": 4.2044,
    "f-score": 6.9282
  },
  "KL_res": {
    "KL divergence": 1.1975356569487405,
    "Euclidean Dist.": 0.1244527596919018,
    "WER": 0.9516393442622951,
    "CER": 0.8397120074701134,
    "Cosine Dist.": 0.35493424912698024
  },
  "occ_eval_res": {
    "precision": 47.0437,
    "recall": 17.0437,
    "f-score": 25.0221
  },
  "clean_eval": {
    "f-score": 0.28579152666743907,
    "precision": 0.19630730050933784,
    "recall": 0.525195173882186,
    "tp": 37,
    "fp": 18811,
    "fn": 7008
  },
  "jaccard": [
    0.8756978501588477
  ],
  "braycurtis": [
    0.7255569950258305
  ],
  "dice": [
    0.7788812378261227
  ],
  "cosinus": [
    0.41476127532074447
  ]
}