{
  "voc_eval_res": {
    "precision": 50.3597,
    "recall": 46.0526,
    "f-score": 48.11
  },
  "KL_res": {
    "KL divergence": 0.6656493981649898,
    "Euclidean Dist.": 0.058828689171486925,
    "WER": 0.6658385093167701,
    "CER": 0.5654696565783284,
    "Cosine Dist.": 0.028830779248110505
  },
  "occ_eval_res": {
    "precision": 66.0314,
    "recall": 73.1677,
    "f-score": 69.4166
  },
  "clean_eval": {
    "f-score": 24.984462399005597,
    "precision": 26.58730158730159,
    "recall": 23.563892145369287,
    "tp": 201,
    "fp": 555,
    "fn": 652
  },
  "jaccard": [
    0.4044776119402985
  ],
  "braycurtis": [
    0.16363108627820913
  ],
  "dice": [
    0.25350795135640786
  ],
  "cosinus": [
    0.017298981755015097
  ]
}