{
  "voc_eval_res": {
    "precision": 67.2862,
    "recall": 38.758,
    "f-score": 49.1848
  },
  "KL_res": {
    "KL divergence": 2.124347424701302,
    "Euclidean Dist.": 0.3952876030849464,
    "WER": 0.8382458662832495,
    "CER": 0.6638787878787878,
    "Cosine Dist.": 0.7804021845002882
  },
  "occ_eval_res": {
    "precision": 43.0556,
    "recall": 37.8864,
    "f-score": 40.3059
  },
  "clean_eval": {
    "f-score": 22.22222222222222,
    "precision": 19.37639198218263,
    "recall": 26.047904191616766,
    "tp": 261,
    "fp": 1086,
    "fn": 741
  },
  "jaccard": [
    0.4546881129854845
  ],
  "braycurtis": [
    0.374733774240556
  ],
  "dice": [
    0.29423711601929425
  ],
  "cosinus": [
    0.44769427124529837
  ]
}