{
  "voc_eval_res": {
    "precision": 55.2239,
    "recall": 31.3559,
    "f-score": 40.0
  },
  "KL_res": {
    "KL divergence": 1.2143767007869135,
    "Euclidean Dist.": 0.11986940842432733,
    "WER": 0.644640234948605,
    "CER": 0.4679783176069062,
    "Cosine Dist.": 0.06816816654069136
  },
  "occ_eval_res": {
    "precision": 64.96,
    "recall": 59.6182,
    "f-score": 62.1746
  },
  "clean_eval": {
    "f-score": 20.05623242736645,
    "precision": 18.804920913884008,
    "recall": 21.485943775100402,
    "tp": 107,
    "fp": 462,
    "fn": 391
  },
  "jaccard": [
    0.5
  ],
  "braycurtis": [
    0.19841833113657104
  ],
  "dice": [
    0.3333333333333333
  ],
  "cosinus": [
    0.03382241211511949
  ]
}