{
  "voc_eval_res": {
    "precision": 67.9144,
    "recall": 30.7506,
    "f-score": 42.3333
  },
  "KL_res": {
    "KL divergence": 1.4760421508365233,
    "Euclidean Dist.": 0.1679693871114733,
    "WER": 0.7461459403905447,
    "CER": 0.5780020975353959,
    "Cosine Dist.": 0.20381137459186682
  },
  "occ_eval_res": {
    "precision": 53.8616,
    "recall": 55.1901,
    "f-score": 54.5178
  },
  "clean_eval": {
    "f-score": 26.130099228224918,
    "precision": 25.0,
    "recall": 27.367205542725177,
    "tp": 237,
    "fp": 711,
    "fn": 629
  },
  "jaccard": [
    0.5138422818791947
  ],
  "braycurtis": [
    0.28484225406412644
  ],
  "dice": [
    0.3457521874117979
  ],
  "cosinus": [
    0.11710790222923773
  ]
}