{
  "voc_eval_res": {
    "precision": 13.3028,
    "recall": 1.0741,
    "f-score": 1.9877
  },
  "KL_res": {
    "KL divergence": 4.0391019121385625,
    "Euclidean Dist.": 0.18757828877356536,
    "WER": 0.9909584086799277,
    "CER": 0.8830653011954364,
    "Cosine Dist.": 0.9461380561482866
  },
  "occ_eval_res": {
    "precision": 10.664,
    "recall": 1.3692,
    "f-score": 2.4267
  },
  "clean_eval": {
    "f-score": 0.04795013186286263,
    "precision": 0.027151778441487917,
    "recall": 0.20491803278688525,
    "tp": 1,
    "fp": 3682,
    "fn": 487
  },
  "jaccard": [
    0.7944223107569721
  ],
  "braycurtis": [
    0.7907108185384667
  ],
  "dice": [
    0.658955717118308
  ],
  "cosinus": [
    0.2834850601011848
  ]
}