{
  "voc_eval_res": {
    "precision": 35.7143,
    "recall": 14.2857,
    "f-score": 20.4082
  },
  "KL_res": {
    "KL divergence": 2.5917999400204,
    "Euclidean Dist.": 0.3688985665436218,
    "WER": 0.7975,
    "CER": 0.6053550640279395,
    "Cosine Dist.": 0.42292519017873764
  },
  "occ_eval_res": {
    "precision": 60.9195,
    "recall": 26.5,
    "f-score": 36.9338
  },
  "clean_eval": {
    "f-score": 12.455516014234876,
    "precision": 8.883248730964468,
    "recall": 20.833333333333336,
    "tp": 35,
    "fp": 359,
    "fn": 133
  },
  "jaccard": [
    0.6748971193415638
  ],
  "braycurtis": [
    0.40059073287797675
  ],
  "dice": [
    0.5093167701863354
  ],
  "cosinus": [
    0.16174749729549265
  ]
}