{
  "voc_eval_res": {
    "precision": 39.6552,
    "recall": 8.9494,
    "f-score": 14.6032
  },
  "KL_res": {
    "KL divergence": 2.8136256981414904,
    "Euclidean Dist.": 0.3242721435702069,
    "WER": 0.8138686131386861,
    "CER": 0.5808394160583942,
    "Cosine Dist.": 0.42128002950756627
  },
  "occ_eval_res": {
    "precision": 51.0714,
    "recall": 26.0949,
    "f-score": 34.5411
  },
  "clean_eval": {
    "f-score": 3.864734299516908,
    "precision": 2.9197080291970803,
    "recall": 5.714285714285714,
    "tp": 16,
    "fp": 532,
    "fn": 264
  },
  "jaccard": [
    0.6431888544891641
  ],
  "braycurtis": [
    0.3780444338838066
  ],
  "dice": [
    0.4740444951511694
  ],
  "cosinus": [
    0.09161325968646605
  ]
}