{
  "voc_eval_res": {
    "precision": 58.1395,
    "recall": 22.5225,
    "f-score": 32.4675
  },
  "KL_res": {
    "KL divergence": 2.453568139753025,
    "Euclidean Dist.": 0.4202784874133751,
    "WER": 0.7993527508090615,
    "CER": 0.5826741996233522,
    "Cosine Dist.": 0.5131229535630728
  },
  "occ_eval_res": {
    "precision": 52.795,
    "recall": 27.5081,
    "f-score": 36.1702
  },
  "clean_eval": {
    "f-score": 8.242950108459869,
    "precision": 6.229508196721312,
    "recall": 12.179487179487179,
    "tp": 19,
    "fp": 286,
    "fn": 137
  },
  "jaccard": [
    0.6532438478747203
  ],
  "braycurtis": [
    0.3585881294964029
  ],
  "dice": [
    0.4850498338870432
  ],
  "cosinus": [
    0.23191300953827299
  ]
}