{
  "voc_eval_res": {
    "precision": 38.8406,
    "recall": 15.9524,
    "f-score": 22.616
  },
  "KL_res": {
    "KL divergence": 1.927164454282719,
    "Euclidean Dist.": 0.1561962261563474,
    "WER": 0.7490909090909091,
    "CER": 0.5950227992889713,
    "Cosine Dist.": 0.2859209730865533
  },
  "occ_eval_res": {
    "precision": 48.5388,
    "recall": 39.6883,
    "f-score": 43.6696
  },
  "clean_eval": {
    "f-score": 18.872625350358145,
    "precision": 17.928994082840237,
    "recall": 19.92110453648915,
    "tp": 303,
    "fp": 1387,
    "fn": 1218
  },
  "jaccard": [
    0.6929364913016139
  ],
  "braycurtis": [
    0.29263992948435436
  ],
  "dice": [
    0.5301475304682489
  ],
  "cosinus": [
    0.1081069616645085
  ]
}