{
  "voc_eval_res": {
    "precision": 39.7101,
    "recall": 18.34,
    "f-score": 25.0916
  },
  "KL_res": {
    "KL divergence": 1.8334521210265746,
    "Euclidean Dist.": 0.15580126885426326,
    "WER": 0.7565415244596132,
    "CER": 0.6086850053056894,
    "Cosine Dist.": 0.2836324022353638
  },
  "occ_eval_res": {
    "precision": 47.9034,
    "recall": 42.8896,
    "f-score": 45.2581
  },
  "clean_eval": {
    "f-score": 18.258064516129032,
    "precision": 17.922735908803038,
    "recall": 18.606180144641684,
    "tp": 283,
    "fp": 1296,
    "fn": 1238
  },
  "jaccard": [
    0.6606695513550445
  ],
  "braycurtis": [
    0.2756502616212937
  ],
  "dice": [
    0.4932834551946948
  ],
  "cosinus": [
    0.0913236465390832
  ]
}