{
  "voc_eval_res": {
    "precision": 48.0114,
    "recall": 45.7995,
    "f-score": 46.8793
  },
  "KL_res": {
    "KL divergence": 0.9105316362436582,
    "Euclidean Dist.": 0.05156199854885488,
    "WER": 0.6806167400881057,
    "CER": 0.5715205355993305,
    "Cosine Dist.": 0.03396088586042911
  },
  "occ_eval_res": {
    "precision": 61.7978,
    "recall": 66.63,
    "f-score": 64.1229
  },
  "clean_eval": {
    "f-score": 26.51810584958217,
    "precision": 27.387802071346375,
    "recall": 25.70194384449244,
    "tp": 238,
    "fp": 631,
    "fn": 688
  },
  "jaccard": [
    0.3797909407665505
  ],
  "braycurtis": [
    0.16756560208472213
  ],
  "dice": [
    0.23440860215053763
  ],
  "cosinus": [
    0.026474109028428616
  ]
}