{
  "voc_eval_res": {
    "precision": 61.1111,
    "recall": 27.5,
    "f-score": 37.931
  },
  "KL_res": {
    "KL divergence": 4.039223630801102,
    "Euclidean Dist.": 0.29711836191601204,
    "WER": 0.7333333333333333,
    "CER": 0.6458923512747875,
    "Cosine Dist.": 0.3875567804407697
  },
  "occ_eval_res": {
    "precision": 54.1667,
    "recall": 28.8889,
    "f-score": 37.6812
  },
  "clean_eval": {
    "f-score": 36.36363636363637,
    "precision": 27.906976744186046,
    "recall": 52.17391304347826,
    "tp": 12,
    "fp": 31,
    "fn": 11
  },
  "jaccard": [
    0.6477272727272727
  ],
  "braycurtis": [
    0.5252918287937743
  ],
  "dice": [
    0.4789915966386555
  ],
  "cosinus": [
    0.3532441042846428
  ]
}