{
  "voc_eval_res": {
    "precision": 32.5581,
    "recall": 25.9259,
    "f-score": 28.866
  },
  "KL_res": {
    "KL divergence": 4.331301657720388,
    "Euclidean Dist.": 0.31073392204760464,
    "WER": 1.0819672131147542,
    "CER": 0.7189409368635438,
    "Cosine Dist.": 0.776925082076717
  },
  "occ_eval_res": {
    "precision": 21.1268,
    "recall": 24.5902,
    "f-score": 22.7273
  },
  "clean_eval": {
    "f-score": 22.58064516129032,
    "precision": 24.561403508771928,
    "recall": 20.8955223880597,
    "tp": 14,
    "fp": 43,
    "fn": 53
  },
  "jaccard": [
    0.6850899742930592
  ],
  "braycurtis": [
    0.541019955654102
  ],
  "dice": [
    0.5210166177908113
  ],
  "cosinus": [
    0.5455637394895396
  ]
}