{
  "voc_eval_res": {
    "precision": 55.0,
    "recall": 26.8293,
    "f-score": 36.0656
  },
  "KL_res": {
    "KL divergence": 3.8610937330447666,
    "Euclidean Dist.": 0.2781533729056983,
    "WER": 0.782608695652174,
    "CER": 0.6215384615384615,
    "Cosine Dist.": 0.29495576121722955
  },
  "occ_eval_res": {
    "precision": 51.7241,
    "recall": 32.6087,
    "f-score": 40.0
  },
  "clean_eval": {
    "f-score": 37.83783783783783,
    "precision": 31.11111111111111,
    "recall": 48.275862068965516,
    "tp": 14,
    "fp": 31,
    "fn": 15
  },
  "jaccard": [
    0.6372745490981964
  ],
  "braycurtis": [
    0.49015748031496065
  ],
  "dice": [
    0.4676470588235294
  ],
  "cosinus": [
    0.2704720915611758
  ]
}