{
  "voc_eval_res": {
    "precision": 54.5455,
    "recall": 24.0,
    "f-score": 33.3333
  },
  "KL_res": {
    "KL divergence": 4.696336940187179,
    "Euclidean Dist.": 0.3374888899235466,
    "WER": 0.7666666666666667,
    "CER": 0.6060606060606061,
    "Cosine Dist.": 0.3486610527210704
  },
  "occ_eval_res": {
    "precision": 61.5385,
    "recall": 26.6667,
    "f-score": 37.2093
  },
  "clean_eval": {
    "f-score": 20.51282051282051,
    "precision": 14.814814814814813,
    "recall": 33.33333333333333,
    "tp": 4,
    "fp": 23,
    "fn": 8
  },
  "jaccard": [
    0.6225895316804407
  ],
  "braycurtis": [
    0.4772727272727273
  ],
  "dice": [
    0.452
  ],
  "cosinus": [
    0.2948880630005606
  ]
}