{
  "voc_eval_res": {
    "precision": 22.7273,
    "recall": 11.3636,
    "f-score": 15.1515
  },
  "KL_res": {
    "KL divergence": 5.487234776706712,
    "Euclidean Dist.": 0.2401124268116315,
    "WER": 0.9183673469387755,
    "CER": 0.745049504950495,
    "Cosine Dist.": 0.5486274365017705
  },
  "occ_eval_res": {
    "precision": 28.0,
    "recall": 14.2857,
    "f-score": 18.9189
  },
  "clean_eval": {
    "f-score": 18.181818181818183,
    "precision": 14.285714285714285,
    "recall": 25.0,
    "tp": 6,
    "fp": 36,
    "fn": 18
  },
  "jaccard": [
    0.7582938388625592
  ],
  "braycurtis": [
    0.5702875399361023
  ],
  "dice": [
    0.6106870229007634
  ],
  "cosinus": [
    0.2595711244682144
  ]
}