{
  "voc_eval_res": {
    "precision": 22.4615,
    "recall": 2.3518,
    "f-score": 4.2578
  },
  "KL_res": {
    "KL divergence": 4.081922731322947,
    "Euclidean Dist.": 0.25062632295563225,
    "WER": 0.9713936856794,
    "CER": 0.8225922842076048,
    "Cosine Dist.": 0.8723217825371563
  },
  "occ_eval_res": {
    "precision": 20.6997,
    "recall": 3.7153,
    "f-score": 6.2999
  },
  "clean_eval": {
    "f-score": 0.6806028196402528,
    "precision": 0.4077669902912621,
    "recall": 2.056807051909892,
    "tp": 21,
    "fp": 5129,
    "fn": 1000
  },
  "jaccard": [
    0.7607061702499563
  ],
  "braycurtis": [
    0.6803553542655576
  ],
  "dice": [
    0.6138222849083216
  ],
  "cosinus": [
    0.26180383911888994
  ]
}