{
  "voc_eval_res": {
    "precision": 34.127,
    "recall": 79.6296,
    "f-score": 47.7778
  },
  "KL_res": {
    "KL divergence": 0.5623866881242463,
    "Euclidean Dist.": 0.13493441053829042,
    "WER": 2.203252032520325,
    "CER": 2.1124161073825505,
    "Cosine Dist.": 0.05341140209319606
  },
  "occ_eval_res": {
    "precision": 29.443,
    "recall": 90.2439,
    "f-score": 44.4
  },
  "clean_eval": {
    "f-score": 20.675105485232066,
    "precision": 41.88034188034188,
    "recall": 13.725490196078432,
    "tp": 49,
    "fp": 68,
    "fn": 308
  },
  "jaccard": [
    0.5501700680272109
  ],
  "braycurtis": [
    0.5268595041322314
  ],
  "dice": [
    0.37947214076246333
  ],
  "cosinus": [
    0.03246110533926294
  ]
}