{
  "voc_eval_res": {
    "precision": 46.3054,
    "recall": 22.9829,
    "f-score": 30.719
  },
  "KL_res": {
    "KL divergence": 2.4252751392190763,
    "Euclidean Dist.": 0.17286438723950256,
    "WER": 0.964,
    "CER": 0.7761140176799567,
    "Cosine Dist.": 0.4009323649088279
  },
  "occ_eval_res": {
    "precision": 37.9261,
    "recall": 35.6,
    "f-score": 36.7263
  },
  "clean_eval": {
    "f-score": 12.536873156342185,
    "precision": 12.005649717514125,
    "recall": 13.117283950617283,
    "tp": 85,
    "fp": 623,
    "fn": 563
  },
  "jaccard": [
    0.5394618834080718
  ],
  "braycurtis": [
    0.29613845886241086
  ],
  "dice": [
    0.36935830518882407
  ],
  "cosinus": [
    0.12089487636619489
  ]
}