{
  "voc_eval_res": {
    "precision": 50.7463,
    "recall": 25.1232,
    "f-score": 33.6079
  },
  "KL_res": {
    "KL divergence": 2.103239934865396,
    "Euclidean Dist.": 0.15913234127862358,
    "WER": 0.9573333333333334,
    "CER": 0.759632378932485,
    "Cosine Dist.": 0.33521398754741794
  },
  "occ_eval_res": {
    "precision": 44.733,
    "recall": 41.3333,
    "f-score": 42.966
  },
  "clean_eval": {
    "f-score": 10.757254069355978,
    "precision": 10.540915395284326,
    "recall": 10.982658959537572,
    "tp": 76,
    "fp": 645,
    "fn": 616
  },
  "jaccard": [
    0.5773710482529119
  ],
  "braycurtis": [
    0.28481989708404803
  ],
  "dice": [
    0.4058479532163743
  ],
  "cosinus": [
    0.09435906555824591
  ]
}