{
  "voc_eval_res": {
    "precision": 36.6795,
    "recall": 9.596,
    "f-score": 15.2122
  },
  "KL_res": {
    "KL divergence": 3.2730135170631747,
    "Euclidean Dist.": 0.15640969076994266,
    "WER": 0.9303838646714379,
    "CER": 0.7310525454247832,
    "Cosine Dist.": 0.4839145754107743
  },
  "occ_eval_res": {
    "precision": 35.2624,
    "recall": 17.0462,
    "f-score": 22.9825
  },
  "clean_eval": {
    "f-score": 6.03060306030603,
    "precision": 4.493628437290409,
    "recall": 9.165526675786593,
    "tp": 67,
    "fp": 1424,
    "fn": 664
  },
  "jaccard": [
    0.6734961912266877
  ],
  "braycurtis": [
    0.4237939751421951
  ],
  "dice": [
    0.5077227722772277
  ],
  "cosinus": [
    0.16106125666291615
  ]
}