{
  "voc_eval_res": {
    "precision": 62.963,
    "recall": 23.7762,
    "f-score": 34.5178
  },
  "KL_res": {
    "KL divergence": 2.5667200112188695,
    "Euclidean Dist.": 0.5818413338912247,
    "WER": 1.1858407079646018,
    "CER": 1.0870602265951104,
    "Cosine Dist.": 0.7534017642549786
  },
  "occ_eval_res": {
    "precision": 30.3797,
    "recall": 42.4779,
    "f-score": 35.4244
  },
  "clean_eval": {
    "f-score": 17.196261682242987,
    "precision": 21.00456621004566,
    "recall": 14.556962025316455,
    "tp": 46,
    "fp": 173,
    "fn": 270
  },
  "jaccard": [
    0.5768217734855136
  ],
  "braycurtis": [
    0.521208083499889
  ],
  "dice": [
    0.40530536705737197
  ],
  "cosinus": [
    0.572565086919388
  ]
}