{
  "voc_eval_res": {
    "precision": 69.2308,
    "recall": 43.0279,
    "f-score": 53.0713
  },
  "KL_res": {
    "KL divergence": 0.8003102166872882,
    "Euclidean Dist.": 0.06421380211359047,
    "WER": 0.4405940594059406,
    "CER": 0.3393278837420527,
    "Cosine Dist.": 0.01631517243819025
  },
  "occ_eval_res": {
    "precision": 79.0654,
    "recall": 69.802,
    "f-score": 74.1455
  },
  "clean_eval": {
    "f-score": 35.74074074074074,
    "precision": 33.391003460207614,
    "recall": 38.44621513944223,
    "tp": 193,
    "fp": 385,
    "fn": 309
  },
  "jaccard": [
    0.40145170295924065
  ],
  "braycurtis": [
    0.13455133694928156
  ],
  "dice": [
    0.2511351728955641
  ],
  "cosinus": [
    0.014618447316665839
  ]
}