{
  "voc_eval_res": {
    "precision": 74.8744,
    "recall": 52.6502,
    "f-score": 61.8257
  },
  "KL_res": {
    "KL divergence": 1.17434672274302,
    "Euclidean Dist.": 0.11578546599832402,
    "WER": 0.47551546391752575,
    "CER": 0.3557978196233895,
    "Cosine Dist.": 0.11805756766168818
  },
  "occ_eval_res": {
    "precision": 80.7047,
    "recall": 61.9845,
    "f-score": 70.1166
  },
  "clean_eval": {
    "f-score": 49.66740576496675,
    "precision": 43.97905759162304,
    "recall": 57.045840407470294,
    "tp": 336,
    "fp": 428,
    "fn": 253
  },
  "jaccard": [
    0.31797752808988766
  ],
  "braycurtis": [
    0.1703804347826087
  ],
  "dice": [
    0.18904475617902472
  ],
  "cosinus": [
    0.05840173656556702
  ]
}