{
  "voc_eval_res": {
    "precision": 55.6604,
    "recall": 47.9675,
    "f-score": 51.5284
  },
  "KL_res": {
    "KL divergence": 1.032549895224827,
    "Euclidean Dist.": 0.061850594418175205,
    "WER": 0.6336206896551724,
    "CER": 0.4979089219330855,
    "Cosine Dist.": 0.03947083713562938
  },
  "occ_eval_res": {
    "precision": 67.2854,
    "recall": 62.5,
    "f-score": 64.8045
  },
  "clean_eval": {
    "f-score": 34.74178403755868,
    "precision": 33.33333333333333,
    "recall": 36.27450980392157,
    "tp": 148,
    "fp": 296,
    "fn": 260
  },
  "jaccard": [
    0.3648796498905908
  ],
  "braycurtis": [
    0.16093202945792587
  ],
  "dice": [
    0.2231515557042489
  ],
  "cosinus": [
    0.01849434103240566
  ]
}