{
  "voc_eval_res": {
    "precision": 32.4515,
    "recall": 22.142,
    "f-score": 26.3233
  },
  "KL_res": {
    "KL divergence": 2.7404025808349806,
    "Euclidean Dist.": 0.39316905578387756,
    "WER": 1.0653391412570006,
    "CER": 0.7215324927255092,
    "Cosine Dist.": 0.8589744903094683
  },
  "occ_eval_res": {
    "precision": 22.3656,
    "recall": 25.8867,
    "f-score": 23.9977
  },
  "clean_eval": {
    "f-score": 11.377777777777778,
    "precision": 12.45136186770428,
    "recall": 10.474631751227497,
    "tp": 192,
    "fp": 1350,
    "fn": 1641
  },
  "jaccard": [
    0.6037968441814595
  ],
  "braycurtis": [
    0.38146112243993263
  ],
  "dice": [
    0.43245629524986756
  ],
  "cosinus": [
    0.45693598274382463
  ]
}