{
  "voc_eval_res": {
    "precision": 36.3636,
    "recall": 2.4502,
    "f-score": 4.5911
  },
  "KL_res": {
    "KL divergence": 5.114569318424406,
    "Euclidean Dist.": 0.42752865232167836,
    "WER": 0.9823848238482384,
    "CER": 0.8849712827058073,
    "Cosine Dist.": 0.906500971427135
  },
  "occ_eval_res": {
    "precision": 18.1818,
    "recall": 2.439,
    "f-score": 4.3011
  },
  "clean_eval": {
    "f-score": 3.237858032378581,
    "precision": 1.8439716312056738,
    "recall": 13.26530612244898,
    "tp": 13,
    "fp": 692,
    "fn": 85
  },
  "jaccard": [
    0.8810791622293219
  ],
  "braycurtis": [
    0.8069080316271328
  ],
  "dice": [
    0.7874365482233503
  ],
  "cosinus": [
    0.4722895681814261
  ]
}