{
  "voc_eval_res": {
    "precision": 50.8796,
    "recall": 41.7314,
    "f-score": 45.8537
  },
  "KL_res": {
    "KL divergence": 1.818049048695574,
    "Euclidean Dist.": 0.22110695282152096,
    "WER": 0.967032967032967,
    "CER": 0.8100731570061902,
    "Cosine Dist.": 0.7979411976454063
  },
  "occ_eval_res": {
    "precision": 36.2637,
    "recall": 45.8068,
    "f-score": 40.4804
  },
  "clean_eval": {
    "f-score": 32.54113345521024,
    "precision": 37.083333333333336,
    "recall": 28.990228013029316,
    "tp": 623,
    "fp": 1057,
    "fn": 1526
  },
  "jaccard": [
    0.4150453955901427
  ],
  "braycurtis": [
    0.3497822083199345
  ],
  "dice": [
    0.2618657937806874
  ],
  "cosinus": [
    0.28871984342566615
  ]
}