{
  "voc_eval_res": {
    "precision": 5.1724,
    "recall": 2.4048,
    "f-score": 3.2832
  },
  "KL_res": {
    "KL divergence": 4.496850342268948,
    "Euclidean Dist.": 0.16821392693857093,
    "WER": 0.9781021897810219,
    "CER": 0.7775297619047619,
    "Cosine Dist.": 0.5117159707656115
  },
  "occ_eval_res": {
    "precision": 8.055,
    "recall": 7.4818,
    "f-score": 7.7578
  },
  "clean_eval": {
    "f-score": 0.7897334649555774,
    "precision": 0.7518796992481203,
    "recall": 0.8316008316008316,
    "tp": 4,
    "fp": 528,
    "fn": 477
  },
  "jaccard": [
    0.6772424598511555
  ],
  "braycurtis": [
    0.47566434898561766
  ],
  "dice": [
    0.511992893100385
  ],
  "cosinus": [
    0.26589162550958745
  ]
}