{
  "voc_eval_res": {
    "precision": 59.5376,
    "recall": 30.8383,
    "f-score": 40.6312
  },
  "KL_res": {
    "KL divergence": 2.252246918809864,
    "Euclidean Dist.": 0.21489874761431335,
    "WER": 0.684322033898305,
    "CER": 0.5430525751072961,
    "Cosine Dist.": 0.29306031364366514
  },
  "occ_eval_res": {
    "precision": 60.9309,
    "recall": 45.7627,
    "f-score": 52.2686
  },
  "clean_eval": {
    "f-score": 21.697511167836627,
    "precision": 18.458197611292075,
    "recall": 26.31578947368421,
    "tp": 170,
    "fp": 751,
    "fn": 476
  },
  "jaccard": [
    0.5351526364477336
  ],
  "braycurtis": [
    0.31052002390914524
  ],
  "dice": [
    0.365329965266814
  ],
  "cosinus": [
    0.22223116808273224
  ]
}