{
  "voc_eval_res": {
    "precision": 43.3333,
    "recall": 36.1111,
    "f-score": 39.3939
  },
  "KL_res": {
    "KL divergence": 3.2522386089941,
    "Euclidean Dist.": 0.18913468747507772,
    "WER": 0.7768595041322314,
    "CER": 0.5365418894830659,
    "Cosine Dist.": 0.4856521701618779
  },
  "occ_eval_res": {
    "precision": 39.8058,
    "recall": 33.8843,
    "f-score": 36.6071
  },
  "clean_eval": {
    "f-score": 29.09090909090909,
    "precision": 26.666666666666668,
    "recall": 32.0,
    "tp": 32,
    "fp": 88,
    "fn": 68
  },
  "jaccard": [
    0.4873417721518987
  ],
  "braycurtis": [
    0.2885874649204864
  ],
  "dice": [
    0.32217573221757323
  ],
  "cosinus": [
    0.09241127648088932
  ]
}