{
  "voc_eval_res": {
    "precision": 68.9655,
    "recall": 22.2222,
    "f-score": 33.6134
  },
  "KL_res": {
    "KL divergence": 3.2852392362067286,
    "Euclidean Dist.": 0.3038272689748548,
    "WER": 0.6902654867256637,
    "CER": 0.6517671517671517,
    "Cosine Dist.": 0.2708122688993616
  },
  "occ_eval_res": {
    "precision": 74.3119,
    "recall": 35.8407,
    "f-score": 48.3582
  },
  "clean_eval": {
    "f-score": 42.10526315789474,
    "precision": 31.48148148148148,
    "recall": 63.55140186915887,
    "tp": 68,
    "fp": 148,
    "fn": 39
  },
  "jaccard": [
    0.6307490144546649
  ],
  "braycurtis": [
    0.47393364928909953
  ],
  "dice": [
    0.46065259117082535
  ],
  "cosinus": [
    0.330167412868572
  ]
}