{
  "voc_eval_res": {
    "precision": 4.4713,
    "recall": 15.7097,
    "f-score": 6.9613
  },
  "KL_res": {
    "KL divergence": 0.834272082600641,
    "Euclidean Dist.": 0.06807504383678174,
    "WER": 0.8363272913909073,
    "CER": 0.38214956028753033,
    "Cosine Dist.": 0.20599843006532914
  },
  "occ_eval_res": {
    "precision": 28.5392,
    "recall": 29.0952,
    "f-score": 28.8145
  },
  "clean_eval": {
    "f-score": 10.247785398999673,
    "precision": 10.081331065277482,
    "recall": 10.419828717025966,
    "tp": 15172,
    "fp": 135324,
    "fn": 130435
  },
  "jaccard": [
    0.7682513176433753
  ],
  "braycurtis": [
    0.32261077721319315
  ],
  "dice": [
    0.623707846127775
  ],
  "cosinus": [
    0.07149759404328848
  ]
}