{
  "voc_eval_res": {
    "precision": 7.9141,
    "recall": 26.056,
    "f-score": 12.1407
  },
  "KL_res": {
    "KL divergence": 0.8930385401444374,
    "Euclidean Dist.": 0.07621578105630766,
    "WER": 0.9261350339340042,
    "CER": 0.5074658499623793,
    "Cosine Dist.": 0.2776986718554121
  },
  "occ_eval_res": {
    "precision": 28.0006,
    "recall": 30.8851,
    "f-score": 29.3722
  },
  "clean_eval": {
    "f-score": 11.9207471319377,
    "precision": 12.690510502642036,
    "recall": 11.239025899521717,
    "tp": 17436,
    "fp": 119958,
    "fn": 137702
  },
  "jaccard": [
    0.7919556171983356
  ],
  "braycurtis": [
    0.3157961309477901
  ],
  "dice": [
    0.6555683122847302
  ],
  "cosinus": [
    0.07553183839980815
  ]
}