{
  "voc_eval_res": {
    "precision": 48.3333,
    "recall": 36.7089,
    "f-score": 41.7266
  },
  "KL_res": {
    "KL divergence": 3.3225888284405887,
    "Euclidean Dist.": 0.1964028808195129,
    "WER": 0.7407407407407407,
    "CER": 0.6573556797020484,
    "Cosine Dist.": 0.42239327885032385
  },
  "occ_eval_res": {
    "precision": 48.5437,
    "recall": 37.037,
    "f-score": 42.0168
  },
  "clean_eval": {
    "f-score": 37.39130434782608,
    "precision": 33.07692307692307,
    "recall": 43.0,
    "tp": 43,
    "fp": 87,
    "fn": 57
  },
  "jaccard": [
    0.4921402660217654
  ],
  "braycurtis": [
    0.3161166905786705
  ],
  "dice": [
    0.326383319967923
  ],
  "cosinus": [
    0.12418740032407372
  ]
}