{
  "voc_eval_res": {
    "precision": 27.7778,
    "recall": 30.8219,
    "f-score": 29.2208
  },
  "KL_res": {
    "KL divergence": 2.4684202344488404,
    "Euclidean Dist.": 0.0583028883771101,
    "WER": 0.9277777777777778,
    "CER": 0.6781322957198443,
    "Cosine Dist.": 0.3168569774475132
  },
  "occ_eval_res": {
    "precision": 31.3725,
    "recall": 35.5556,
    "f-score": 33.3333
  },
  "clean_eval": {
    "f-score": 20.15209125475285,
    "precision": 21.32796780684105,
    "recall": 19.0990990990991,
    "tp": 106,
    "fp": 391,
    "fn": 449
  },
  "jaccard": [
    0.42824943651389935
  ],
  "braycurtis": [
    0.22264254763051103
  ],
  "dice": [
    0.27246653919694075
  ],
  "cosinus": [
    0.030288150072824926
  ]
}