{
  "voc_eval_res": {
    "precision": 47.9718,
    "recall": 39.7661,
    "f-score": 43.4852
  },
  "KL_res": {
    "KL divergence": 0.944389207966365,
    "Euclidean Dist.": 0.11879779841681637,
    "WER": 0.6966501240694789,
    "CER": 0.5461797212878424,
    "Cosine Dist.": 0.03235665001610655
  },
  "occ_eval_res": {
    "precision": 55.4839,
    "recall": 64.0199,
    "f-score": 59.447
  },
  "clean_eval": {
    "f-score": 31.415149735760423,
    "precision": 34.011443102352196,
    "recall": 29.18712493180578,
    "tp": 535,
    "fp": 1038,
    "fn": 1298
  },
  "jaccard": [
    0.4412128712871287
  ],
  "braycurtis": [
    0.2306282722513089
  ],
  "dice": [
    0.28304882890035726
  ],
  "cosinus": [
    0.05733548351695128
  ]
}