{
  "voc_eval_res": {
    "precision": 51.8634,
    "recall": 36.9469,
    "f-score": 43.1525
  },
  "KL_res": {
    "KL divergence": 1.6078381378208926,
    "Euclidean Dist.": 0.07300670774140815,
    "WER": 0.6790633608815427,
    "CER": 0.5524979524979525,
    "Cosine Dist.": 0.22100863771982127
  },
  "occ_eval_res": {
    "precision": 57.6786,
    "recall": 44.4904,
    "f-score": 50.2333
  },
  "clean_eval": {
    "f-score": 36.880584890333054,
    "precision": 32.474964234620884,
    "recall": 42.66917293233083,
    "tp": 227,
    "fp": 472,
    "fn": 305
  },
  "jaccard": [
    0.4925657643919176
  ],
  "braycurtis": [
    0.21731911918909472
  ],
  "dice": [
    0.32675771370763784
  ],
  "cosinus": [
    0.04393140175105015
  ]
}