{
  "voc_eval_res": {
    "precision": 41.0619,
    "recall": 28.2927,
    "f-score": 33.5018
  },
  "KL_res": {
    "KL divergence": 2.327266227984394,
    "Euclidean Dist.": 0.06776820628485622,
    "WER": 0.7846153846153846,
    "CER": 0.5978549734244495,
    "Cosine Dist.": 0.42244766098836395
  },
  "occ_eval_res": {
    "precision": 45.3409,
    "recall": 32.3077,
    "f-score": 37.7305
  },
  "clean_eval": {
    "f-score": 28.475871954132824,
    "precision": 24.36631234668847,
    "recall": 34.25287356321839,
    "tp": 298,
    "fp": 925,
    "fn": 572
  },
  "jaccard": [
    0.481560662747194
  ],
  "braycurtis": [
    0.2871160409556314
  ],
  "dice": [
    0.31714185146075324
  ],
  "cosinus": [
    0.09941190974409342
  ]
}