{
  "voc_eval_res": {
    "precision": 28.125,
    "recall": 48.6486,
    "f-score": 35.6436
  },
  "KL_res": {
    "KL divergence": 1.8326519236590852,
    "Euclidean Dist.": 0.33935471450199534,
    "WER": 2.6984126984126986,
    "CER": 2.3622100954979537,
    "Cosine Dist.": 0.11987243459842778
  },
  "occ_eval_res": {
    "precision": 20.3448,
    "recall": 62.4339,
    "f-score": 30.6892
  },
  "clean_eval": {
    "f-score": 12.876712328767123,
    "precision": 25.543478260869566,
    "recall": 8.608058608058608,
    "tp": 47,
    "fp": 137,
    "fn": 499
  },
  "jaccard": [
    0.6074766355140186
  ],
  "braycurtis": [
    0.5908550059493456
  ],
  "dice": [
    0.436241610738255
  ],
  "cosinus": [
    0.19626347051891702
  ]
}