{
  "voc_eval_res": {
    "precision": 26.3804,
    "recall": 51.1905,
    "f-score": 34.8178
  },
  "KL_res": {
    "KL divergence": 2.0657832574910504,
    "Euclidean Dist.": 0.17093643294549057,
    "WER": 2.2934782608695654,
    "CER": 1.973384030418251,
    "Cosine Dist.": 0.1922817168052805
  },
  "occ_eval_res": {
    "precision": 22.3577,
    "recall": 59.7826,
    "f-score": 32.5444
  },
  "clean_eval": {
    "f-score": 17.26384364820847,
    "precision": 30.113636363636363,
    "recall": 12.100456621004566,
    "tp": 53,
    "fp": 123,
    "fn": 385
  },
  "jaccard": [
    0.5927802406586448
  ],
  "braycurtis": [
    0.5205574912891986
  ],
  "dice": [
    0.42124212421242124
  ],
  "cosinus": [
    0.12482266484679139
  ]
}