{
  "voc_eval_res": {
    "precision": 28.0488,
    "recall": 48.4211,
    "f-score": 35.5212
  },
  "KL_res": {
    "KL divergence": 1.7923944062482815,
    "Euclidean Dist.": 0.1948185087782892,
    "WER": 2.748344370860927,
    "CER": 2.460997891777934,
    "Cosine Dist.": 0.4702198455718952
  },
  "occ_eval_res": {
    "precision": 20.2105,
    "recall": 63.5762,
    "f-score": 30.6709
  },
  "clean_eval": {
    "f-score": 19.243986254295532,
    "precision": 37.83783783783784,
    "recall": 12.903225806451612,
    "tp": 56,
    "fp": 92,
    "fn": 378
  },
  "jaccard": [
    0.5278688524590164
  ],
  "braycurtis": [
    0.5616089613034623
  ],
  "dice": [
    0.3585746102449889
  ],
  "cosinus": [
    0.2594088081099688
  ]
}