{
  "voc_eval_res": {
    "precision": 73.7114,
    "recall": 88.6336,
    "f-score": 80.4867
  },
  "KL_res": {
    "KL divergence": 0.02412785116384976,
    "Euclidean Dist.": 0.009180644361488391,
    "WER": 0.10373051676166294,
    "CER": 0.040349302942058574,
    "Cosine Dist.": 0.0026540043704014193
  },
  "occ_eval_res": {
    "precision": 91.7379,
    "recall": 94.773,
    "f-score": 93.2307
  },
  "clean_eval": {
    "f-score": 84.13080114078298,
    "precision": 86.24614607697214,
    "recall": 82.1167375240409,
    "tp": 129797,
    "fp": 20699,
    "fn": 28267
  },
  "jaccard": [
    0.5895925906097756
  ],
  "braycurtis": [
    0.06894991270593566
  ],
  "dice": [
    0.4180299867147466
  ],
  "cosinus": [
    0.00577889657462316
  ]
}