{
  "voc_eval_res": {
    "precision": 37.037,
    "recall": 2.7605,
    "f-score": 5.1381
  },
  "KL_res": {
    "KL divergence": 4.580666728649639,
    "Euclidean Dist.": 0.2686214155212977,
    "WER": 0.971093044263776,
    "CER": 0.9115893358919882,
    "Cosine Dist.": 0.748023303570559
  },
  "occ_eval_res": {
    "precision": 42.5532,
    "recall": 3.6134,
    "f-score": 6.6611
  },
  "clean_eval": {
    "f-score": 3.9147455415398,
    "precision": 2.1256495040151155,
    "recall": 24.725274725274726,
    "tp": 45,
    "fp": 2072,
    "fn": 137
  },
  "jaccard": [
    0.8250545190210807
  ],
  "braycurtis": [
    0.8379829650660412
  ],
  "dice": [
    0.7022066405444422
  ],
  "cosinus": [
    0.3409325894496571
  ]
}