{
  "voc_eval_res": {
    "precision": 59.0164,
    "recall": 37.1134,
    "f-score": 45.5696
  },
  "KL_res": {
    "KL divergence": 2.183131264119166,
    "Euclidean Dist.": 0.1538944339032682,
    "WER": 0.668918918918919,
    "CER": 0.412106135986733,
    "Cosine Dist.": 0.2222795373253883
  },
  "occ_eval_res": {
    "precision": 59.6154,
    "recall": 41.8919,
    "f-score": 49.2063
  },
  "clean_eval": {
    "f-score": 43.333333333333336,
    "precision": 37.410071942446045,
    "recall": 51.48514851485149,
    "tp": 52,
    "fp": 87,
    "fn": 49
  },
  "jaccard": [
    0.4563986409966025
  ],
  "braycurtis": [
    0.24775179856115107
  ],
  "dice": [
    0.29567131327953045
  ],
  "cosinus": [
    0.05866821504164321
  ]
}