{
  "voc_eval_res": {
    "precision": 60.6557,
    "recall": 45.679,
    "f-score": 52.1127
  },
  "KL_res": {
    "KL divergence": 1.9640346664381596,
    "Euclidean Dist.": 0.29842606648158,
    "WER": 0.8602941176470589,
    "CER": 0.5283993115318416,
    "Cosine Dist.": 0.4515315219021907
  },
  "occ_eval_res": {
    "precision": 47.4359,
    "recall": 54.4118,
    "f-score": 50.6849
  },
  "clean_eval": {
    "f-score": 47.386759581881535,
    "precision": 51.908396946564885,
    "recall": 43.58974358974359,
    "tp": 68,
    "fp": 63,
    "fn": 88
  },
  "jaccard": [
    0.4406779661016949
  ],
  "braycurtis": [
    0.25353871773522063
  ],
  "dice": [
    0.2826086956521739
  ],
  "cosinus": [
    0.184672643970478
  ]
}