{
  "voc_eval_res": {
    "precision": 27.2727,
    "recall": 15.0,
    "f-score": 19.3548
  },
  "KL_res": {
    "KL divergence": 6.23323341804517,
    "Euclidean Dist.": 0.3969292694899218,
    "WER": 1.0,
    "CER": 0.8539823008849557,
    "Cosine Dist.": 0.7521592014516951
  },
  "occ_eval_res": {
    "precision": 23.0769,
    "recall": 9.6774,
    "f-score": 13.6364
  },
  "clean_eval": {
    "f-score": 11.11111111111111,
    "precision": 8.333333333333332,
    "recall": 16.666666666666664,
    "tp": 2,
    "fp": 22,
    "fn": 10
  },
  "jaccard": [
    0.8361204013377926
  ],
  "braycurtis": [
    0.8154362416107382
  ],
  "dice": [
    0.7183908045977011
  ],
  "cosinus": [
    0.6579950222250461
  ]
}