{
  "voc_eval_res": {
    "precision": 62.1212,
    "recall": 40.796,
    "f-score": 49.2492
  },
  "KL_res": {
    "KL divergence": 4.055547694372483,
    "Euclidean Dist.": 0.41498812832211546,
    "WER": 0.7047101449275363,
    "CER": 0.4905841046919885,
    "Cosine Dist.": 0.7784769550965405
  },
  "occ_eval_res": {
    "precision": 59.2105,
    "recall": 32.6087,
    "f-score": 42.0561
  },
  "clean_eval": {
    "f-score": 25.0887573964497,
    "precision": 19.449541284403672,
    "recall": 35.333333333333336,
    "tp": 106,
    "fp": 439,
    "fn": 194
  },
  "jaccard": [
    0.38816738816738816
  ],
  "braycurtis": [
    0.325771662328003
  ],
  "dice": [
    0.24082363473589974
  ],
  "cosinus": [
    0.41834879697527116
  ]
}