{
  "voc_eval_res": {
    "precision": 62.5,
    "recall": 33.5366,
    "f-score": 43.6508
  },
  "KL_res": {
    "KL divergence": 2.2342834579929525,
    "Euclidean Dist.": 0.10695906298187469,
    "WER": 0.6271186440677966,
    "CER": 0.45799011532125206,
    "Cosine Dist.": 0.18788629749784458
  },
  "occ_eval_res": {
    "precision": 62.1387,
    "recall": 40.4896,
    "f-score": 49.0308
  },
  "clean_eval": {
    "f-score": 30.94958968347011,
    "precision": 25.581395348837212,
    "recall": 39.16913946587537,
    "tp": 132,
    "fp": 384,
    "fn": 205
  },
  "jaccard": [
    0.47602905569007264
  ],
  "braycurtis": [
    0.2399013259327783
  ],
  "dice": [
    0.31236097870988244
  ],
  "cosinus": [
    0.047790251019694696
  ]
}