{
  "voc_eval_res": {
    "precision": 26.1307,
    "recall": 2.227,
    "f-score": 4.1042
  },
  "KL_res": {
    "KL divergence": 4.032220149871381,
    "Euclidean Dist.": 0.2195528311487722,
    "WER": 0.9722376457523598,
    "CER": 0.8524226198249968,
    "Cosine Dist.": 0.7683554515855403
  },
  "occ_eval_res": {
    "precision": 23.9933,
    "recall": 3.97,
    "f-score": 6.8128
  },
  "clean_eval": {
    "f-score": 1.549973276322822,
    "precision": 0.9197589597209007,
    "recall": 4.923599320882852,
    "tp": 29,
    "fp": 3124,
    "fn": 560
  },
  "jaccard": [
    0.8460207612456747
  ],
  "braycurtis": [
    0.7229736814511901
  ],
  "dice": [
    0.7331334332833583
  ],
  "cosinus": [
    0.2327945881821586
  ]
}