{
  "voc_eval_res": {
    "precision": 72.1021,
    "recall": 95.8847,
    "f-score": 82.3099
  },
  "KL_res": {
    "KL divergence": 0.022084939712803158,
    "Euclidean Dist.": 0.00889392834835904,
    "WER": 0.12908816990404867,
    "CER": 0.07369016457721776,
    "Cosine Dist.": 0.0017295553480539683
  },
  "occ_eval_res": {
    "precision": 90.7185,
    "recall": 97.4652,
    "f-score": 93.9709
  },
  "clean_eval": {
    "f-score": 83.34903133414332,
    "precision": 86.62823704091882,
    "recall": 80.30903140919672,
    "tp": 119022,
    "fp": 18372,
    "fn": 29183
  },
  "jaccard": [
    0.6055837874242331
  ],
  "braycurtis": [
    0.064866986046723
  ],
  "dice": [
    0.4342919868276619
  ],
  "cosinus": [
    0.004630018923175383
  ]
}