{
  "voc_eval_res": {
    "precision": 35.4009,
    "recall": 4.9883,
    "f-score": 8.7444
  },
  "KL_res": {
    "KL divergence": 2.503815957787903,
    "Euclidean Dist.": 0.13139456410774655,
    "WER": 0.9118335500650195,
    "CER": 0.7438191997986915,
    "Cosine Dist.": 0.4763112519649485
  },
  "occ_eval_res": {
    "precision": 32.7845,
    "recall": 11.9116,
    "f-score": 17.4742
  },
  "clean_eval": {
    "f-score": 3.211947626841244,
    "precision": 2.1736120725460335,
    "recall": 6.149627888758324,
    "tp": 157,
    "fp": 7066,
    "fn": 2396
  },
  "jaccard": [
    0.6848066298342541
  ],
  "braycurtis": [
    0.5760324687270052
  ],
  "dice": [
    0.5206889308968704
  ],
  "cosinus": [
    0.28681913578598606
  ]
}