{
  "voc_eval_res": {
    "precision": 71.6789,
    "recall": 88.183,
    "f-score": 79.079
  },
  "KL_res": {
    "KL divergence": 0.05495189515148136,
    "Euclidean Dist.": 0.018195872417905278,
    "WER": 0.13295812696983342,
    "CER": 0.05476314024274487,
    "Cosine Dist.": 0.012144382328855396
  },
  "occ_eval_res": {
    "precision": 88.9315,
    "recall": 93.8766,
    "f-score": 91.3372
  },
  "clean_eval": {
    "f-score": 83.35844524511408,
    "precision": 86.27282589043573,
    "recall": 80.63453170546238,
    "tp": 38174,
    "fp": 6074,
    "fn": 9168
  },
  "jaccard": [
    0.515344908493665
  ],
  "braycurtis": [
    0.07351444023138894
  ],
  "dice": [
    0.34711422972374995
  ],
  "cosinus": [
    0.0067989324851800426
  ]
}