{
  "voc_eval_res": {
    "precision": 24.1525,
    "recall": 17.3252,
    "f-score": 20.177
  },
  "KL_res": {
    "KL divergence": 3.16024617712142,
    "Euclidean Dist.": 0.16355227694812027,
    "WER": 0.9901960784313726,
    "CER": 0.7741142740118779,
    "Cosine Dist.": 0.42540205911206563
  },
  "occ_eval_res": {
    "precision": 27.1845,
    "recall": 27.451,
    "f-score": 27.3171
  },
  "clean_eval": {
    "f-score": 5.991735537190083,
    "precision": 5.979381443298969,
    "recall": 6.004140786749482,
    "tp": 29,
    "fp": 456,
    "fn": 454
  },
  "jaccard": [
    0.5574561403508772
  ],
  "braycurtis": [
    0.29265379255425045
  ],
  "dice": [
    0.38643964730921254
  ],
  "cosinus": [
    0.09676043851253935
  ]
}