{
  "voc_eval_res": {
    "precision": 41.1017,
    "recall": 24.7449,
    "f-score": 30.8917
  },
  "KL_res": {
    "KL divergence": 1.963208261914045,
    "Euclidean Dist.": 0.11423651176084441,
    "WER": 0.8212290502793296,
    "CER": 0.652816797279314,
    "Cosine Dist.": 0.09029903844569198
  },
  "occ_eval_res": {
    "precision": 56.5049,
    "recall": 40.6425,
    "f-score": 47.2786
  },
  "clean_eval": {
    "f-score": 19.487179487179485,
    "precision": 16.593886462882097,
    "recall": 23.60248447204969,
    "tp": 114,
    "fp": 573,
    "fn": 369
  },
  "jaccard": [
    0.5060449050086355
  ],
  "braycurtis": [
    0.2488471535172298
  ],
  "dice": [
    0.33872832369942196
  ],
  "cosinus": [
    0.0489022318680129
  ]
}