{
  "voc_eval_res": {
    "precision": 16.4773,
    "recall": 0.5353,
    "f-score": 1.0368
  },
  "KL_res": {
    "KL divergence": 3.2683164315753594,
    "Euclidean Dist.": 0.24682489136995225,
    "WER": 0.9844215659712815,
    "CER": 0.8905894886363637,
    "Cosine Dist.": 0.7572095184476493
  },
  "occ_eval_res": {
    "precision": 16.8563,
    "recall": 2.2081,
    "f-score": 3.9047
  },
  "clean_eval": {
    "f-score": 0.1515725653656688,
    "precision": 0.08494973807164094,
    "recall": 0.702576112412178,
    "tp": 6,
    "fp": 7057,
    "fn": 848
  },
  "jaccard": [
    0.855373665480427
  ],
  "braycurtis": [
    0.8046912324502596
  ],
  "dice": [
    0.7472951125481905
  ],
  "cosinus": [
    0.3773762673577544
  ]
}