{
  "voc_eval_res": {
    "precision": 81.6112,
    "recall": 50.7625,
    "f-score": 62.5923
  },
  "KL_res": {
    "KL divergence": 0.985836017587597,
    "Euclidean Dist.": 0.0796856275250165,
    "WER": 0.44710695499707775,
    "CER": 0.3170799860286413,
    "Cosine Dist.": 0.040998018713254925
  },
  "occ_eval_res": {
    "precision": 79.0455,
    "recall": 61.9521,
    "f-score": 69.4626
  },
  "clean_eval": {
    "f-score": 59.40660822656777,
    "precision": 53.00842358604091,
    "recall": 67.56134969325154,
    "tp": 881,
    "fp": 781,
    "fn": 423
  },
  "jaccard": [
    0.3709363712142262
  ],
  "braycurtis": [
    0.1346639904846863
  ],
  "dice": [
    0.22769913013815452
  ],
  "cosinus": [
    0.02091744788025418
  ]
}