{
  "voc_eval_res": {
    "precision": 79.0257,
    "recall": 52.8507,
    "f-score": 63.3406
  },
  "KL_res": {
    "KL divergence": 1.0855617787109766,
    "Euclidean Dist.": 0.22526154318715377,
    "WER": 0.4959768265207596,
    "CER": 0.31597064951535464,
    "Cosine Dist.": 0.3847786103573382
  },
  "occ_eval_res": {
    "precision": 80.7692,
    "recall": 56.775,
    "f-score": 66.6793
  },
  "clean_eval": {
    "f-score": 51.316548145300786,
    "precision": 43.713163064833005,
    "recall": 62.12191717077711,
    "tp": 1335,
    "fp": 1719,
    "fn": 814
  },
  "jaccard": [
    0.34564369310793236
  ],
  "braycurtis": [
    0.134864877523301
  ],
  "dice": [
    0.2089294136142116
  ],
  "cosinus": [
    0.10472676460416008
  ]
}