{
  "voc_eval_res": {
    "precision": 38.7931,
    "recall": 36.5854,
    "f-score": 37.6569
  },
  "KL_res": {
    "KL divergence": 0.9291030708868012,
    "Euclidean Dist.": 0.06128064495266813,
    "WER": 0.6554878048780488,
    "CER": 0.558891454965358,
    "Cosine Dist.": 0.00802793195014151
  },
  "occ_eval_res": {
    "precision": 68.1287,
    "recall": 71.0366,
    "f-score": 69.5522
  },
  "clean_eval": {
    "f-score": 4.658385093167702,
    "precision": 4.792332268370607,
    "recall": 4.531722054380665,
    "tp": 15,
    "fp": 298,
    "fn": 316
  },
  "jaccard": [
    0.5060337892196299
  ],
  "braycurtis": [
    0.1753527751646284
  ],
  "dice": [
    0.3387183629509962
  ],
  "cosinus": [
    0.011576191456627138
  ]
}