{
  "voc_eval_res": {
    "precision": 74.5983,
    "recall": 90.3166,
    "f-score": 81.7083
  },
  "KL_res": {
    "KL divergence": 0.026451026371084853,
    "Euclidean Dist.": 0.012191981394409652,
    "WER": 0.2955012630007261,
    "CER": 0.26085174471305045,
    "Cosine Dist.": 0.004323307979396729
  },
  "occ_eval_res": {
    "precision": 78.5636,
    "recall": 98.0416,
    "f-score": 87.2285
  },
  "clean_eval": {
    "f-score": 78.22079799047879,
    "precision": 89.17021097401778,
    "recall": 69.6663129929841,
    "tp": 84701,
    "fp": 10287,
    "fn": 36880
  },
  "jaccard": [
    0.48166530854137346
  ],
  "braycurtis": [
    0.1410178767879085
  ],
  "dice": [
    0.3172326307572209
  ],
  "cosinus": [
    0.011571525397565896
  ]
}