{
  "voc_eval_res": {
    "precision": 87.9728,
    "recall": 57.2653,
    "f-score": 69.3728
  },
  "KL_res": {
    "KL divergence": 0.056692370616602074,
    "Euclidean Dist.": 0.009452868289912743,
    "WER": 0.6365758237239761,
    "CER": 0.6190296259593414,
    "Cosine Dist.": 0.0031476159849593843
  },
  "occ_eval_res": {
    "precision": 97.2607,
    "recall": 37.9158,
    "f-score": 54.5615
  },
  "clean_eval": {
    "f-score": 49.64427648853879,
    "precision": 34.6369994429659,
    "recall": 87.59822183263938,
    "tp": 55963,
    "fp": 105607,
    "fn": 7923
  },
  "jaccard": [
    0.4849665924276169
  ],
  "braycurtis": [
    0.4716102025641974
  ],
  "dice": [
    0.3201029033443587
  ],
  "cosinus": [
    0.005606819043833866
  ]
}