{
  "voc_eval_res": {
    "precision": 38.5965,
    "recall": 5.0,
    "f-score": 8.8531
  },
  "KL_res": {
    "KL divergence": 3.7198075420645194,
    "Euclidean Dist.": 0.18621587912579152,
    "WER": 0.9548717948717949,
    "CER": 0.8651039363113666,
    "Cosine Dist.": 0.6615827300220465
  },
  "occ_eval_res": {
    "precision": 44.7273,
    "recall": 6.3077,
    "f-score": 11.0562
  },
  "clean_eval": {
    "f-score": 3.091190108191654,
    "precision": 1.7942583732057416,
    "recall": 11.152416356877323,
    "tp": 30,
    "fp": 1642,
    "fn": 239
  },
  "jaccard": [
    0.8257277734067663
  ],
  "braycurtis": [
    0.7414801813660963
  ],
  "dice": [
    0.7031825795644892
  ],
  "cosinus": [
    0.18073241188083566
  ]
}