{
  "voc_eval_res": {
    "precision": 41.5205,
    "recall": 4.3881,
    "f-score": 7.9374
  },
  "KL_res": {
    "KL divergence": 3.7349463492824526,
    "Euclidean Dist.": 0.20843269743093548,
    "WER": 0.9654714475431607,
    "CER": 0.886395316420407,
    "Cosine Dist.": 0.7414722802714376
  },
  "occ_eval_res": {
    "precision": 51.4754,
    "recall": 5.2125,
    "f-score": 9.4664
  },
  "clean_eval": {
    "f-score": 3.907039407207814,
    "precision": 2.1449704142011834,
    "recall": 21.88679245283019,
    "tp": 58,
    "fp": 2646,
    "fn": 207
  },
  "jaccard": [
    0.8323677817230424
  ],
  "braycurtis": [
    0.7887348969438521
  ],
  "dice": [
    0.7128681177976952
  ],
  "cosinus": [
    0.2577911366610095
  ]
}