{
  "voc_eval_res": {
    "precision": 30.9859,
    "recall": 7.9137,
    "f-score": 12.6074
  },
  "KL_res": {
    "KL divergence": 4.459814754746878,
    "Euclidean Dist.": 0.19451925910207035,
    "WER": 0.932475884244373,
    "CER": 0.7325769854132901,
    "Cosine Dist.": 0.5800278543716622
  },
  "occ_eval_res": {
    "precision": 25.8993,
    "recall": 11.5756,
    "f-score": 16.0
  },
  "clean_eval": {
    "f-score": 11.926605504587155,
    "precision": 8.695652173913043,
    "recall": 18.97810218978102,
    "tp": 26,
    "fp": 273,
    "fn": 111
  },
  "jaccard": [
    0.6907701352145796
  ],
  "braycurtis": [
    0.5148648648648648
  ],
  "dice": [
    0.527615626403233
  ],
  "cosinus": [
    0.22929487263738324
  ]
}