{
  "voc_eval_res": {
    "precision": 18.3036,
    "recall": 3.2006,
    "f-score": 5.4485
  },
  "KL_res": {
    "KL divergence": 3.905956285256073,
    "Euclidean Dist.": 0.14923620983613436,
    "WER": 0.9662698412698413,
    "CER": 0.8329172764052681,
    "Cosine Dist.": 0.6416960094684085
  },
  "occ_eval_res": {
    "precision": 21.2202,
    "recall": 5.291,
    "f-score": 8.4701
  },
  "clean_eval": {
    "f-score": 0.5711022272986865,
    "precision": 0.35765379113018597,
    "recall": 1.41643059490085,
    "tp": 5,
    "fp": 1393,
    "fn": 348
  },
  "jaccard": [
    0.7748937122398747
  ],
  "braycurtis": [
    0.6993455046503617
  ],
  "dice": [
    0.6325114155251141
  ],
  "cosinus": [
    0.2501603748573126
  ]
}