{
  "voc_eval_res": {
    "precision": 1.2687,
    "recall": 13.0952,
    "f-score": 2.3134
  },
  "KL_res": {
    "KL divergence": 5.770539127910995,
    "Euclidean Dist.": 0.19619921262946666,
    "WER": 36.27777777777778,
    "CER": 53.573913043478264,
    "Cosine Dist.": 0.8463079458839193
  },
  "occ_eval_res": {
    "precision": 0.3359,
    "recall": 12.2222,
    "f-score": 0.6538
  },
  "clean_eval": {
    "f-score": 0.37938665823585205,
    "precision": 8.571428571428571,
    "recall": 0.19398642095053348,
    "tp": 6,
    "fp": 64,
    "fn": 3087
  },
  "jaccard": [
    0.8612956810631229
  ],
  "braycurtis": [
    0.9719804050048363
  ],
  "dice": [
    0.7563822027716995
  ],
  "cosinus": [
    0.3162591622108746
  ]
}