{
  "voc_eval_res": {
    "precision": 1.1465,
    "recall": 10.8434,
    "f-score": 2.0737
  },
  "KL_res": {
    "KL divergence": 5.906931233488884,
    "Euclidean Dist.": 0.21461338116274295,
    "WER": 30.76595744680851,
    "CER": 43.37223974763407,
    "Cosine Dist.": 0.8534493931612624
  },
  "occ_eval_res": {
    "precision": 0.3447,
    "recall": 10.6383,
    "f-score": 0.6678
  },
  "clean_eval": {
    "f-score": 0.20979020979020974,
    "precision": 3.79746835443038,
    "recall": 0.10787486515641855,
    "tp": 3,
    "fp": 76,
    "fn": 2778
  },
  "jaccard": [
    0.8509532062391681
  ],
  "braycurtis": [
    0.9655758753513551
  ],
  "dice": [
    0.7405731523378583
  ],
  "cosinus": [
    0.3431147628852782
  ]
}