{
  "voc_eval_res": {
    "precision": 23.4043,
    "recall": 1.7843,
    "f-score": 3.3157
  },
  "KL_res": {
    "KL divergence": 4.3436150829351075,
    "Euclidean Dist.": 0.25060843482602096,
    "WER": 0.9860950173812283,
    "CER": 0.8758581235697941,
    "Cosine Dist.": 0.8947971837368498
  },
  "occ_eval_res": {
    "precision": 15.2466,
    "recall": 1.9699,
    "f-score": 3.489
  },
  "clean_eval": {
    "f-score": 0.8390141583639223,
    "precision": 0.4744958481613286,
    "recall": 3.619909502262444,
    "tp": 8,
    "fp": 1678,
    "fn": 213
  },
  "jaccard": [
    0.8054777466542172
  ],
  "braycurtis": [
    0.7793724496974813
  ],
  "dice": [
    0.6743095362167796
  ],
  "cosinus": [
    0.3501106283628367
  ]
}