{
  "voc_eval_res": {
    "precision": 46.1714,
    "recall": 66.5899,
    "f-score": 54.532
  },
  "KL_res": {
    "KL divergence": 0.2480780091383467,
    "Euclidean Dist.": 0.03646384999263769,
    "WER": 0.2826204412426835,
    "CER": 0.0892047300233295,
    "Cosine Dist.": 0.05119233825450531
  },
  "occ_eval_res": {
    "precision": 77.8816,
    "recall": 79.1896,
    "f-score": 78.5301
  },
  "clean_eval": {
    "f-score": 68.98925604911521,
    "precision": 69.07656843247152,
    "recall": 68.90216411181245,
    "tp": 30565,
    "fp": 13683,
    "fn": 13795
  },
  "jaccard": [
    0.6132502831257078
  ],
  "braycurtis": [
    0.13744195527448816
  ],
  "dice": [
    0.4422213148223765
  ],
  "cosinus": [
    0.028307680399141444
  ]
}