{
  "voc_eval_res": {
    "precision": 31.6602,
    "recall": 3.5652,
    "f-score": 6.4088
  },
  "KL_res": {
    "KL divergence": 3.5908295327127564,
    "Euclidean Dist.": 0.1700241522341424,
    "WER": 0.9609907120743034,
    "CER": 0.8195629977537268,
    "Cosine Dist.": 0.6681708104226363
  },
  "occ_eval_res": {
    "precision": 28.6676,
    "recall": 6.5944,
    "f-score": 10.7224
  },
  "clean_eval": {
    "f-score": 0.48141214228403323,
    "precision": 0.2992021276595745,
    "recall": 1.231190150478796,
    "tp": 9,
    "fp": 2999,
    "fn": 722
  },
  "jaccard": [
    0.7434156378600824
  ],
  "braycurtis": [
    0.645280848616525
  ],
  "dice": [
    0.5916161781562141
  ],
  "cosinus": [
    0.2461083953516141
  ]
}