{
  "voc_eval_res": {
    "precision": 31.9672,
    "recall": 31.9672,
    "f-score": 31.9672
  },
  "KL_res": {
    "KL divergence": 1.4438782679751152,
    "Euclidean Dist.": 0.14666633551582564,
    "WER": 1.218487394957983,
    "CER": 1.0535714285714286,
    "Cosine Dist.": 0.08491030271693656
  },
  "occ_eval_res": {
    "precision": 37.1212,
    "recall": 61.7647,
    "f-score": 46.3722
  },
  "clean_eval": {
    "f-score": 10.38961038961039,
    "precision": 13.793103448275861,
    "recall": 8.333333333333332,
    "tp": 32,
    "fp": 200,
    "fn": 352
  },
  "jaccard": [
    0.535483870967742
  ],
  "braycurtis": [
    0.3708299430431245
  ],
  "dice": [
    0.3656387665198238
  ],
  "cosinus": [
    0.05169214194090066
  ]
}