{
  "voc_eval_res": {
    "precision": 70.7692,
    "recall": 50.0,
    "f-score": 58.5987
  },
  "KL_res": {
    "KL divergence": 1.2495474153431476,
    "Euclidean Dist.": 0.13919449690274177,
    "WER": 0.5689655172413793,
    "CER": 0.3996305418719212,
    "Cosine Dist.": 0.03354015311527736
  },
  "occ_eval_res": {
    "precision": 79.6992,
    "recall": 60.9195,
    "f-score": 69.0554
  },
  "clean_eval": {
    "f-score": 53.623188405797094,
    "precision": 48.05194805194805,
    "recall": 60.65573770491803,
    "tp": 74,
    "fp": 80,
    "fn": 48
  },
  "jaccard": [
    0.3473451327433628
  ],
  "braycurtis": [
    0.18735284224688867
  ],
  "dice": [
    0.2101740294511379
  ],
  "cosinus": [
    0.036665961812338055
  ]
}