{
  "voc_eval_res": {
    "precision": 77.027,
    "recall": 56.6225,
    "f-score": 65.2672
  },
  "KL_res": {
    "KL divergence": 0.4497593007905869,
    "Euclidean Dist.": 0.04015894778600034,
    "WER": 0.48247232472324725,
    "CER": 0.42073234707795615,
    "Cosine Dist.": 0.016448300861419796
  },
  "occ_eval_res": {
    "precision": 89.0141,
    "recall": 58.3026,
    "f-score": 70.4571
  },
  "clean_eval": {
    "f-score": 40.79254079254079,
    "precision": 33.78378378378378,
    "recall": 51.470588235294116,
    "tp": 350,
    "fp": 686,
    "fn": 330
  },
  "jaccard": [
    0.2857824427480916
  ],
  "braycurtis": [
    0.2285281876655316
  ],
  "dice": [
    0.16671305315892013
  ],
  "cosinus": [
    0.009635875305139763
  ]
}