{
  "voc_eval_res": {
    "precision": 83.0097,
    "recall": 57.1906,
    "f-score": 67.7228
  },
  "KL_res": {
    "KL divergence": 0.46647284172995424,
    "Euclidean Dist.": 0.05826582802809341,
    "WER": 0.4872611464968153,
    "CER": 0.4558631008041893,
    "Cosine Dist.": 0.010960052670739073
  },
  "occ_eval_res": {
    "precision": 92.6923,
    "recall": 57.5637,
    "f-score": 71.0216
  },
  "clean_eval": {
    "f-score": 40.16104680422748,
    "precision": 32.51833740831296,
    "recall": 52.5,
    "tp": 399,
    "fp": 828,
    "fn": 361
  },
  "jaccard": [
    0.2959081836327345
  ],
  "braycurtis": [
    0.2514220051709279
  ],
  "dice": [
    0.17364568081991216
  ],
  "cosinus": [
    0.009662963396938284
  ]
}