{
  "voc_eval_res": {
    "precision": 82.5203,
    "recall": 52.4548,
    "f-score": 64.139
  },
  "KL_res": {
    "KL divergence": 0.5841373238304115,
    "Euclidean Dist.": 0.05974346595707809,
    "WER": 0.5573539760731879,
    "CER": 0.4964431300455599,
    "Cosine Dist.": 0.03742783362166413
  },
  "occ_eval_res": {
    "precision": 90.0378,
    "recall": 50.2463,
    "f-score": 64.4986
  },
  "clean_eval": {
    "f-score": 36.54916512059369,
    "precision": 28.406633020908433,
    "recall": 51.23537061118335,
    "tp": 394,
    "fp": 993,
    "fn": 375
  },
  "jaccard": [
    0.2772875058058523
  ],
  "braycurtis": [
    0.2949431035362555
  ],
  "dice": [
    0.16095982744675114
  ],
  "cosinus": [
    0.017892651639151658
  ]
}