{
  "voc_eval_res": {
    "precision": 66.4452,
    "recall": 43.1965,
    "f-score": 52.356
  },
  "KL_res": {
    "KL divergence": 0.9572882407095762,
    "Euclidean Dist.": 0.06833141242514776,
    "WER": 0.6060411311053985,
    "CER": 0.5069047074082551,
    "Cosine Dist.": 0.06148533650417998
  },
  "occ_eval_res": {
    "precision": 81.8985,
    "recall": 47.6864,
    "f-score": 60.2762
  },
  "clean_eval": {
    "f-score": 29.08350305498982,
    "precision": 22.884615384615383,
    "recall": 39.88826815642458,
    "tp": 357,
    "fp": 1203,
    "fn": 538
  },
  "jaccard": [
    0.34834710743801656
  ],
  "braycurtis": [
    0.2934149043788236
  ],
  "dice": [
    0.21090818113585189
  ],
  "cosinus": [
    0.036306929629366325
  ]
}