{
  "voc_eval_res": {
    "precision": 68.8295,
    "recall": 82.892,
    "f-score": 75.209
  },
  "KL_res": {
    "KL divergence": 0.11820924329735896,
    "Euclidean Dist.": 0.025382714656586917,
    "WER": 0.2493027653037107,
    "CER": 0.10169674700097266,
    "Cosine Dist.": 0.023620514631592537
  },
  "occ_eval_res": {
    "precision": 81.8366,
    "recall": 89.9409,
    "f-score": 85.6976
  },
  "clean_eval": {
    "f-score": 66.65505529913786,
    "precision": 73.1006160164271,
    "recall": 61.25405145852507,
    "tp": 15308,
    "fp": 5633,
    "fn": 9683
  },
  "jaccard": [
    0.7343642396544169
  ],
  "braycurtis": [
    0.16898174997100313
  ],
  "dice": [
    0.5802334784329244
  ],
  "cosinus": [
    0.029902206635174733
  ]
}