{
  "voc_eval_res": {
    "precision": 75.0,
    "recall": 50.0,
    "f-score": 60.0
  },
  "KL_res": {
    "KL divergence": 2.544964709278572,
    "Euclidean Dist.": 0.23841994922000742,
    "WER": 0.7368421052631579,
    "CER": 0.6820809248554913,
    "Cosine Dist.": 0.19596974779263066
  },
  "occ_eval_res": {
    "precision": 76.9231,
    "recall": 52.6316,
    "f-score": 62.5
  },
  "clean_eval": {
    "f-score": 50.0,
    "precision": 42.10526315789473,
    "recall": 61.53846153846154,
    "tp": 8,
    "fp": 11,
    "fn": 5
  },
  "jaccard": [
    0.6145454545454545
  ],
  "braycurtis": [
    0.444015444015444
  ],
  "dice": [
    0.4435695538057743
  ],
  "cosinus": [
    0.25239931009642513
  ]
}