{
  "voc_eval_res": {
    "precision": 66.6667,
    "recall": 66.6667,
    "f-score": 66.6667
  },
  "KL_res": {
    "KL divergence": 1.6410286871111899,
    "Euclidean Dist.": 0.23767705950592838,
    "WER": 1.0,
    "CER": 0.7777777777777778,
    "Cosine Dist.": 0.1721626456152845
  },
  "occ_eval_res": {
    "precision": 56.25,
    "recall": 69.2308,
    "f-score": 62.069
  },
  "clean_eval": {
    "f-score": 51.85185185185186,
    "precision": 53.84615384615385,
    "recall": 50.0,
    "tp": 7,
    "fp": 6,
    "fn": 7
  },
  "jaccard": [
    0.41975308641975306
  ],
  "braycurtis": [
    0.2610619469026549
  ],
  "dice": [
    0.265625
  ],
  "cosinus": [
    0.0884571077209565
  ]
}