{
  "voc_eval_res": {
    "precision": 5.1852,
    "recall": 21.875,
    "f-score": 8.3832
  },
  "KL_res": {
    "KL divergence": 4.319737923041865,
    "Euclidean Dist.": 0.26730688113037904,
    "WER": 9.108108108108109,
    "CER": 9.32542372881356,
    "Cosine Dist.": 0.46130149579623614
  },
  "occ_eval_res": {
    "precision": 3.4483,
    "recall": 32.4324,
    "f-score": 6.2338
  },
  "clean_eval": {
    "f-score": 2.2038567493112944,
    "precision": 11.11111111111111,
    "recall": 1.2232415902140672,
    "tp": 4,
    "fp": 32,
    "fn": 323
  },
  "jaccard": [
    0.8187038556193601
  ],
  "braycurtis": [
    0.8665658093797277
  ],
  "dice": [
    0.6930555555555555
  ],
  "cosinus": [
    0.3330967996787576
  ]
}