{
  "voc_eval_res": {
    "precision": 6.7797,
    "recall": 47.0588,
    "f-score": 11.8519
  },
  "KL_res": {
    "KL divergence": 2.7598643449754694,
    "Euclidean Dist.": 0.27148481011703596,
    "WER": 15.590909090909092,
    "CER": 15.73913043478261,
    "Cosine Dist.": 0.2979015694712712
  },
  "occ_eval_res": {
    "precision": 3.6517,
    "recall": 59.0909,
    "f-score": 6.8783
  },
  "clean_eval": {
    "f-score": 2.6737967914438503,
    "precision": 22.727272727272727,
    "recall": 1.4204545454545454,
    "tp": 5,
    "fp": 17,
    "fn": 347
  },
  "jaccard": [
    0.8395773294908742
  ],
  "braycurtis": [
    0.8963914707490432
  ],
  "dice": [
    0.7235099337748344
  ],
  "cosinus": [
    0.15071516065004498
  ]
}