{
  "voc_eval_res": {
    "precision": 5.7471,
    "recall": 16.9492,
    "f-score": 8.5837
  },
  "KL_res": {
    "KL divergence": 4.409797979000161,
    "Euclidean Dist.": 0.22031076325029472,
    "WER": 6.267605633802817,
    "CER": 6.887867647058823,
    "Cosine Dist.": 0.31221264460927145
  },
  "occ_eval_res": {
    "precision": 3.8961,
    "recall": 25.3521,
    "f-score": 6.7542
  },
  "clean_eval": {
    "f-score": 3.4026465028355393,
    "precision": 12.857142857142856,
    "recall": 1.9607843137254901,
    "tp": 9,
    "fp": 61,
    "fn": 450
  },
  "jaccard": [
    0.7508821453775583
  ],
  "braycurtis": [
    0.818295739348371
  ],
  "dice": [
    0.6011299435028249
  ],
  "cosinus": [
    0.14240726640801094
  ]
}