{
  "voc_eval_res": {
    "precision": 74.1935,
    "recall": 35.3846,
    "f-score": 47.9167
  },
  "KL_res": {
    "KL divergence": 1.8685100267293828,
    "Euclidean Dist.": 0.24852408315073898,
    "WER": 0.5431034482758621,
    "CER": 0.29497098646034814,
    "Cosine Dist.": 0.032180551321080886
  },
  "occ_eval_res": {
    "precision": 77.2152,
    "recall": 52.5862,
    "f-score": 62.5641
  },
  "clean_eval": {
    "f-score": 55.319148936170215,
    "precision": 46.846846846846844,
    "recall": 67.53246753246754,
    "tp": 52,
    "fp": 59,
    "fn": 25
  },
  "jaccard": [
    0.46078431372549017
  ],
  "braycurtis": [
    0.1783405172413793
  ],
  "dice": [
    0.29936305732484075
  ],
  "cosinus": [
    0.023625992095830384
  ]
}