{
  "voc_eval_res": {
    "precision": 77.2727,
    "recall": 35.0515,
    "f-score": 48.227
  },
  "KL_res": {
    "KL divergence": 3.43538749275631,
    "Euclidean Dist.": 0.3179715154784595,
    "WER": 0.670995670995671,
    "CER": 0.6256434253626579,
    "Cosine Dist.": 0.28547101280763143
  },
  "occ_eval_res": {
    "precision": 80.8081,
    "recall": 34.632,
    "f-score": 48.4848
  },
  "clean_eval": {
    "f-score": 38.532110091743114,
    "precision": 27.510917030567683,
    "recall": 64.28571428571429,
    "tp": 63,
    "fp": 166,
    "fn": 35
  },
  "jaccard": [
    0.581901489117984
  ],
  "braycurtis": [
    0.4662775616083009
  ],
  "dice": [
    0.41033925686591277
  ],
  "cosinus": [
    0.35898396254347986
  ]
}