{
  "voc_eval_res": {
    "precision": 89.2157,
    "recall": 30.4348,
    "f-score": 45.3865
  },
  "KL_res": {
    "KL divergence": 1.6079276053407479,
    "Euclidean Dist.": 0.15011308378290097,
    "WER": 0.5263774912075029,
    "CER": 0.5008893632159374,
    "Cosine Dist.": 0.18658206378340492
  },
  "occ_eval_res": {
    "precision": 88.7463,
    "recall": 52.6964,
    "f-score": 66.1273
  },
  "clean_eval": {
    "f-score": 38.25426944971537,
    "precision": 30.416415208207603,
    "recall": 51.533742331288344,
    "tp": 504,
    "fp": 1153,
    "fn": 474
  },
  "jaccard": [
    0.5223355610270841
  ],
  "braycurtis": [
    0.2991629916299163
  ],
  "dice": [
    0.3534872649369198
  ],
  "cosinus": [
    0.24463168130772506
  ]
}