{
  "voc_eval_res": {
    "precision": 63.0952,
    "recall": 25.8537,
    "f-score": 36.6782
  },
  "KL_res": {
    "KL divergence": 1.4462168016938537,
    "Euclidean Dist.": 0.13157059498035825,
    "WER": 0.5574074074074075,
    "CER": 0.42525399129172714,
    "Cosine Dist.": 0.033940674949934024
  },
  "occ_eval_res": {
    "precision": 73.1884,
    "recall": 56.1111,
    "f-score": 63.522
  },
  "clean_eval": {
    "f-score": 19.935691318327976,
    "precision": 17.85028790786948,
    "recall": 22.572815533980584,
    "tp": 93,
    "fp": 428,
    "fn": 319
  },
  "jaccard": [
    0.5573314801945796
  ],
  "braycurtis": [
    0.21582261873524008
  ],
  "dice": [
    0.38631984585741813
  ],
  "cosinus": [
    0.029278130145757864
  ]
}