{
  "voc_eval_res": {
    "precision": 22.0077,
    "recall": 2.1747,
    "f-score": 3.9583
  },
  "KL_res": {
    "KL divergence": 3.7439655421092004,
    "Euclidean Dist.": 0.16227012219822545,
    "WER": 0.9803868887694788,
    "CER": 0.8346125730994152,
    "Cosine Dist.": 0.7049534185169816
  },
  "occ_eval_res": {
    "precision": 17.4966,
    "recall": 3.4927,
    "f-score": 5.8231
  },
  "clean_eval": {
    "f-score": 0.48379293662312534,
    "precision": 0.29385836027034967,
    "recall": 1.3679890560875512,
    "tp": 10,
    "fp": 3393,
    "fn": 721
  },
  "jaccard": [
    0.7528710247349824
  ],
  "braycurtis": [
    0.7012236077446485
  ],
  "dice": [
    0.6036833717017885
  ],
  "cosinus": [
    0.25207860814707206
  ]
}