{
  "voc_eval_res": {
    "precision": 61.7647,
    "recall": 14.7887,
    "f-score": 23.8636
  },
  "KL_res": {
    "KL divergence": 2.2616588978186023,
    "Euclidean Dist.": 0.15293964345926983,
    "WER": 0.7186915887850467,
    "CER": 0.5373111316682084,
    "Cosine Dist.": 0.14964710856552954
  },
  "occ_eval_res": {
    "precision": 71.9645,
    "recall": 34.0654,
    "f-score": 46.2417
  },
  "clean_eval": {
    "f-score": 17.821092934215105,
    "precision": 13.50923482849604,
    "recall": 26.1758691206544,
    "tp": 256,
    "fp": 1639,
    "fn": 722
  },
  "jaccard": [
    0.6787093215664645
  ],
  "braycurtis": [
    0.3286971995878992
  ],
  "dice": [
    0.5136714673345857
  ],
  "cosinus": [
    0.10788474775216994
  ]
}