{
  "voc_eval_res": {
    "precision": 55.1724,
    "recall": 7.1375,
    "f-score": 12.6399
  },
  "KL_res": {
    "KL divergence": 3.382282429418199,
    "Euclidean Dist.": 0.2358535740871991,
    "WER": 0.8614457831325302,
    "CER": 0.7030966239813737,
    "Cosine Dist.": 0.5490551422072156
  },
  "occ_eval_res": {
    "precision": 66.3599,
    "recall": 18.6173,
    "f-score": 29.0771
  },
  "clean_eval": {
    "f-score": 8.033323415650104,
    "precision": 5.4043234587670135,
    "recall": 15.643105446118192,
    "tp": 135,
    "fp": 2363,
    "fn": 728
  },
  "jaccard": [
    0.7979876160990712
  ],
  "braycurtis": [
    0.5148635317329826
  ],
  "dice": [
    0.6638763683193818
  ],
  "cosinus": [
    0.4729891770754643
  ]
}