{
  "voc_eval_res": {
    "precision": 80.3419,
    "recall": 36.1538,
    "f-score": 49.8674
  },
  "KL_res": {
    "KL divergence": 2.777502679151336,
    "Euclidean Dist.": 0.20557185616397108,
    "WER": 0.6917922948073701,
    "CER": 0.4798093101514302,
    "Cosine Dist.": 0.45293443789537535
  },
  "occ_eval_res": {
    "precision": 74.6622,
    "recall": 37.0184,
    "f-score": 49.4961
  },
  "clean_eval": {
    "f-score": 25.454545454545457,
    "precision": 19.14529914529915,
    "recall": 37.96610169491525,
    "tp": 112,
    "fp": 473,
    "fn": 183
  },
  "jaccard": [
    0.4945121951219512
  ],
  "braycurtis": [
    0.29224178962398856
  ],
  "dice": [
    0.328473066018631
  ],
  "cosinus": [
    0.1918489533954737
  ]
}