{
  "voc_eval_res": {
    "precision": 53.7313,
    "recall": 51.4286,
    "f-score": 52.5547
  },
  "KL_res": {
    "KL divergence": 1.9177080638812338,
    "Euclidean Dist.": 0.10773190277043906,
    "WER": 0.7125,
    "CER": 0.5138490926456543,
    "Cosine Dist.": 0.15711107733822027
  },
  "occ_eval_res": {
    "precision": 56.962,
    "recall": 56.25,
    "f-score": 56.6038
  },
  "clean_eval": {
    "f-score": 49.673202614379086,
    "precision": 49.35064935064935,
    "recall": 50.0,
    "tp": 38,
    "fp": 39,
    "fn": 38
  },
  "jaccard": [
    0.3933333333333333
  ],
  "braycurtis": [
    0.19397363465160075
  ],
  "dice": [
    0.24481327800829875
  ],
  "cosinus": [
    0.037832907298624985
  ]
}