{
  "voc_eval_res": {
    "precision": 27.5862,
    "recall": 23.5294,
    "f-score": 25.3968
  },
  "KL_res": {
    "KL divergence": 4.484300541102773,
    "Euclidean Dist.": 0.21936291798468685,
    "WER": 0.8611111111111112,
    "CER": 0.6654676258992805,
    "Cosine Dist.": 0.504250037742442
  },
  "occ_eval_res": {
    "precision": 27.2727,
    "recall": 25.0,
    "f-score": 26.087
  },
  "clean_eval": {
    "f-score": 20.58823529411765,
    "precision": 20.0,
    "recall": 21.21212121212121,
    "tp": 7,
    "fp": 28,
    "fn": 26
  },
  "jaccard": [
    0.738013698630137
  ],
  "braycurtis": [
    0.5765407554671969
  ],
  "dice": [
    0.5848032564450475
  ],
  "cosinus": [
    0.3757514877071235
  ]
}