{
  "voc_eval_res": {
    "precision": 83.6538,
    "recall": 31.0714,
    "f-score": 45.3125
  },
  "KL_res": {
    "KL divergence": 2.398691625855468,
    "Euclidean Dist.": 0.18138160519293192,
    "WER": 0.649164677804296,
    "CER": 0.5198821796759941,
    "Cosine Dist.": 0.11252449286360444
  },
  "occ_eval_res": {
    "precision": 83.2432,
    "recall": 36.7542,
    "f-score": 50.9934
  },
  "clean_eval": {
    "f-score": 49.063032367972745,
    "precision": 35.38083538083538,
    "recall": 80.0,
    "tp": 144,
    "fp": 263,
    "fn": 36
  },
  "jaccard": [
    0.5041469194312796
  ],
  "braycurtis": [
    0.33451536643026003
  ],
  "dice": [
    0.33702970297029705
  ],
  "cosinus": [
    0.09813195139801201
  ]
}