{
  "voc_eval_res": {
    "precision": 66.0099,
    "recall": 32.3671,
    "f-score": 43.436
  },
  "KL_res": {
    "KL divergence": 1.2801829531275626,
    "Euclidean Dist.": 0.11537982795645983,
    "WER": 0.6795918367346939,
    "CER": 0.5114745087261234,
    "Cosine Dist.": 0.07486399714234704
  },
  "occ_eval_res": {
    "precision": 68.892,
    "recall": 49.4898,
    "f-score": 57.601
  },
  "clean_eval": {
    "f-score": 29.953611663353215,
    "precision": 26.24854819976771,
    "recall": 34.876543209876544,
    "tp": 226,
    "fp": 635,
    "fn": 422
  },
  "jaccard": [
    0.5329949238578681
  ],
  "braycurtis": [
    0.2261283737809027
  ],
  "dice": [
    0.3633217993079585
  ],
  "cosinus": [
    0.03830986069780706
  ]
}