{
  "voc_eval_res": {
    "precision": 72.0517,
    "recall": 75.346,
    "f-score": 73.662
  },
  "KL_res": {
    "KL divergence": 0.08847505426023772,
    "Euclidean Dist.": 0.015554021338283631,
    "WER": 0.2446135157598619,
    "CER": 0.1310756161456876,
    "Cosine Dist.": 0.009754306164118431
  },
  "occ_eval_res": {
    "precision": 85.0091,
    "recall": 87.8369,
    "f-score": 86.3999
  },
  "clean_eval": {
    "f-score": 77.98595059231434,
    "precision": 80.38848867295843,
    "recall": 75.72285248373692,
    "tp": 86371,
    "fp": 21071,
    "fn": 27691
  },
  "jaccard": [
    0.46282639027307154
  ],
  "braycurtis": [
    0.0662652933183931
  ],
  "dice": [
    0.30108921161825725
  ],
  "cosinus": [
    0.0057979382025886705
  ]
}