{
  "voc_eval_res": {
    "precision": 53.4091,
    "recall": 7.6986,
    "f-score": 13.4574
  },
  "KL_res": {
    "KL divergence": 3.5979414199232598,
    "Euclidean Dist.": 0.24349943694006124,
    "WER": 0.863932898415657,
    "CER": 0.6892366335640485,
    "Cosine Dist.": 0.6007284884079233
  },
  "occ_eval_res": {
    "precision": 60.0827,
    "recall": 18.0491,
    "f-score": 27.7592
  },
  "clean_eval": {
    "f-score": 3.983559911476446,
    "precision": 2.728453876136856,
    "recall": 7.377049180327869,
    "tp": 63,
    "fp": 2246,
    "fn": 791
  },
  "jaccard": [
    0.7752332485156913
  ],
  "braycurtis": [
    0.5032204446291294
  ],
  "dice": [
    0.6329639889196675
  ],
  "cosinus": [
    0.5009272148281081
  ]
}