{
  "voc_eval_res": {
    "precision": 51.1211,
    "recall": 10.6642,
    "f-score": 17.6471
  },
  "KL_res": {
    "KL divergence": 3.422874336026128,
    "Euclidean Dist.": 0.3584337709166007,
    "WER": 0.8466666666666667,
    "CER": 0.6233680680320997,
    "Cosine Dist.": 0.8059446904823756
  },
  "occ_eval_res": {
    "precision": 51.532,
    "recall": 19.4737,
    "f-score": 28.2659
  },
  "clean_eval": {
    "f-score": 8.660785886126703,
    "precision": 5.918889294848374,
    "recall": 16.135458167330675,
    "tp": 162,
    "fp": 2575,
    "fn": 842
  },
  "jaccard": [
    0.676590330788804
  ],
  "braycurtis": [
    0.39428076256499134
  ],
  "dice": [
    0.5112478369544319
  ],
  "cosinus": [
    0.2779008899536365
  ]
}