{
  "voc_eval_res": {
    "precision": 30.4598,
    "recall": 16.9872,
    "f-score": 21.8107
  },
  "KL_res": {
    "KL divergence": 2.8091233875975714,
    "Euclidean Dist.": 0.15442882776522018,
    "WER": 0.8213627992633518,
    "CER": 0.6751493693294977,
    "Cosine Dist.": 0.3095226087985813
  },
  "occ_eval_res": {
    "precision": 35.9833,
    "recall": 31.6759,
    "f-score": 33.6925
  },
  "clean_eval": {
    "f-score": 10.050251256281406,
    "precision": 9.505703422053232,
    "recall": 10.660980810234541,
    "tp": 50,
    "fp": 476,
    "fn": 419
  },
  "jaccard": [
    0.5781170483460559
  ],
  "braycurtis": [
    0.37964912280701757
  ],
  "dice": [
    0.4065855404438082
  ],
  "cosinus": [
    0.2596239148717441
  ]
}