{
  "voc_eval_res": {
    "precision": 59.292,
    "recall": 23.7589,
    "f-score": 33.9241
  },
  "KL_res": {
    "KL divergence": 2.263936353702229,
    "Euclidean Dist.": 0.15006692673212252,
    "WER": 0.6893004115226338,
    "CER": 0.5437053326003298,
    "Cosine Dist.": 0.14676326961148078
  },
  "occ_eval_res": {
    "precision": 63.6986,
    "recall": 38.2716,
    "f-score": 47.8149
  },
  "clean_eval": {
    "f-score": 19.759679572763684,
    "precision": 15.879828326180256,
    "recall": 26.148409893992934,
    "tp": 74,
    "fp": 392,
    "fn": 209
  },
  "jaccard": [
    0.5644977168949772
  ],
  "braycurtis": [
    0.3125718981101068
  ],
  "dice": [
    0.39324055666003976
  ],
  "cosinus": [
    0.09437194708638263
  ]
}