{
  "voc_eval_res": {
    "precision": 57.4713,
    "recall": 26.5957,
    "f-score": 36.3636
  },
  "KL_res": {
    "KL divergence": 2.35027792639532,
    "Euclidean Dist.": 0.17823531527029185,
    "WER": 0.6516393442622951,
    "CER": 0.6139890188589162,
    "Cosine Dist.": 0.22186601616633894
  },
  "occ_eval_res": {
    "precision": 67.5159,
    "recall": 43.4426,
    "f-score": 52.8678
  },
  "clean_eval": {
    "f-score": 12.035851472471188,
    "precision": 10.0,
    "recall": 15.112540192926044,
    "tp": 47,
    "fp": 423,
    "fn": 264
  },
  "jaccard": [
    0.5172413793103449
  ],
  "braycurtis": [
    0.37999095977098085
  ],
  "dice": [
    0.3488372093023256
  ],
  "cosinus": [
    0.3034079920214583
  ]
}