{
  "voc_eval_res": {
    "precision": 34.4828,
    "recall": 21.2766,
    "f-score": 26.3158
  },
  "KL_res": {
    "KL divergence": 2.546723148443909,
    "Euclidean Dist.": 0.14900015797689603,
    "WER": 0.845679012345679,
    "CER": 0.6962616822429907,
    "Cosine Dist.": 0.2652764312595992
  },
  "occ_eval_res": {
    "precision": 36.8201,
    "recall": 36.214,
    "f-score": 36.5145
  },
  "clean_eval": {
    "f-score": 10.267379679144385,
    "precision": 10.300429184549357,
    "recall": 10.23454157782516,
    "tp": 48,
    "fp": 418,
    "fn": 421
  },
  "jaccard": [
    0.5722483046426708
  ],
  "braycurtis": [
    0.33820078226857886
  ],
  "dice": [
    0.4008037997807819
  ],
  "cosinus": [
    0.12629915304020845
  ]
}