{
  "voc_eval_res": {
    "precision": 83.7681,
    "recall": 36.7217,
    "f-score": 51.0601
  },
  "KL_res": {
    "KL divergence": 1.5169085033267269,
    "Euclidean Dist.": 0.24028690243434522,
    "WER": 0.5729343760625637,
    "CER": 0.375583035036338,
    "Cosine Dist.": 0.5055459704429428
  },
  "occ_eval_res": {
    "precision": 88.4371,
    "recall": 47.3308,
    "f-score": 61.6611
  },
  "clean_eval": {
    "f-score": 35.66033417257953,
    "precision": 27.35252808988764,
    "recall": 51.216305062458915,
    "tp": 779,
    "fp": 2069,
    "fn": 742
  },
  "jaccard": [
    0.4525122549019608
  ],
  "braycurtis": [
    0.2033215140770373
  ],
  "dice": [
    0.29241734310037615
  ],
  "cosinus": [
    0.18148076881981023
  ]
}