{
  "voc_eval_res": {
    "precision": 52.9412,
    "recall": 21.4286,
    "f-score": 30.5085
  },
  "KL_res": {
    "KL divergence": 2.887044692602852,
    "Euclidean Dist.": 0.26937701794511193,
    "WER": 0.6375,
    "CER": 0.48622754491017967,
    "Cosine Dist.": 0.14632470966153155
  },
  "occ_eval_res": {
    "precision": 64.7059,
    "recall": 41.25,
    "f-score": 50.3817
  },
  "clean_eval": {
    "f-score": 48.81889763779528,
    "precision": 39.743589743589745,
    "recall": 63.26530612244898,
    "tp": 31,
    "fp": 47,
    "fn": 18
  },
  "jaccard": [
    0.5978494623655914
  ],
  "braycurtis": [
    0.3328380386329866
  ],
  "dice": [
    0.4263803680981595
  ],
  "cosinus": [
    0.14228660122281478
  ]
}