{
  "voc_eval_res": {
    "precision": 51.7241,
    "recall": 12.605,
    "f-score": 20.2703
  },
  "KL_res": {
    "KL divergence": 4.839842258863143,
    "Euclidean Dist.": 0.3012512486527065,
    "WER": 0.825,
    "CER": 0.632360217714003,
    "Cosine Dist.": 0.5860301177017613
  },
  "occ_eval_res": {
    "precision": 39.8148,
    "recall": 17.9167,
    "f-score": 24.7126
  },
  "clean_eval": {
    "f-score": 24.2603550295858,
    "precision": 17.29957805907173,
    "recall": 40.5940594059406,
    "tp": 41,
    "fp": 196,
    "fn": 60
  },
  "jaccard": [
    0.6854663774403471
  ],
  "braycurtis": [
    0.5120401337792642
  ],
  "dice": [
    0.5214521452145214
  ],
  "cosinus": [
    0.30668382895155744
  ]
}