{
  "voc_eval_res": {
    "precision": 16.4179,
    "recall": 9.2437,
    "f-score": 11.828
  },
  "KL_res": {
    "KL divergence": 5.119400256424765,
    "Euclidean Dist.": 0.3792742711559136,
    "WER": 1.1291666666666667,
    "CER": 0.8871845620979713,
    "Cosine Dist.": 0.8704800342576738
  },
  "occ_eval_res": {
    "precision": 11.9298,
    "recall": 14.1667,
    "f-score": 12.9524
  },
  "clean_eval": {
    "f-score": 3.094777562862669,
    "precision": 3.375527426160337,
    "recall": 2.857142857142857,
    "tp": 8,
    "fp": 229,
    "fn": 272
  },
  "jaccard": [
    0.6636851520572451
  ],
  "braycurtis": [
    0.5035091237216763
  ],
  "dice": [
    0.4966532797858099
  ],
  "cosinus": [
    0.2930442446988176
  ]
}