{
  "voc_eval_res": {
    "precision": 29.0647,
    "recall": 5.1636,
    "f-score": 8.7693
  },
  "KL_res": {
    "KL divergence": 3.1044887121066735,
    "Euclidean Dist.": 0.441168260608729,
    "WER": 0.945382323733863,
    "CER": 0.731727997286756,
    "Cosine Dist.": 0.8870265437660998
  },
  "occ_eval_res": {
    "precision": 13.9032,
    "recall": 8.5071,
    "f-score": 10.5555
  },
  "clean_eval": {
    "f-score": 1.979767214184706,
    "precision": 1.6411181244364292,
    "recall": 2.4945175438596494,
    "tp": 91,
    "fp": 5454,
    "fn": 3557
  },
  "jaccard": [
    0.6861677298895286
  ],
  "braycurtis": [
    0.6014133086565155
  ],
  "dice": [
    0.5222643297015632
  ],
  "cosinus": [
    0.5878186556027216
  ]
}