{
  "voc_eval_res": {
    "precision": 29.1181,
    "recall": 4.1371,
    "f-score": 7.2449
  },
  "KL_res": {
    "KL divergence": 2.993527781913938,
    "Euclidean Dist.": 0.11918640263647247,
    "WER": 0.9458608750393452,
    "CER": 0.7685629739951793,
    "Cosine Dist.": 0.7419747942829281
  },
  "occ_eval_res": {
    "precision": 22.6065,
    "recall": 7.0979,
    "f-score": 10.8037
  },
  "clean_eval": {
    "f-score": 3.3641499743194663,
    "precision": 2.2500858811405013,
    "recall": 6.663275686673449,
    "tp": 131,
    "fp": 5691,
    "fn": 1835
  },
  "jaccard": [
    0.692046332046332
  ],
  "braycurtis": [
    0.6026941385846367
  ],
  "dice": [
    0.5291061518479159
  ],
  "cosinus": [
    0.2632163950401354
  ]
}