{
  "voc_eval_res": {
    "precision": 36.9318,
    "recall": 33.8542,
    "f-score": 35.3261
  },
  "KL_res": {
    "KL divergence": 2.5751837710536396,
    "Euclidean Dist.": 0.1548198910651327,
    "WER": 0.7945619335347432,
    "CER": 0.6324399582318134,
    "Cosine Dist.": 0.36364418515516483
  },
  "occ_eval_res": {
    "precision": 41.8239,
    "recall": 40.1813,
    "f-score": 40.9861
  },
  "clean_eval": {
    "f-score": 22.895622895622896,
    "precision": 21.656050955414013,
    "recall": 24.285714285714285,
    "tp": 68,
    "fp": 246,
    "fn": 212
  },
  "jaccard": [
    0.4789156626506024
  ],
  "braycurtis": [
    0.3011727078891258
  ],
  "dice": [
    0.31485148514851485
  ],
  "cosinus": [
    0.17979000592714212
  ]
}