{
  "voc_eval_res": {
    "precision": 62.4434,
    "recall": 43.6709,
    "f-score": 51.3966
  },
  "KL_res": {
    "KL divergence": 1.4722572779470604,
    "Euclidean Dist.": 0.18955273515669785,
    "WER": 0.632768361581921,
    "CER": 0.4932404752150758,
    "Cosine Dist.": 0.4051640427171139
  },
  "occ_eval_res": {
    "precision": 57.6065,
    "recall": 53.484,
    "f-score": 55.4688
  },
  "clean_eval": {
    "f-score": 42.32283464566929,
    "precision": 40.79696394686907,
    "recall": 43.967280163599185,
    "tp": 215,
    "fp": 312,
    "fn": 274
  },
  "jaccard": [
    0.43258719416970326
  ],
  "braycurtis": [
    0.2557422373458103
  ],
  "dice": [
    0.27598804383925607
  ],
  "cosinus": [
    0.15978409595578869
  ]
}