{
  "voc_eval_res": {
    "precision": 64.7059,
    "recall": 78.5714,
    "f-score": 70.9677
  },
  "KL_res": {
    "KL divergence": 0.808494148350438,
    "Euclidean Dist.": 0.1588181356772707,
    "WER": 0.6153846153846154,
    "CER": 0.530751708428246,
    "Cosine Dist.": 0.16322240528656795
  },
  "occ_eval_res": {
    "precision": 58.9474,
    "recall": 71.7949,
    "f-score": 64.7399
  },
  "clean_eval": {
    "f-score": 61.27167630057804,
    "precision": 67.94871794871796,
    "recall": 55.78947368421052,
    "tp": 53,
    "fp": 25,
    "fn": 42
  },
  "jaccard": [
    0.33771929824561403
  ],
  "braycurtis": [
    0.2516370439663237
  ],
  "dice": [
    0.20316622691292877
  ],
  "cosinus": [
    0.10922041009466033
  ]
}