{
  "voc_eval_res": {
    "precision": 77.8237,
    "recall": 89.4459,
    "f-score": 83.231
  },
  "KL_res": {
    "KL divergence": 0.0832115699039052,
    "Euclidean Dist.": 0.010367624737378208,
    "WER": 0.17076305220883534,
    "CER": 0.11492541586738053,
    "Cosine Dist.": 0.002418065556626825
  },
  "occ_eval_res": {
    "precision": 85.7701,
    "recall": 95.2771,
    "f-score": 90.274
  },
  "clean_eval": {
    "f-score": 82.5912733748887,
    "precision": 88.30529990479214,
    "recall": 77.57178700864232,
    "tp": 5565,
    "fp": 737,
    "fn": 1609
  },
  "jaccard": [
    0.3244979919678715
  ],
  "braycurtis": [
    0.11148176881303336
  ],
  "dice": [
    0.19367209971236818
  ],
  "cosinus": [
    0.01084208198366221
  ]
}