{
  "voc_eval_res": {
    "precision": 11.6883,
    "recall": 28.9689,
    "f-score": 16.6562
  },
  "KL_res": {
    "KL divergence": 0.8477070363720608,
    "Euclidean Dist.": 0.07629767223948677,
    "WER": 0.8310473926081017,
    "CER": 0.41307645130870024,
    "Cosine Dist.": 0.19139915638777372
  },
  "occ_eval_res": {
    "precision": 36.1733,
    "recall": 39.4223,
    "f-score": 37.728
  },
  "clean_eval": {
    "f-score": 15.825217515094167,
    "precision": 17.409809485204704,
    "recall": 14.50501205041217,
    "tp": 9449,
    "fp": 44825,
    "fn": 55694
  },
  "jaccard": [
    0.7631049086995765
  ],
  "braycurtis": [
    0.28633714901115515
  ],
  "dice": [
    0.6169520067358967
  ],
  "cosinus": [
    0.06148402927758123
  ]
}