{
  "voc_eval_res": {
    "precision": 53.9823,
    "recall": 17.8363,
    "f-score": 26.8132
  },
  "KL_res": {
    "KL divergence": 2.6782595261766646,
    "Euclidean Dist.": 0.1694315309898341,
    "WER": 0.7552986512524085,
    "CER": 0.6323781533186382,
    "Cosine Dist.": 0.1938886013445571
  },
  "occ_eval_res": {
    "precision": 55.137,
    "recall": 31.0212,
    "f-score": 39.7041
  },
  "clean_eval": {
    "f-score": 18.02030456852792,
    "precision": 14.059405940594061,
    "recall": 25.08833922261484,
    "tp": 71,
    "fp": 434,
    "fn": 212
  },
  "jaccard": [
    0.6259351620947631
  ],
  "braycurtis": [
    0.3896123793473265
  ],
  "dice": [
    0.455535390199637
  ],
  "cosinus": [
    0.14219467939981167
  ]
}