{
  "voc_eval_res": {
    "precision": 11.4943,
    "recall": 1.2492,
    "f-score": 2.2535
  },
  "KL_res": {
    "KL divergence": 4.125491913017923,
    "Euclidean Dist.": 0.1900854687794624,
    "WER": 0.9830254618072891,
    "CER": 0.8322461619555906,
    "Cosine Dist.": 0.8052100668665758
  },
  "occ_eval_res": {
    "precision": 10.251,
    "recall": 2.4463,
    "f-score": 3.95
  },
  "clean_eval": {
    "f-score": 0.8591065292096219,
    "precision": 0.5379236148466917,
    "recall": 2.1321961620469083,
    "tp": 10,
    "fp": 1849,
    "fn": 459
  },
  "jaccard": [
    0.7801944728761515
  ],
  "braycurtis": [
    0.7130479896238651
  ],
  "dice": [
    0.6396056219844766
  ],
  "cosinus": [
    0.3718153244010939
  ]
}