{
  "voc_eval_res": {
    "precision": 12.3894,
    "recall": 0.8121,
    "f-score": 1.5242
  },
  "KL_res": {
    "KL divergence": 4.075138081994342,
    "Euclidean Dist.": 0.2078369082899821,
    "WER": 0.986281234688878,
    "CER": 0.8880504700643246,
    "Cosine Dist.": 0.8431240274891537
  },
  "occ_eval_res": {
    "precision": 12.3288,
    "recall": 1.7638,
    "f-score": 3.0862
  },
  "clean_eval": {
    "f-score": 0.36496350364963503,
    "precision": 0.20953378732320588,
    "recall": 1.4134275618374559,
    "tp": 4,
    "fp": 1905,
    "fn": 279
  },
  "jaccard": [
    0.8322440087145969
  ],
  "braycurtis": [
    0.8055183498526655
  ],
  "dice": [
    0.7126865671641791
  ],
  "cosinus": [
    0.32238299065403875
  ]
}