{
  "voc_eval_res": {
    "precision": 25.3579,
    "recall": 8.2011,
    "f-score": 12.3938
  },
  "KL_res": {
    "KL divergence": 3.123338276859362,
    "Euclidean Dist.": 0.21691901795322852,
    "WER": 0.9182174338883448,
    "CER": 0.6996924797316186,
    "Cosine Dist.": 0.5802581287076582
  },
  "occ_eval_res": {
    "precision": 26.8797,
    "recall": 14.0059,
    "f-score": 18.416
  },
  "clean_eval": {
    "f-score": 5.616850551654965,
    "precision": 4.253164556962026,
    "recall": 8.267716535433072,
    "tp": 84,
    "fp": 1891,
    "fn": 932
  },
  "jaccard": [
    0.575772934617334
  ],
  "braycurtis": [
    0.4315007002549646
  ],
  "dice": [
    0.40427046263345195
  ],
  "cosinus": [
    0.18532001243374474
  ]
}