{
  "voc_eval_res": {
    "precision": 49.7537,
    "recall": 26.0309,
    "f-score": 34.1794
  },
  "KL_res": {
    "KL divergence": 2.2769744022300706,
    "Euclidean Dist.": 0.17421432583450225,
    "WER": 0.9648648648648649,
    "CER": 0.7527216174183515,
    "Cosine Dist.": 0.4073695832908777
  },
  "occ_eval_res": {
    "precision": 40.483,
    "recall": 38.5135,
    "f-score": 39.4737
  },
  "clean_eval": {
    "f-score": 14.940828402366863,
    "precision": 14.346590909090908,
    "recall": 15.58641975308642,
    "tp": 101,
    "fp": 603,
    "fn": 547
  },
  "jaccard": [
    0.5204372623574145
  ],
  "braycurtis": [
    0.2767209758594216
  ],
  "dice": [
    0.35175072277545777
  ],
  "cosinus": [
    0.12267746146864622
  ]
}