{
  "voc_eval_res": {
    "precision": 48.7805,
    "recall": 12.9032,
    "f-score": 20.4082
  },
  "KL_res": {
    "KL divergence": 2.845430512897052,
    "Euclidean Dist.": 0.15861999316745992,
    "WER": 0.893541518807665,
    "CER": 0.7041753843354862,
    "Cosine Dist.": 0.2901338559027802
  },
  "occ_eval_res": {
    "precision": 46.3035,
    "recall": 25.3371,
    "f-score": 32.7523
  },
  "clean_eval": {
    "f-score": 8.593012275731821,
    "precision": 6.710914454277287,
    "recall": 11.94225721784777,
    "tp": 91,
    "fp": 1265,
    "fn": 671
  },
  "jaccard": [
    0.6657424522489217
  ],
  "braycurtis": [
    0.36743491958215885
  ],
  "dice": [
    0.4989609789886862
  ],
  "cosinus": [
    0.13521905222406438
  ]
}