{
  "voc_eval_res": {
    "precision": 79.5122,
    "recall": 28.152,
    "f-score": 41.5816
  },
  "KL_res": {
    "KL divergence": 1.506523261303889,
    "Euclidean Dist.": 0.12062328928711902,
    "WER": 0.6096458176337604,
    "CER": 0.5110120131052057,
    "Cosine Dist.": 0.07866115349313318
  },
  "occ_eval_res": {
    "precision": 80.1556,
    "recall": 46.5712,
    "f-score": 58.9133
  },
  "clean_eval": {
    "f-score": 33.94406943105111,
    "precision": 26.82926829268293,
    "recall": 46.194225721784775,
    "tp": 352,
    "fp": 960,
    "fn": 410
  },
  "jaccard": [
    0.5454874954693729
  ],
  "braycurtis": [
    0.2573500913570677
  ],
  "dice": [
    0.37503114876650884
  ],
  "cosinus": [
    0.04298499281498058
  ]
}