{
  "voc_eval_res": {
    "precision": 79.2271,
    "recall": 31.0606,
    "f-score": 44.6259
  },
  "KL_res": {
    "KL divergence": 1.0279373893607375,
    "Euclidean Dist.": 0.09391961677074334,
    "WER": 0.4445927903871829,
    "CER": 0.31663122075712463,
    "Cosine Dist.": 0.027130867244540946
  },
  "occ_eval_res": {
    "precision": 88.2583,
    "recall": 60.2136,
    "f-score": 71.5873
  },
  "clean_eval": {
    "f-score": 35.4995938261576,
    "precision": 29.972565157750342,
    "recall": 43.52589641434263,
    "tp": 437,
    "fp": 1021,
    "fn": 567
  },
  "jaccard": [
    0.5082912761355444
  ],
  "braycurtis": [
    0.15010410751466968
  ],
  "dice": [
    0.3407443209279845
  ],
  "cosinus": [
    0.013964082682874523
  ]
}