{
  "voc_eval_res": {
    "precision": 17.3084,
    "recall": 35.4199,
    "f-score": 23.2536
  },
  "KL_res": {
    "KL divergence": 0.3676557125198876,
    "Euclidean Dist.": 0.04712044474153762,
    "WER": 0.6013606978516783,
    "CER": 0.18170263995184452,
    "Cosine Dist.": 0.08062166932895609
  },
  "occ_eval_res": {
    "precision": 53.3066,
    "recall": 54.9238,
    "f-score": 54.1031
  },
  "clean_eval": {
    "f-score": 35.55271353398874,
    "precision": 35.383793237465994,
    "recall": 35.72325439956053,
    "tp": 36417,
    "fp": 66503,
    "fn": 65525
  },
  "jaccard": [
    0.6976476014760148
  ],
  "braycurtis": [
    0.19992390485300515
  ],
  "dice": [
    0.5356826633610767
  ],
  "cosinus": [
    0.03179445700061845
  ]
}