{
  "voc_eval_res": {
    "precision": 75.8621,
    "recall": 25.2874,
    "f-score": 37.931
  },
  "KL_res": {
    "KL divergence": 2.1360017189352525,
    "Euclidean Dist.": 0.21311079689258025,
    "WER": 0.5502645502645502,
    "CER": 0.47828823159219636,
    "Cosine Dist.": 0.09467261262067894
  },
  "occ_eval_res": {
    "precision": 84.2593,
    "recall": 48.1481,
    "f-score": 61.2795
  },
  "clean_eval": {
    "f-score": 53.284671532846716,
    "precision": 42.19653179190752,
    "recall": 72.27722772277228,
    "tp": 73,
    "fp": 100,
    "fn": 28
  },
  "jaccard": [
    0.6247058823529412
  ],
  "braycurtis": [
    0.30027333073018353
  ],
  "dice": [
    0.4542343883661249
  ],
  "cosinus": [
    0.0818568084505471
  ]
}