{
  "voc_eval_res": {
    "precision": 82.7586,
    "recall": 35.8209,
    "f-score": 50.0
  },
  "KL_res": {
    "KL divergence": 4.195310050079674,
    "Euclidean Dist.": 0.49290069863124286,
    "WER": 0.685823754789272,
    "CER": 0.7169585987261147,
    "Cosine Dist.": 0.6256169739909272
  },
  "occ_eval_res": {
    "precision": 80.7339,
    "recall": 33.7165,
    "f-score": 47.5676
  },
  "clean_eval": {
    "f-score": 41.96185286103542,
    "precision": 29.615384615384617,
    "recall": 71.96261682242991,
    "tp": 77,
    "fp": 183,
    "fn": 30
  },
  "jaccard": [
    0.5073409461663948
  ],
  "braycurtis": [
    0.5627067669172933
  ],
  "dice": [
    0.33989071038251367
  ],
  "cosinus": [
    0.6060046889882587
  ]
}