{
  "voc_eval_res": {
    "precision": 45.8333,
    "recall": 41.7722,
    "f-score": 43.7086
  },
  "KL_res": {
    "KL divergence": 1.6712426838645529,
    "Euclidean Dist.": 0.14319602998158357,
    "WER": 0.7348484848484849,
    "CER": 0.5716911764705882,
    "Cosine Dist.": 0.22801586491801717
  },
  "occ_eval_res": {
    "precision": 54.8673,
    "recall": 46.9697,
    "f-score": 50.6122
  },
  "clean_eval": {
    "f-score": 36.20689655172414,
    "precision": 33.6,
    "recall": 39.25233644859813,
    "tp": 42,
    "fp": 83,
    "fn": 65
  },
  "jaccard": [
    0.4448484848484848
  ],
  "braycurtis": [
    0.26825842696629215
  ],
  "dice": [
    0.2860483242400624
  ],
  "cosinus": [
    0.08354240993580453
  ]
}