{
  "voc_eval_res": {
    "precision": 48.3766,
    "recall": 61.1323,
    "f-score": 54.0115
  },
  "KL_res": {
    "KL divergence": 0.22196613319667927,
    "Euclidean Dist.": 0.027595876754860266,
    "WER": 0.28561684540371163,
    "CER": 0.10205779631009163,
    "Cosine Dist.": 0.031489218530922014
  },
  "occ_eval_res": {
    "precision": 78.1787,
    "recall": 79.8914,
    "f-score": 79.0258
  },
  "clean_eval": {
    "f-score": 68.52172504227548,
    "precision": 67.44697533489263,
    "recall": 69.63128108386212,
    "tp": 101505,
    "fp": 48991,
    "fn": 44270
  },
  "jaccard": [
    0.6593633984541416
  ],
  "braycurtis": [
    0.12873922080475023
  ],
  "dice": [
    0.49182858180497546
  ],
  "cosinus": [
    0.019494440078441033
  ]
}