{
  "voc_eval_res": {
    "precision": 53.4749,
    "recall": 40.7353,
    "f-score": 46.2437
  },
  "KL_res": {
    "KL divergence": 1.2892960850400315,
    "Euclidean Dist.": 0.07077500952304933,
    "WER": 0.6329211746522411,
    "CER": 0.5203058799214633,
    "Cosine Dist.": 0.14214981062075993
  },
  "occ_eval_res": {
    "precision": 62.3486,
    "recall": 51.7002,
    "f-score": 56.5272
  },
  "clean_eval": {
    "f-score": 41.20649651972158,
    "precision": 36.81592039800995,
    "recall": 46.78609062170706,
    "tp": 444,
    "fp": 762,
    "fn": 505
  },
  "jaccard": [
    0.42777948875885435
  ],
  "braycurtis": [
    0.1919131936946664
  ],
  "dice": [
    0.27208619000979434
  ],
  "cosinus": [
    0.03711104811152066
  ]
}