{
  "voc_eval_res": {
    "precision": 58.6608,
    "recall": 60.1493,
    "f-score": 59.3957
  },
  "KL_res": {
    "KL divergence": 0.6634912325935562,
    "Euclidean Dist.": 0.06926929951324948,
    "WER": 0.493801652892562,
    "CER": 0.337356224148677,
    "Cosine Dist.": 0.1125201497443914
  },
  "occ_eval_res": {
    "precision": 66.7587,
    "recall": 74.8967,
    "f-score": 70.594
  },
  "clean_eval": {
    "f-score": 55.36895674300255,
    "precision": 58.36909871244635,
    "recall": 52.6621490803485,
    "tp": 1088,
    "fp": 776,
    "fn": 978
  },
  "jaccard": [
    0.26638604930847865
  ],
  "braycurtis": [
    0.1208687695123264
  ],
  "dice": [
    0.15365938258758238
  ],
  "cosinus": [
    0.02666132575504332
  ]
}