{
  "voc_eval_res": {
    "precision": 56.8471,
    "recall": 61.9792,
    "f-score": 59.3023
  },
  "KL_res": {
    "KL divergence": 0.793130977859941,
    "Euclidean Dist.": 0.08006767790488599,
    "WER": 0.5300171526586621,
    "CER": 0.38634350082268065,
    "Cosine Dist.": 0.12393826434771227
  },
  "occ_eval_res": {
    "precision": 66.5963,
    "recall": 72.1555,
    "f-score": 69.2645
  },
  "clean_eval": {
    "f-score": 55.494978479196554,
    "precision": 57.42280285035629,
    "recall": 53.692393114936145,
    "tp": 967,
    "fp": 717,
    "fn": 834
  },
  "jaccard": [
    0.31264501160092806
  ],
  "braycurtis": [
    0.13914915552321175
  ],
  "dice": [
    0.1852870402200069
  ],
  "cosinus": [
    0.039911897754353776
  ]
}