{
  "voc_eval_res": {
    "precision": 53.8462,
    "recall": 5.4024,
    "f-score": 9.8196
  },
  "KL_res": {
    "KL divergence": 4.521003851869482,
    "Euclidean Dist.": 0.32659092539787626,
    "WER": 0.9249658935879945,
    "CER": 0.8445026178010471,
    "Cosine Dist.": 0.536536595412559
  },
  "occ_eval_res": {
    "precision": 52.5,
    "recall": 8.5948,
    "f-score": 14.7714
  },
  "clean_eval": {
    "f-score": 5.283505154639175,
    "precision": 3.11787072243346,
    "recall": 17.29957805907173,
    "tp": 41,
    "fp": 1274,
    "fn": 196
  },
  "jaccard": [
    0.822038567493113
  ],
  "braycurtis": [
    0.7204522096608428
  ],
  "dice": [
    0.6978484565014031
  ],
  "cosinus": [
    0.37213631426152316
  ]
}