{
  "voc_eval_res": {
    "precision": 83.1417,
    "recall": 57.2362,
    "f-score": 67.7986
  },
  "KL_res": {
    "KL divergence": 0.0935920293026362,
    "Euclidean Dist.": 0.015458322593499843,
    "WER": 0.6820061099262722,
    "CER": 0.659276384689865,
    "Cosine Dist.": 0.008448089132425896
  },
  "occ_eval_res": {
    "precision": 93.8037,
    "recall": 34.476,
    "f-score": 50.4207
  },
  "clean_eval": {
    "f-score": 46.66920646648426,
    "precision": 32.07358549447527,
    "recall": 85.64205412123609,
    "tp": 60638,
    "fp": 128421,
    "fn": 10166
  },
  "jaccard": [
    0.4778016174286186
  ],
  "braycurtis": [
    0.4997790261175155
  ],
  "dice": [
    0.3138891900683075
  ],
  "cosinus": [
    0.010209936011763787
  ]
}