{
  "voc_eval_res": {
    "precision": 25.3731,
    "recall": 12.0567,
    "f-score": 16.3462
  },
  "KL_res": {
    "KL divergence": 5.173049719987846,
    "Euclidean Dist.": 0.3800886160174993,
    "WER": 0.9748201438848921,
    "CER": 0.7039800995024875,
    "Cosine Dist.": 0.8739558303277195
  },
  "occ_eval_res": {
    "precision": 14.7368,
    "recall": 15.1079,
    "f-score": 14.9201
  },
  "clean_eval": {
    "f-score": 4.0,
    "precision": 4.074074074074074,
    "recall": 3.9285714285714284,
    "tp": 11,
    "fp": 259,
    "fn": 269
  },
  "jaccard": [
    0.7006688963210702
  ],
  "braycurtis": [
    0.4671003717472119
  ],
  "dice": [
    0.5392535392535392
  ],
  "cosinus": [
    0.2600067167962514
  ]
}