{
  "voc_eval_res": {
    "precision": 51.0695,
    "recall": 35.305,
    "f-score": 41.7486
  },
  "KL_res": {
    "KL divergence": 1.8842609568156252,
    "Euclidean Dist.": 0.08818996076746195,
    "WER": 0.7158006362672322,
    "CER": 0.5560625814863103,
    "Cosine Dist.": 0.12111087218360328
  },
  "occ_eval_res": {
    "precision": 56.9678,
    "recall": 39.4486,
    "f-score": 46.6165
  },
  "clean_eval": {
    "f-score": 32.79742765273312,
    "precision": 28.052805280528055,
    "recall": 39.473684210526315,
    "tp": 255,
    "fp": 654,
    "fn": 391
  },
  "jaccard": [
    0.5296666666666666
  ],
  "braycurtis": [
    0.28831549089578185
  ],
  "dice": [
    0.3602357742008615
  ],
  "cosinus": [
    0.056674049342100186
  ]
}