{
  "voc_eval_res": {
    "precision": 50.5076,
    "recall": 40.202,
    "f-score": 44.7694
  },
  "KL_res": {
    "KL divergence": 1.6913566980683934,
    "Euclidean Dist.": 0.09296914694901087,
    "WER": 0.7160048134777377,
    "CER": 0.5630329996292176,
    "Cosine Dist.": 0.15307746660628563
  },
  "occ_eval_res": {
    "precision": 55.0232,
    "recall": 42.84,
    "f-score": 48.1732
  },
  "clean_eval": {
    "f-score": 33.79310344827587,
    "precision": 30.17241379310345,
    "recall": 38.4012539184953,
    "tp": 245,
    "fp": 567,
    "fn": 393
  },
  "jaccard": [
    0.5260915867944622
  ],
  "braycurtis": [
    0.26686906277543826
  ],
  "dice": [
    0.3569364161849711
  ],
  "cosinus": [
    0.058615264475974316
  ]
}