{
  "voc_eval_res": {
    "precision": 31.8841,
    "recall": 3.9956,
    "f-score": 7.1014
  },
  "KL_res": {
    "KL divergence": 3.170573915682848,
    "Euclidean Dist.": 0.20107424424942166,
    "WER": 0.903377280115586,
    "CER": 0.7367180218213718,
    "Cosine Dist.": 0.5991814470471858
  },
  "occ_eval_res": {
    "precision": 42.8844,
    "recall": 12.1907,
    "f-score": 18.9847
  },
  "clean_eval": {
    "f-score": 3.4251675353685784,
    "precision": 2.214093184443589,
    "recall": 7.5608152531229464,
    "tp": 115,
    "fp": 5079,
    "fn": 1406
  },
  "jaccard": [
    0.7259245697546686
  ],
  "braycurtis": [
    0.5496440614462346
  ],
  "dice": [
    0.5697657709441012
  ],
  "cosinus": [
    0.21765366109389173
  ]
}