{
  "voc_eval_res": {
    "precision": 27.2727,
    "recall": 11.0472,
    "f-score": 15.7248
  },
  "KL_res": {
    "KL divergence": 2.374221136909641,
    "Euclidean Dist.": 0.1085364604380254,
    "WER": 0.8275092936802974,
    "CER": 0.6325,
    "Cosine Dist.": 0.09316521475383699
  },
  "occ_eval_res": {
    "precision": 39.5301,
    "recall": 28.7732,
    "f-score": 33.3046
  },
  "clean_eval": {
    "f-score": 5.9620596205962055,
    "precision": 5.124223602484472,
    "recall": 7.127429805615551,
    "tp": 66,
    "fp": 1222,
    "fn": 860
  },
  "jaccard": [
    0.568217296284733
  ],
  "braycurtis": [
    0.30723646174600117
  ],
  "dice": [
    0.396860008722198
  ],
  "cosinus": [
    0.07654164539870167
  ]
}