{
  "voc_eval_res": {
    "precision": 14.2857,
    "recall": 2.8674,
    "f-score": 4.7761
  },
  "KL_res": {
    "KL divergence": 6.378606189561838,
    "Euclidean Dist.": 0.40150719235177357,
    "WER": 0.99,
    "CER": 0.8138228941684665,
    "Cosine Dist.": 0.9589467651748812
  },
  "occ_eval_res": {
    "precision": 8.0357,
    "recall": 1.8,
    "f-score": 2.9412
  },
  "clean_eval": {
    "f-score": 1.151631477927063,
    "precision": 0.7092198581560284,
    "recall": 3.061224489795918,
    "tp": 3,
    "fp": 420,
    "fn": 95
  },
  "jaccard": [
    0.8724035608308606
  ],
  "braycurtis": [
    0.738971706723456
  ],
  "dice": [
    0.7736842105263158
  ],
  "cosinus": [
    0.47101442824073436
  ]
}