{
  "voc_eval_res": {
    "precision": 71.912,
    "recall": 91.64,
    "f-score": 80.5862
  },
  "KL_res": {
    "KL divergence": 0.027644857121967813,
    "Euclidean Dist.": 0.011247486117846105,
    "WER": 0.12007347578270618,
    "CER": 0.04843609415361396,
    "Cosine Dist.": 0.0037393474659113135
  },
  "occ_eval_res": {
    "precision": 90.6612,
    "recall": 94.3617,
    "f-score": 92.4744
  },
  "clean_eval": {
    "f-score": 83.00581618779731,
    "precision": 85.39429619391878,
    "recall": 80.7473124022192,
    "tp": 128515,
    "fp": 21981,
    "fn": 30642
  },
  "jaccard": [
    0.6044787644787645
  ],
  "braycurtis": [
    0.06851578905372442
  ],
  "dice": [
    0.43315626383355466
  ],
  "cosinus": [
    0.0056523755653437036
  ]
}