{
  "voc_eval_res": {
    "precision": 42.348,
    "recall": 33.4992,
    "f-score": 37.4074
  },
  "KL_res": {
    "KL divergence": 1.4903662758272846,
    "Euclidean Dist.": 0.04819990501519742,
    "WER": 0.70703125,
    "CER": 0.508959739353037,
    "Cosine Dist.": 0.09536825830802798
  },
  "occ_eval_res": {
    "precision": 53.7137,
    "recall": 48.7305,
    "f-score": 51.1009
  },
  "clean_eval": {
    "f-score": 30.292792792792795,
    "precision": 28.955866523143165,
    "recall": 31.759149940968122,
    "tp": 269,
    "fp": 660,
    "fn": 578
  },
  "jaccard": [
    0.48788582807832725
  ],
  "braycurtis": [
    0.19420342251144854
  ],
  "dice": [
    0.3226514486391572
  ],
  "cosinus": [
    0.030853375462776778
  ]
}