{
  "voc_eval_res": {
    "precision": 34.1593,
    "recall": 30.4416,
    "f-score": 32.1935
  },
  "KL_res": {
    "KL divergence": 1.9919633539339274,
    "Euclidean Dist.": 0.05448569984154517,
    "WER": 0.7835897435897435,
    "CER": 0.5897714907508161,
    "Cosine Dist.": 0.24006089010769038
  },
  "occ_eval_res": {
    "precision": 43.6364,
    "recall": 39.3846,
    "f-score": 41.4016
  },
  "clean_eval": {
    "f-score": 30.306345733041574,
    "precision": 28.914405010438415,
    "recall": 31.839080459770113,
    "tp": 277,
    "fp": 681,
    "fn": 593
  },
  "jaccard": [
    0.4960762331838565
  ],
  "braycurtis": [
    0.22594371162847243
  ],
  "dice": [
    0.32985464032799106
  ],
  "cosinus": [
    0.04809607979002095
  ]
}