{
  "voc_eval_res": {
    "precision": 34.3621,
    "recall": 31.3321,
    "f-score": 32.7772
  },
  "KL_res": {
    "KL divergence": 2.276374055356022,
    "Euclidean Dist.": 0.053525649809121556,
    "WER": 0.8300153139356815,
    "CER": 0.5406548266280053,
    "Cosine Dist.": 0.2926695503129202
  },
  "occ_eval_res": {
    "precision": 37.9085,
    "recall": 35.5283,
    "f-score": 36.6798
  },
  "clean_eval": {
    "f-score": 25.043782837127843,
    "precision": 24.361158432708688,
    "recall": 25.765765765765764,
    "tp": 143,
    "fp": 444,
    "fn": 412
  },
  "jaccard": [
    0.42031080592699677
  ],
  "braycurtis": [
    0.15989507076622742
  ],
  "dice": [
    0.26607183710821325
  ],
  "cosinus": [
    0.015887129360179886
  ]
}