{
  "voc_eval_res": {
    "precision": 43.9153,
    "recall": 39.84,
    "f-score": 41.7785
  },
  "KL_res": {
    "KL divergence": 0.8280937527642278,
    "Euclidean Dist.": 0.11476965006996744,
    "WER": 0.7631224764468372,
    "CER": 0.5669984284965951,
    "Cosine Dist.": 0.036089740168477324
  },
  "occ_eval_res": {
    "precision": 53.8172,
    "recall": 67.362,
    "f-score": 59.8326
  },
  "clean_eval": {
    "f-score": 32.8575766778014,
    "precision": 37.054794520547944,
    "recall": 29.514457174031644,
    "tp": 541,
    "fp": 919,
    "fn": 1292
  },
  "jaccard": [
    0.45285983658076684
  ],
  "braycurtis": [
    0.20499705789163988
  ],
  "dice": [
    0.29270769855778994
  ],
  "cosinus": [
    0.036003009421269994
  ]
}