{
  "voc_eval_res": {
    "precision": 77.0115,
    "recall": 37.8531,
    "f-score": 50.7576
  },
  "KL_res": {
    "KL divergence": 3.681598040285035,
    "Euclidean Dist.": 0.31247540414120134,
    "WER": 0.674074074074074,
    "CER": 0.715381397294659,
    "Cosine Dist.": 0.622680851204215
  },
  "occ_eval_res": {
    "precision": 75.7962,
    "recall": 35.2593,
    "f-score": 48.1294
  },
  "clean_eval": {
    "f-score": 15.918367346938775,
    "precision": 11.659192825112108,
    "recall": 25.080385852090032,
    "tp": 78,
    "fp": 591,
    "fn": 233
  },
  "jaccard": [
    0.4549800796812749
  ],
  "braycurtis": [
    0.5474406991260924
  ],
  "dice": [
    0.29448169159360493
  ],
  "cosinus": [
    0.48440234142833094
  ]
}