{
  "voc_eval_res": {
    "precision": 3.8093,
    "recall": 16.2753,
    "f-score": 6.1737
  },
  "KL_res": {
    "KL divergence": 0.9170315994660183,
    "Euclidean Dist.": 0.07783331528285195,
    "WER": 0.9485797449098994,
    "CER": 0.4991442620518636,
    "Cosine Dist.": 0.2928201039681977
  },
  "occ_eval_res": {
    "precision": 23.2795,
    "recall": 25.4286,
    "f-score": 24.3066
  },
  "clean_eval": {
    "f-score": 7.962141906082278,
    "precision": 8.443600157212106,
    "recall": 7.532627751444711,
    "tp": 11601,
    "fp": 125793,
    "fn": 142409
  },
  "jaccard": [
    0.7960448057097541
  ],
  "braycurtis": [
    0.3623461642388661
  ],
  "dice": [
    0.6611913877567823
  ],
  "cosinus": [
    0.09372975648344539
  ]
}