{
  "voc_eval_res": {
    "precision": 85.6,
    "recall": 35.082,
    "f-score": 49.7674
  },
  "KL_res": {
    "KL divergence": 2.919515868962111,
    "Euclidean Dist.": 0.5514650287771258,
    "WER": 0.8205854579792257,
    "CER": 0.6336746302616609,
    "Cosine Dist.": 0.7774791123053988
  },
  "occ_eval_res": {
    "precision": 86.3436,
    "recall": 18.508,
    "f-score": 30.4821
  },
  "clean_eval": {
    "f-score": 21.269841269841272,
    "precision": 12.87223823246878,
    "recall": 61.18721461187214,
    "tp": 134,
    "fp": 907,
    "fn": 85
  },
  "jaccard": [
    0.4991615427613192
  ],
  "braycurtis": [
    0.5060205580029369
  ],
  "dice": [
    0.33258845437616386
  ],
  "cosinus": [
    0.6854696863347125
  ]
}