{
  "voc_eval_res": {
    "precision": 37.234,
    "recall": 7.7778,
    "f-score": 12.8676
  },
  "KL_res": {
    "KL divergence": 4.1796892068629505,
    "Euclidean Dist.": 0.23665826230276765,
    "WER": 0.9171597633136095,
    "CER": 0.7193284545845889,
    "Cosine Dist.": 0.6300220437094894
  },
  "occ_eval_res": {
    "precision": 31.3901,
    "recall": 10.355,
    "f-score": 15.5729
  },
  "clean_eval": {
    "f-score": 5.336426914153133,
    "precision": 3.58814352574103,
    "recall": 10.407239819004525,
    "tp": 23,
    "fp": 618,
    "fn": 198
  },
  "jaccard": [
    0.7262872628726287
  ],
  "braycurtis": [
    0.5419170673076923
  ],
  "dice": [
    0.5702127659574469
  ],
  "cosinus": [
    0.2615791829300129
  ]
}