{
  "voc_eval_res": {
    "precision": 21.2766,
    "recall": 3.4843,
    "f-score": 5.988
  },
  "KL_res": {
    "KL divergence": 4.427431037036045,
    "Euclidean Dist.": 0.2609418373412221,
    "WER": 0.9621689785624212,
    "CER": 0.7775043936731107,
    "Cosine Dist.": 0.7837117078627915
  },
  "occ_eval_res": {
    "precision": 14.3498,
    "recall": 4.0353,
    "f-score": 6.2992
  },
  "clean_eval": {
    "f-score": 2.02020202020202,
    "precision": 1.3003901170351104,
    "recall": 4.524886877828054,
    "tp": 10,
    "fp": 759,
    "fn": 211
  },
  "jaccard": [
    0.7768817204301075
  ],
  "braycurtis": [
    0.6430709173715029
  ],
  "dice": [
    0.6351648351648351
  ],
  "cosinus": [
    0.35497956420210974
  ]
}