{
  "voc_eval_res": {
    "precision": 33.6283,
    "recall": 31.1475,
    "f-score": 32.3404
  },
  "KL_res": {
    "KL divergence": 1.4617761097398962,
    "Euclidean Dist.": 0.1543101111439986,
    "WER": 1.1680672268907564,
    "CER": 1.0094866071428572,
    "Cosine Dist.": 0.08953480550017434
  },
  "occ_eval_res": {
    "precision": 38.3202,
    "recall": 61.3445,
    "f-score": 47.1729
  },
  "clean_eval": {
    "f-score": 8.955223880597014,
    "precision": 11.637931034482758,
    "recall": 7.277628032345014,
    "tp": 27,
    "fp": 205,
    "fn": 344
  },
  "jaccard": [
    0.5479901558654635
  ],
  "braycurtis": [
    0.364713216957606
  ],
  "dice": [
    0.37740112994350283
  ],
  "cosinus": [
    0.05410494158247403
  ]
}