{
  "voc_eval_res": {
    "precision": 44.4444,
    "recall": 4.1812,
    "f-score": 7.6433
  },
  "KL_res": {
    "KL divergence": 4.234469339015379,
    "Euclidean Dist.": 0.7261602873071774,
    "WER": 0.8865069356872636,
    "CER": 0.6666080843585237,
    "Cosine Dist.": 0.13987056771274609
  },
  "occ_eval_res": {
    "precision": 29.7468,
    "recall": 11.8537,
    "f-score": 16.9522
  },
  "clean_eval": {
    "f-score": 3.686635944700461,
    "precision": 2.600780234070221,
    "recall": 6.329113924050633,
    "tp": 20,
    "fp": 749,
    "fn": 296
  },
  "jaccard": [
    0.8136256851996868
  ],
  "braycurtis": [
    0.57144527595884
  ],
  "dice": [
    0.6858085808580858
  ],
  "cosinus": [
    0.2281962667943861
  ]
}