{
  "voc_eval_res": {
    "precision": 76.4706,
    "recall": 29.5455,
    "f-score": 42.623
  },
  "KL_res": {
    "KL divergence": 3.103071346010158,
    "Euclidean Dist.": 0.3652110471994786,
    "WER": 0.6625,
    "CER": 0.40620384047267355,
    "Cosine Dist.": 0.30653376363360596
  },
  "occ_eval_res": {
    "precision": 58.8235,
    "recall": 37.5,
    "f-score": 45.8015
  },
  "clean_eval": {
    "f-score": 44.06779661016949,
    "precision": 37.68115942028986,
    "recall": 53.06122448979592,
    "tp": 26,
    "fp": 43,
    "fn": 23
  },
  "jaccard": [
    0.5324384787472036
  ],
  "braycurtis": [
    0.24196277495769883
  ],
  "dice": [
    0.3628048780487805
  ],
  "cosinus": [
    0.06868793539342022
  ]
}