{
  "voc_eval_res": {
    "precision": 33.829,
    "recall": 19.6121,
    "f-score": 24.8295
  },
  "KL_res": {
    "KL divergence": 2.4839408717888833,
    "Euclidean Dist.": 0.260646483725379,
    "WER": 0.9768089053803339,
    "CER": 0.771507498026835,
    "Cosine Dist.": 0.5646509190249127
  },
  "occ_eval_res": {
    "precision": 29.085,
    "recall": 33.0241,
    "f-score": 30.9296
  },
  "clean_eval": {
    "f-score": 8.56573705179283,
    "precision": 8.548707753479125,
    "recall": 8.582834331337326,
    "tp": 86,
    "fp": 920,
    "fn": 916
  },
  "jaccard": [
    0.6236992279288351
  ],
  "braycurtis": [
    0.4212834034484802
  ],
  "dice": [
    0.4531707317073171
  ],
  "cosinus": [
    0.30886707907409006
  ]
}