{
  "voc_eval_res": {
    "precision": 52.9851,
    "recall": 26.7925,
    "f-score": 35.589
  },
  "KL_res": {
    "KL divergence": 1.303844949705514,
    "Euclidean Dist.": 0.12701365509482976,
    "WER": 0.7033898305084746,
    "CER": 0.5036319612590799,
    "Cosine Dist.": 0.0721361782597506
  },
  "occ_eval_res": {
    "precision": 61.92,
    "recall": 54.661,
    "f-score": 58.0645
  },
  "clean_eval": {
    "f-score": 10.933081998114986,
    "precision": 10.301953818827709,
    "recall": 11.646586345381527,
    "tp": 58,
    "fp": 505,
    "fn": 440
  },
  "jaccard": [
    0.5407938257993384
  ],
  "braycurtis": [
    0.23541390897057327
  ],
  "dice": [
    0.370608235738572
  ],
  "cosinus": [
    0.04965744371242897
  ]
}