{
  "voc_eval_res": {
    "precision": 60.1156,
    "recall": 17.3623,
    "f-score": 26.943
  },
  "KL_res": {
    "KL divergence": 2.228062236429657,
    "Euclidean Dist.": 0.16718745562307333,
    "WER": 0.7420464316423044,
    "CER": 0.5686679630529898,
    "Cosine Dist.": 0.11156985752297643
  },
  "occ_eval_res": {
    "precision": 56.5585,
    "recall": 34.4798,
    "f-score": 42.8419
  },
  "clean_eval": {
    "f-score": 16.55824955647546,
    "precision": 13.397129186602871,
    "recall": 21.671826625387,
    "tp": 140,
    "fp": 905,
    "fn": 506
  },
  "jaccard": [
    0.6509621765096217
  ],
  "braycurtis": [
    0.35522118984884204
  ],
  "dice": [
    0.4825381210034432
  ],
  "cosinus": [
    0.1229725692705741
  ]
}