{
  "voc_eval_res": {
    "precision": 70.7317,
    "recall": 34.5238,
    "f-score": 46.4
  },
  "KL_res": {
    "KL divergence": 3.095032300524381,
    "Euclidean Dist.": 0.16289055630494156,
    "WER": 0.6666666666666666,
    "CER": 0.5080291970802919,
    "Cosine Dist.": 0.28660770159149296
  },
  "occ_eval_res": {
    "precision": 70.0,
    "recall": 36.4583,
    "f-score": 47.9452
  },
  "clean_eval": {
    "f-score": 44.28571428571429,
    "precision": 33.33333333333333,
    "recall": 65.95744680851064,
    "tp": 31,
    "fp": 62,
    "fn": 16
  },
  "jaccard": [
    0.4805699481865285
  ],
  "braycurtis": [
    0.3404074702886248
  ],
  "dice": [
    0.31628303495311166
  ],
  "cosinus": [
    0.12156433470506878
  ]
}