{
  "voc_eval_res": {
    "precision": 71.6981,
    "recall": 40.4255,
    "f-score": 51.7007
  },
  "KL_res": {
    "KL divergence": 2.7920885387814387,
    "Euclidean Dist.": 0.13676108220358635,
    "WER": 0.6293103448275862,
    "CER": 0.5198598130841121,
    "Cosine Dist.": 0.286746940415045
  },
  "occ_eval_res": {
    "precision": 75.0,
    "recall": 38.7931,
    "f-score": 51.1364
  },
  "clean_eval": {
    "f-score": 46.15384615384615,
    "precision": 34.82142857142857,
    "recall": 68.42105263157895,
    "tp": 39,
    "fp": 73,
    "fn": 18
  },
  "jaccard": [
    0.49575371549893843
  ],
  "braycurtis": [
    0.35782512858192506
  ],
  "dice": [
    0.3295695130557516
  ],
  "cosinus": [
    0.13300151118764125
  ]
}