{
  "voc_eval_res": {
    "precision": 43.4783,
    "recall": 19.1388,
    "f-score": 26.5781
  },
  "KL_res": {
    "KL divergence": 3.107794045842248,
    "Euclidean Dist.": 0.148166021096285,
    "WER": 0.8264984227129337,
    "CER": 0.6458481192334989,
    "Cosine Dist.": 0.24546233230875858
  },
  "occ_eval_res": {
    "precision": 53.1469,
    "recall": 23.9748,
    "f-score": 33.0435
  },
  "clean_eval": {
    "f-score": 24.623115577889447,
    "precision": 18.081180811808117,
    "recall": 38.582677165354326,
    "tp": 49,
    "fp": 222,
    "fn": 78
  },
  "jaccard": [
    0.5810210876803552
  ],
  "braycurtis": [
    0.3985981308411215
  ],
  "dice": [
    0.409464215877982
  ],
  "cosinus": [
    0.0860634924758934
  ]
}