{
  "voc_eval_res": {
    "precision": 36.0136,
    "recall": 45.3638,
    "f-score": 40.1515
  },
  "KL_res": {
    "KL divergence": 1.0391823441796773,
    "Euclidean Dist.": 0.07086861491317832,
    "WER": 0.9850238257317904,
    "CER": 0.6871476888387824,
    "Cosine Dist.": 0.2128209153810472
  },
  "occ_eval_res": {
    "precision": 44.1627,
    "recall": 56.9095,
    "f-score": 49.7323
  },
  "clean_eval": {
    "f-score": 27.485900860789553,
    "precision": 30.805056553559545,
    "recall": 24.812433011789924,
    "tp": 463,
    "fp": 1040,
    "fn": 1403
  },
  "jaccard": [
    0.6555644196250499
  ],
  "braycurtis": [
    0.35209251731837177
  ],
  "dice": [
    0.4876131137813381
  ],
  "cosinus": [
    0.0773664779950991
  ]
}