{
  "voc_eval_res": {
    "precision": 24.9071,
    "recall": 13.035,
    "f-score": 17.1137
  },
  "KL_res": {
    "KL divergence": 3.024754166342692,
    "Euclidean Dist.": 0.23949399613544398,
    "WER": 0.9827586206896551,
    "CER": 0.7409059711736444,
    "Cosine Dist.": 0.5995112361994446
  },
  "occ_eval_res": {
    "precision": 22.4673,
    "recall": 23.7069,
    "f-score": 23.0705
  },
  "clean_eval": {
    "f-score": 5.849056603773585,
    "precision": 5.545617173524151,
    "recall": 6.187624750499002,
    "tp": 62,
    "fp": 1056,
    "fn": 940
  },
  "jaccard": [
    0.6322494133422729
  ],
  "braycurtis": [
    0.44433305485937064
  ],
  "dice": [
    0.46225490196078434
  ],
  "cosinus": [
    0.3121067624424084
  ]
}