{
  "voc_eval_res": {
    "precision": 45.4545,
    "recall": 16.537,
    "f-score": 24.2511
  },
  "KL_res": {
    "KL divergence": 2.4870519941072744,
    "Euclidean Dist.": 0.1888218406625723,
    "WER": 0.8129310344827586,
    "CER": 0.6289178677648135,
    "Cosine Dist.": 0.28370775374488644
  },
  "occ_eval_res": {
    "precision": 40.5216,
    "recall": 34.8276,
    "f-score": 37.4594
  },
  "clean_eval": {
    "f-score": 12.298387096774194,
    "precision": 10.912343470483005,
    "recall": 14.087759815242496,
    "tp": 122,
    "fp": 996,
    "fn": 744
  },
  "jaccard": [
    0.6090365944734877
  ],
  "braycurtis": [
    0.37277611940298505
  ],
  "dice": [
    0.43785234899328856
  ],
  "cosinus": [
    0.18472813766309504
  ]
}