{
  "voc_eval_res": {
    "precision": 41.6357,
    "recall": 24.1379,
    "f-score": 30.5593
  },
  "KL_res": {
    "KL divergence": 2.320178695125945,
    "Euclidean Dist.": 0.21820534267615863,
    "WER": 0.9719887955182073,
    "CER": 0.7465853335101446,
    "Cosine Dist.": 0.461936965094094
  },
  "occ_eval_res": {
    "precision": 33.3333,
    "recall": 38.0952,
    "f-score": 35.5556
  },
  "clean_eval": {
    "f-score": 15.594936708860763,
    "precision": 15.827338129496402,
    "recall": 15.369261477045908,
    "tp": 154,
    "fp": 819,
    "fn": 848
  },
  "jaccard": [
    0.5845272206303725
  ],
  "braycurtis": [
    0.39269786525539635
  ],
  "dice": [
    0.41295546558704455
  ],
  "cosinus": [
    0.31036264168321925
  ]
}