{
  "voc_eval_res": {
    "precision": 35.7576,
    "recall": 31.5508,
    "f-score": 33.5227
  },
  "KL_res": {
    "KL divergence": 2.151645837775111,
    "Euclidean Dist.": 0.12064011236591046,
    "WER": 0.8802816901408451,
    "CER": 0.7013949433304272,
    "Cosine Dist.": 0.22786108503141433
  },
  "occ_eval_res": {
    "precision": 38.7097,
    "recall": 42.2535,
    "f-score": 40.404
  },
  "clean_eval": {
    "f-score": 18.450184501845023,
    "precision": 18.45018450184502,
    "recall": 18.45018450184502,
    "tp": 50,
    "fp": 221,
    "fn": 221
  },
  "jaccard": [
    0.509275882704967
  ],
  "braycurtis": [
    0.29899598393574295
  ],
  "dice": [
    0.3416298675230831
  ],
  "cosinus": [
    0.10471171790621592
  ]
}