{
  "voc_eval_res": {
    "precision": 10.1449,
    "recall": 0.7766,
    "f-score": 1.4427
  },
  "KL_res": {
    "KL divergence": 3.5840338792014594,
    "Euclidean Dist.": 0.2097627036939679,
    "WER": 0.98332531665865,
    "CER": 0.8193008690375572,
    "Cosine Dist.": 0.8585142599445285
  },
  "occ_eval_res": {
    "precision": 8.2592,
    "recall": 2.0843,
    "f-score": 3.3286
  },
  "clean_eval": {
    "f-score": 0.2686727565824826,
    "precision": 0.1688333614722269,
    "recall": 0.6574621959237344,
    "tp": 10,
    "fp": 5913,
    "fn": 1511
  },
  "jaccard": [
    0.7973463907755489
  ],
  "braycurtis": [
    0.6942310239766857
  ],
  "dice": [
    0.6629892303651169
  ],
  "cosinus": [
    0.32298290085442705
  ]
}