{
  "voc_eval_res": {
    "precision": 45.8333,
    "recall": 47.8261,
    "f-score": 46.8085
  },
  "KL_res": {
    "KL divergence": 2.820167109355523,
    "Euclidean Dist.": 0.20981904049084005,
    "WER": 0.896551724137931,
    "CER": 0.5953051643192488,
    "Cosine Dist.": 0.5458014300453806
  },
  "occ_eval_res": {
    "precision": 40.708,
    "recall": 39.6552,
    "f-score": 40.1747
  },
  "clean_eval": {
    "f-score": 27.149321266968325,
    "precision": 26.31578947368421,
    "recall": 28.037383177570092,
    "tp": 30,
    "fp": 84,
    "fn": 77
  },
  "jaccard": [
    0.4775
  ],
  "braycurtis": [
    0.322290582110743
  ],
  "dice": [
    0.3136288998357964
  ],
  "cosinus": [
    0.13956746450545798
  ]
}