{
  "voc_eval_res": {
    "precision": 23.8806,
    "recall": 11.4286,
    "f-score": 15.4589
  },
  "KL_res": {
    "KL divergence": 5.579429288086603,
    "Euclidean Dist.": 0.4036890372227184,
    "WER": 0.939873417721519,
    "CER": 0.5707598127475694,
    "Cosine Dist.": 0.9112335258905294
  },
  "occ_eval_res": {
    "precision": 14.7368,
    "recall": 13.2911,
    "f-score": 13.9767
  },
  "clean_eval": {
    "f-score": 3.7351443123938877,
    "precision": 3.559870550161812,
    "recall": 3.9285714285714284,
    "tp": 11,
    "fp": 298,
    "fn": 269
  },
  "jaccard": [
    0.7142857142857143
  ],
  "braycurtis": [
    0.4050148006268501
  ],
  "dice": [
    0.5555555555555556
  ],
  "cosinus": [
    0.20688855863106814
  ]
}