{
  "voc_eval_res": {
    "precision": 41.1215,
    "recall": 3.2984,
    "f-score": 6.1069
  },
  "KL_res": {
    "KL divergence": 3.9550982451577243,
    "Euclidean Dist.": 0.21418393973597136,
    "WER": 0.952921157118548,
    "CER": 0.8750528839373855,
    "Cosine Dist.": 0.5965075362238748
  },
  "occ_eval_res": {
    "precision": 40.0,
    "recall": 6.2394,
    "f-score": 10.7949
  },
  "clean_eval": {
    "f-score": 2.753697093319735,
    "precision": 1.5966883500887048,
    "recall": 10.0,
    "tp": 27,
    "fp": 1664,
    "fn": 243
  },
  "jaccard": [
    0.7925112612612613
  ],
  "braycurtis": [
    0.7681018208391693
  ],
  "dice": [
    0.6563301468873863
  ],
  "cosinus": [
    0.30272978326812405
  ]
}