{
  "voc_eval_res": {
    "precision": 45.1923,
    "recall": 4.4465,
    "f-score": 8.0965
  },
  "KL_res": {
    "KL divergence": 4.660100235795182,
    "Euclidean Dist.": 0.2687966637533124,
    "WER": 0.9515938606847698,
    "CER": 0.8769615865986329,
    "Cosine Dist.": 0.6892914554243538
  },
  "occ_eval_res": {
    "precision": 50.2703,
    "recall": 5.49,
    "f-score": 9.8989
  },
  "clean_eval": {
    "f-score": 4.519774011299435,
    "precision": 2.515723270440252,
    "recall": 22.22222222222222,
    "tp": 40,
    "fp": 1550,
    "fn": 140
  },
  "jaccard": [
    0.7878969442780108
  ],
  "braycurtis": [
    0.7822244455561114
  ],
  "dice": [
    0.6500247157686604
  ],
  "cosinus": [
    0.2851525847741503
  ]
}