{
  "voc_eval_res": {
    "precision": 38.7931,
    "recall": 10.7399,
    "f-score": 16.8224
  },
  "KL_res": {
    "KL divergence": 2.947336378315917,
    "Euclidean Dist.": 0.38958508804123504,
    "WER": 0.8278041074249605,
    "CER": 0.6867963152507677,
    "Cosine Dist.": 0.21380168669748023
  },
  "occ_eval_res": {
    "precision": 49.7076,
    "recall": 26.8562,
    "f-score": 34.8718
  },
  "clean_eval": {
    "f-score": 5.1118210862619815,
    "precision": 3.9473684210526314,
    "recall": 7.250755287009064,
    "tp": 24,
    "fp": 584,
    "fn": 307
  },
  "jaccard": [
    0.6327568667344863
  ],
  "braycurtis": [
    0.48218444340940847
  ],
  "dice": [
    0.46279761904761907
  ],
  "cosinus": [
    0.2418916857672555
  ]
}