{
  "voc_eval_res": {
    "precision": 40.0,
    "recall": 3.9308,
    "f-score": 7.1582
  },
  "KL_res": {
    "KL divergence": 4.7139504061846305,
    "Euclidean Dist.": 0.2327569533844147,
    "WER": 0.9597830998644374,
    "CER": 0.8842925659472423,
    "Cosine Dist.": 0.7288667307330359
  },
  "occ_eval_res": {
    "precision": 46.2555,
    "recall": 4.7447,
    "f-score": 8.6066
  },
  "clean_eval": {
    "f-score": 3.9913232104121477,
    "precision": 2.205177372962608,
    "recall": 21.00456621004566,
    "tp": 46,
    "fp": 2040,
    "fn": 173
  },
  "jaccard": [
    0.79315917048209
  ],
  "braycurtis": [
    0.7944411898717698
  ],
  "dice": [
    0.6572193706761883
  ],
  "cosinus": [
    0.265608555780418
  ]
}