{
  "voc_eval_res": {
    "precision": 69.8492,
    "recall": 15.8134,
    "f-score": 25.7885
  },
  "KL_res": {
    "KL divergence": 2.175524024180338,
    "Euclidean Dist.": 0.14984056023152892,
    "WER": 0.7582631237848347,
    "CER": 0.6197533055284409,
    "Cosine Dist.": 0.15716982932526302
  },
  "occ_eval_res": {
    "precision": 67.5362,
    "recall": 30.2009,
    "f-score": 41.7376
  },
  "clean_eval": {
    "f-score": 23.648648648648646,
    "precision": 17.62589928057554,
    "recall": 35.92375366568915,
    "tp": 245,
    "fp": 1145,
    "fn": 437
  },
  "jaccard": [
    0.6920859538784067
  ],
  "braycurtis": [
    0.3558876203268413
  ],
  "dice": [
    0.5291524744540173
  ],
  "cosinus": [
    0.09441806347596493
  ]
}