{
  "voc_eval_res": {
    "precision": 40.9483,
    "recall": 24.5478,
    "f-score": 30.6947
  },
  "KL_res": {
    "KL divergence": 1.960901393758471,
    "Euclidean Dist.": 0.11758477192301704,
    "WER": 0.8430813124108416,
    "CER": 0.6435689100107312,
    "Cosine Dist.": 0.08504856922505444
  },
  "occ_eval_res": {
    "precision": 55.4028,
    "recall": 40.2282,
    "f-score": 46.6116
  },
  "clean_eval": {
    "f-score": 16.159860990443093,
    "precision": 13.880597014925373,
    "recall": 19.334719334719335,
    "tp": 93,
    "fp": 577,
    "fn": 388
  },
  "jaccard": [
    0.5318352059925093
  ],
  "braycurtis": [
    0.24579326923076922
  ],
  "dice": [
    0.3622448979591837
  ],
  "cosinus": [
    0.04733631551972173
  ]
}