{
  "voc_eval_res": {
    "precision": 81.0342,
    "recall": 88.7849,
    "f-score": 84.7327
  },
  "KL_res": {
    "KL divergence": 0.03204487454687328,
    "Euclidean Dist.": 0.008617384949137807,
    "WER": 0.11213323020718483,
    "CER": 0.061218224051257084,
    "Cosine Dist.": 0.004030675093962155
  },
  "occ_eval_res": {
    "precision": 91.427,
    "recall": 96.085,
    "f-score": 93.6981
  },
  "clean_eval": {
    "f-score": 83.60868233131437,
    "precision": 84.9521072796935,
    "recall": 82.30708551807341,
    "tp": 53214,
    "fp": 9426,
    "fn": 11439
  },
  "jaccard": [
    0.4837097741355187
  ],
  "braycurtis": [
    0.08695757807888709
  ],
  "dice": [
    0.3190087002372792
  ],
  "cosinus": [
    0.010106716536530835
  ]
}