{
  "voc_eval_res": {
    "precision": 16.8831,
    "recall": 17.2185,
    "f-score": 17.0492
  },
  "KL_res": {
    "KL divergence": 2.3603665421258193,
    "Euclidean Dist.": 0.12544499573985274,
    "WER": 0.8913043478260869,
    "CER": 0.6538287267784323,
    "Cosine Dist.": 0.0713685191192901
  },
  "occ_eval_res": {
    "precision": 39.9306,
    "recall": 41.6667,
    "f-score": 40.7801
  },
  "clean_eval": {
    "f-score": 5.156537753222836,
    "precision": 5.2434456928838955,
    "recall": 5.072463768115942,
    "tp": 14,
    "fp": 253,
    "fn": 262
  },
  "jaccard": [
    0.7302904564315352
  ],
  "braycurtis": [
    0.29846938775510207
  ],
  "dice": [
    0.5751633986928104
  ],
  "cosinus": [
    0.026645752186222782
  ]
}