{
  "voc_eval_res": {
    "precision": 56.9767,
    "recall": 8.3904,
    "f-score": 14.6269
  },
  "KL_res": {
    "KL divergence": 4.135617846562932,
    "Euclidean Dist.": 0.2613106111149755,
    "WER": 0.9020979020979021,
    "CER": 0.8184735273894109,
    "Cosine Dist.": 0.6791218648210426
  },
  "occ_eval_res": {
    "precision": 43.3692,
    "recall": 12.0879,
    "f-score": 18.9063
  },
  "clean_eval": {
    "f-score": 4.265791632485644,
    "precision": 2.7139874739039667,
    "recall": 9.961685823754788,
    "tp": 26,
    "fp": 932,
    "fn": 235
  },
  "jaccard": [
    0.7064959696538644
  ],
  "braycurtis": [
    0.6827394724664507
  ],
  "dice": [
    0.5461876832844574
  ],
  "cosinus": [
    0.3778398034103768
  ]
}