{
  "voc_eval_res": {
    "precision": 3.4483,
    "recall": 0.2353,
    "f-score": 0.4405
  },
  "KL_res": {
    "KL divergence": 5.467537327957114,
    "Euclidean Dist.": 0.32065923264926044,
    "WER": 0.9956331877729258,
    "CER": 0.877407330710292,
    "Cosine Dist.": 0.9753817018041334
  },
  "occ_eval_res": {
    "precision": 1.8349,
    "recall": 0.4367,
    "f-score": 0.7055
  },
  "clean_eval": {
    "f-score": 0.7421150278293136,
    "precision": 0.4629629629629629,
    "recall": 1.8691588785046727,
    "tp": 2,
    "fp": 430,
    "fn": 105
  },
  "jaccard": [
    0.898651789865179
  ],
  "braycurtis": [
    0.8236958443854996
  ],
  "dice": [
    0.8159560996200929
  ],
  "cosinus": [
    0.49103120342367546
  ]
}