{
  "voc_eval_res": {
    "precision": 11.7647,
    "recall": 0.235,
    "f-score": 0.4608
  },
  "KL_res": {
    "KL divergence": 4.993408219170658,
    "Euclidean Dist.": 0.36663542345017297,
    "WER": 0.9961501443695862,
    "CER": 0.9441072331815883,
    "Cosine Dist.": 0.9568153934658603
  },
  "occ_eval_res": {
    "precision": 7.8431,
    "recall": 0.385,
    "f-score": 0.7339
  },
  "clean_eval": {
    "f-score": 0.5665722379603398,
    "precision": 0.297029702970297,
    "recall": 6.122448979591836,
    "tp": 3,
    "fp": 1007,
    "fn": 46
  },
  "jaccard": [
    0.9299754299754299
  ],
  "braycurtis": [
    0.915571343990527
  ],
  "dice": [
    0.8691159586681975
  ],
  "cosinus": [
    0.58217518556714
  ]
}