{
  "voc_eval_res": {
    "precision": 28.5714,
    "recall": 1.7762,
    "f-score": 3.3445
  },
  "KL_res": {
    "KL divergence": 3.765108765692325,
    "Euclidean Dist.": 0.17364527909259647,
    "WER": 0.981437969924812,
    "CER": 0.9155023781212842,
    "Cosine Dist.": 0.9069611916768342
  },
  "occ_eval_res": {
    "precision": 30.3514,
    "recall": 2.2321,
    "f-score": 4.1585
  },
  "clean_eval": {
    "f-score": 1.5898994622398874,
    "precision": 0.8553459119496855,
    "recall": 11.258278145695364,
    "tp": 34,
    "fp": 3941,
    "fn": 268
  },
  "jaccard": [
    0.8187820983125459
  ],
  "braycurtis": [
    0.8421229425596238
  ],
  "dice": [
    0.6931677018633541
  ],
  "cosinus": [
    0.19055275331037347
  ]
}