{
  "voc_eval_res": {
    "precision": 27.972,
    "recall": 7.7369,
    "f-score": 12.1212
  },
  "KL_res": {
    "KL divergence": 3.56655691089807,
    "Euclidean Dist.": 0.17195390856185985,
    "WER": 0.8865030674846626,
    "CER": 0.7500474113407927,
    "Cosine Dist.": 0.18488552240160594
  },
  "occ_eval_res": {
    "precision": 43.9834,
    "recall": 16.2577,
    "f-score": 23.7402
  },
  "clean_eval": {
    "f-score": 2.7906976744186047,
    "precision": 1.9017432646592711,
    "recall": 5.240174672489083,
    "tp": 12,
    "fp": 619,
    "fn": 217
  },
  "jaccard": [
    0.6849495392716104
  ],
  "braycurtis": [
    0.5624386825508059
  ],
  "dice": [
    0.5208541875208542
  ],
  "cosinus": [
    0.18982767721507388
  ]
}