{
  "voc_eval_res": {
    "precision": 25.3406,
    "recall": 5.0571,
    "f-score": 8.4316
  },
  "KL_res": {
    "KL divergence": 2.9896919148417718,
    "Euclidean Dist.": 0.12530908899002904,
    "WER": 0.9604256734286665,
    "CER": 0.8424630597224563,
    "Cosine Dist.": 0.5418821706356391
  },
  "occ_eval_res": {
    "precision": 35.0937,
    "recall": 6.8507,
    "f-score": 11.4636
  },
  "clean_eval": {
    "f-score": 2.6745913818722133,
    "precision": 1.6146393972012916,
    "recall": 7.7854671280276815,
    "tp": 45,
    "fp": 2742,
    "fn": 533
  },
  "jaccard": [
    0.7305389221556886
  ],
  "braycurtis": [
    0.7008296282715314
  ],
  "dice": [
    0.5754716981132075
  ],
  "cosinus": [
    0.1744750291351631
  ]
}