{
  "voc_eval_res": {
    "precision": 46.332,
    "recall": 16.6436,
    "f-score": 24.4898
  },
  "KL_res": {
    "KL divergence": 3.2561918260514924,
    "Euclidean Dist.": 0.15586391285985465,
    "WER": 0.9302325581395349,
    "CER": 0.7174850849013309,
    "Cosine Dist.": 0.4836657055717054
  },
  "occ_eval_res": {
    "precision": 42.3957,
    "recall": 22.1987,
    "f-score": 29.1397
  },
  "clean_eval": {
    "f-score": 10.119331742243435,
    "precision": 7.771260997067449,
    "recall": 14.500683994528044,
    "tp": 106,
    "fp": 1258,
    "fn": 625
  },
  "jaccard": [
    0.6284461152882206
  ],
  "braycurtis": [
    0.390248036612238
  ],
  "dice": [
    0.4582000913659205
  ],
  "cosinus": [
    0.1547629276660637
  ]
}