{
  "voc_eval_res": {
    "precision": 37.0656,
    "recall": 12.938,
    "f-score": 19.1808
  },
  "KL_res": {
    "KL divergence": 3.197787824186637,
    "Euclidean Dist.": 0.15240066875742608,
    "WER": 0.9207547169811321,
    "CER": 0.713884041109172,
    "Cosine Dist.": 0.4601162922833577
  },
  "occ_eval_res": {
    "precision": 38.0888,
    "recall": 21.3585,
    "f-score": 27.3694
  },
  "clean_eval": {
    "f-score": 8.525576730190572,
    "precision": 6.730007917656374,
    "recall": 11.627906976744185,
    "tp": 85,
    "fp": 1178,
    "fn": 646
  },
  "jaccard": [
    0.6566408576533651
  ],
  "braycurtis": [
    0.37981275599765946
  ],
  "dice": [
    0.48880514298381733
  ],
  "cosinus": [
    0.1585323311809519
  ]
}