{
  "voc_eval_res": {
    "precision": 28.4483,
    "recall": 18.2825,
    "f-score": 22.2597
  },
  "KL_res": {
    "KL divergence": 3.0462178588185287,
    "Euclidean Dist.": 0.1715237402292639,
    "WER": 0.9595070422535211,
    "CER": 0.7408644036356891,
    "Cosine Dist.": 0.44694573029532647
  },
  "occ_eval_res": {
    "precision": 29.8625,
    "recall": 26.7606,
    "f-score": 28.2266
  },
  "clean_eval": {
    "f-score": 7.632093933463797,
    "precision": 7.208872458410351,
    "recall": 8.108108108108109,
    "tp": 39,
    "fp": 502,
    "fn": 442
  },
  "jaccard": [
    0.5353901996370236
  ],
  "braycurtis": [
    0.2815561685532198
  ],
  "dice": [
    0.3655514250309789
  ],
  "cosinus": [
    0.09920390408712176
  ]
}