{
  "voc_eval_res": {
    "precision": 69.3285,
    "recall": 59.5944,
    "f-score": 64.094
  },
  "KL_res": {
    "KL divergence": 0.8934313321916552,
    "Euclidean Dist.": 0.2887671222565681,
    "WER": 0.8147840531561462,
    "CER": 0.45059897995492826,
    "Cosine Dist.": 0.08661004248870308
  },
  "occ_eval_res": {
    "precision": 50.2726,
    "recall": 68.9369,
    "f-score": 58.1436
  },
  "clean_eval": {
    "f-score": 45.28703047484054,
    "precision": 53.78787878787878,
    "recall": 39.106487148102815,
    "tp": 639,
    "fp": 549,
    "fn": 995
  },
  "jaccard": [
    0.32997250229147573
  ],
  "braycurtis": [
    0.22036817741414577
  ],
  "dice": [
    0.19758507135016465
  ],
  "cosinus": [
    0.20805800198534974
  ]
}