{
  "voc_eval_res": {
    "precision": 71.504,
    "recall": 53.8767,
    "f-score": 61.4512
  },
  "KL_res": {
    "KL divergence": 1.0716221743794163,
    "Euclidean Dist.": 0.05043619468226591,
    "WER": 0.4536702767749699,
    "CER": 0.33567794073630647,
    "Cosine Dist.": 0.05332131174913102
  },
  "occ_eval_res": {
    "precision": 76.4793,
    "recall": 62.2142,
    "f-score": 68.6131
  },
  "clean_eval": {
    "f-score": 62.10670314637482,
    "precision": 56.53798256537983,
    "recall": 68.89226100151745,
    "tp": 454,
    "fp": 349,
    "fn": 205
  },
  "jaccard": [
    0.3615977575332866
  ],
  "braycurtis": [
    0.1409122916829669
  ],
  "dice": [
    0.22070145423438836
  ],
  "cosinus": [
    0.013965033235168955
  ]
}