{
  "voc_eval_res": {
    "precision": 51.5152,
    "recall": 53.4286,
    "f-score": 52.4544
  },
  "KL_res": {
    "KL divergence": 1.1012309898050496,
    "Euclidean Dist.": 0.046136169882864245,
    "WER": 0.6081081081081081,
    "CER": 0.48522322364284215,
    "Cosine Dist.": 0.04753381906341181
  },
  "occ_eval_res": {
    "precision": 59.887,
    "recall": 61.39,
    "f-score": 60.6292
  },
  "clean_eval": {
    "f-score": 47.599591419816136,
    "precision": 48.643006263048015,
    "recall": 46.6,
    "tp": 233,
    "fp": 246,
    "fn": 267
  },
  "jaccard": [
    0.3470044229995979
  ],
  "braycurtis": [
    0.1613493192440561
  ],
  "dice": [
    0.20992459255655557
  ],
  "cosinus": [
    0.01812470451732784
  ]
}