{
  "voc_eval_res": {
    "precision": 7.4468,
    "recall": 0.4614,
    "f-score": 0.869
  },
  "KL_res": {
    "KL divergence": 4.3351829967808735,
    "Euclidean Dist.": 0.2123121494089764,
    "WER": 0.9955801104972376,
    "CER": 0.8908763072484673,
    "Cosine Dist.": 0.9700386834008815
  },
  "occ_eval_res": {
    "precision": 5.8296,
    "recall": 0.7182,
    "f-score": 1.2789
  },
  "clean_eval": {
    "f-score": 0.4036326942482341,
    "precision": 0.2271436683702442,
    "recall": 1.809954751131222,
    "tp": 4,
    "fp": 1757,
    "fn": 217
  },
  "jaccard": [
    0.8496839791151415
  ],
  "braycurtis": [
    0.8252065855043209
  ],
  "dice": [
    0.7386526516961299
  ],
  "cosinus": [
    0.40247473134616163
  ]
}