{
  "voc_eval_res": {
    "precision": 66.6667,
    "recall": 34.1837,
    "f-score": 45.1939
  },
  "KL_res": {
    "KL divergence": 1.3052296558541954,
    "Euclidean Dist.": 0.12392030529922994,
    "WER": 0.6730123180291153,
    "CER": 0.5185131406998693,
    "Cosine Dist.": 0.11172252937514604
  },
  "occ_eval_res": {
    "precision": 65.6566,
    "recall": 50.9518,
    "f-score": 57.377
  },
  "clean_eval": {
    "f-score": 35.9344262295082,
    "precision": 32.89315726290516,
    "recall": 39.59537572254335,
    "tp": 274,
    "fp": 559,
    "fn": 418
  },
  "jaccard": [
    0.5010979358805446
  ],
  "braycurtis": [
    0.2148062015503876
  ],
  "dice": [
    0.3343099912100791
  ],
  "cosinus": [
    0.041893718789256185
  ]
}