{
  "voc_eval_res": {
    "precision": 30.4878,
    "recall": 53.1915,
    "f-score": 38.7597
  },
  "KL_res": {
    "KL divergence": 1.4577916073348767,
    "Euclidean Dist.": 0.17589977370611912,
    "WER": 2.49685534591195,
    "CER": 2.266756032171582,
    "Cosine Dist.": 0.35644406729204237
  },
  "occ_eval_res": {
    "precision": 23.3684,
    "recall": 69.8113,
    "f-score": 35.0158
  },
  "clean_eval": {
    "f-score": 23.050847457627118,
    "precision": 43.58974358974359,
    "recall": 15.668202764976957,
    "tp": 68,
    "fp": 88,
    "fn": 366
  },
  "jaccard": [
    0.5076717811874583
  ],
  "braycurtis": [
    0.5360617242536062
  ],
  "dice": [
    0.34018775145283864
  ],
  "cosinus": [
    0.17727554642243726
  ]
}