{
  "voc_eval_res": {
    "precision": 25.6158,
    "recall": 44.8276,
    "f-score": 32.6019
  },
  "KL_res": {
    "KL divergence": 1.9953584822841886,
    "Euclidean Dist.": 0.19070518512059959,
    "WER": 2.421875,
    "CER": 2.057206954570948,
    "Cosine Dist.": 0.47380555378740774
  },
  "occ_eval_res": {
    "precision": 21.0923,
    "recall": 58.3333,
    "f-score": 30.982
  },
  "clean_eval": {
    "f-score": 23.27586206896552,
    "precision": 42.1875,
    "recall": 16.071428571428573,
    "tp": 81,
    "fp": 111,
    "fn": 423
  },
  "jaccard": [
    0.507380073800738
  ],
  "braycurtis": [
    0.5139160523544456
  ],
  "dice": [
    0.3399258343634116
  ],
  "cosinus": [
    0.24311590812920747
  ]
}