{
  "voc_eval_res": {
    "precision": 37.6812,
    "recall": 16.3112,
    "f-score": 22.7671
  },
  "KL_res": {
    "KL divergence": 1.9712816235982713,
    "Euclidean Dist.": 0.15753250073520184,
    "WER": 0.7689822294022617,
    "CER": 0.6112713383739964,
    "Cosine Dist.": 0.29374431533350986
  },
  "occ_eval_res": {
    "precision": 46.5057,
    "recall": 39.4184,
    "f-score": 42.6698
  },
  "clean_eval": {
    "f-score": 18.037974683544302,
    "precision": 17.38865161683954,
    "recall": 18.73767258382643,
    "tp": 285,
    "fp": 1354,
    "fn": 1236
  },
  "jaccard": [
    0.6727231942575146
  ],
  "braycurtis": [
    0.2980896887446526
  ],
  "dice": [
    0.5068446848064898
  ],
  "cosinus": [
    0.11014905673451214
  ]
}