{
  "voc_eval_res": {
    "precision": 65.9091,
    "recall": 27.8177,
    "f-score": 39.1231
  },
  "KL_res": {
    "KL divergence": 1.2803558063086151,
    "Euclidean Dist.": 0.11988281979433921,
    "WER": 0.5795287187039765,
    "CER": 0.43787584420390413,
    "Cosine Dist.": 0.07271156501403919
  },
  "occ_eval_res": {
    "precision": 77.456,
    "recall": 55.1546,
    "f-score": 64.4301
  },
  "clean_eval": {
    "f-score": 10.765432098765434,
    "precision": 9.308283518360376,
    "recall": 12.763466042154567,
    "tp": 109,
    "fp": 1062,
    "fn": 745
  },
  "jaccard": [
    0.561014263074485
  ],
  "braycurtis": [
    0.23509708483801747
  ],
  "dice": [
    0.3898678414096916
  ],
  "cosinus": [
    0.11790916809652496
  ]
}