{
  "voc_eval_res": {
    "precision": 48.5795,
    "recall": 41.6058,
    "f-score": 44.8231
  },
  "KL_res": {
    "KL divergence": 1.016896767196642,
    "Euclidean Dist.": 0.06628758092177377,
    "WER": 0.6819148936170213,
    "CER": 0.5734092597177519,
    "Cosine Dist.": 0.05046456138445554
  },
  "occ_eval_res": {
    "precision": 61.0827,
    "recall": 63.617,
    "f-score": 62.3241
  },
  "clean_eval": {
    "f-score": 26.83600220872446,
    "precision": 27.45762711864407,
    "recall": 26.241900647948164,
    "tp": 243,
    "fp": 642,
    "fn": 683
  },
  "jaccard": [
    0.4095435684647303
  ],
  "braycurtis": [
    0.1664287413752082
  ],
  "dice": [
    0.25750065223062873
  ],
  "cosinus": [
    0.03073473772430735
  ]
}