{
  "voc_eval_res": {
    "precision": 55.6897,
    "recall": 41.2516,
    "f-score": 47.3955
  },
  "KL_res": {
    "KL divergence": 0.7939021474901655,
    "Euclidean Dist.": 0.053888187152006134,
    "WER": 0.5442542787286063,
    "CER": 0.41425035360678925,
    "Cosine Dist.": 0.04939830417695068
  },
  "occ_eval_res": {
    "precision": 69.5218,
    "recall": 64.6944,
    "f-score": 67.0213
  },
  "clean_eval": {
    "f-score": 44.05447878470403,
    "precision": 42.34642497482376,
    "recall": 45.9061135371179,
    "tp": 841,
    "fp": 1145,
    "fn": 991
  },
  "jaccard": [
    0.4180392156862745
  ],
  "braycurtis": [
    0.13154571353050015
  ],
  "dice": [
    0.26425384234010907
  ],
  "cosinus": [
    0.016691658695294542
  ]
}