{
  "voc_eval_res": {
    "precision": 59.8253,
    "recall": 52.2236,
    "f-score": 55.7666
  },
  "KL_res": {
    "KL divergence": 0.5648811561631715,
    "Euclidean Dist.": 0.042404731973227375,
    "WER": 0.49328023892483824,
    "CER": 0.34893689019231855,
    "Cosine Dist.": 0.042636922494051266
  },
  "occ_eval_res": {
    "precision": 68.6924,
    "recall": 74.2658,
    "f-score": 71.3705
  },
  "clean_eval": {
    "f-score": 52.07603801900951,
    "precision": 53.881987577639755,
    "recall": 50.38722168441433,
    "tp": 1041,
    "fp": 891,
    "fn": 1025
  },
  "jaccard": [
    0.32456383273331485
  ],
  "braycurtis": [
    0.10652810225838502
  ],
  "dice": [
    0.1937190082644628
  ],
  "cosinus": [
    0.007340923919920805
  ]
}