{
  "voc_eval_res": {
    "precision": 65.7778,
    "recall": 56.7775,
    "f-score": 60.9472
  },
  "KL_res": {
    "KL divergence": 0.5469756950932467,
    "Euclidean Dist.": 0.059862619660905156,
    "WER": 0.43775100401606426,
    "CER": 0.2769983686786297,
    "Cosine Dist.": 0.07591052339173554
  },
  "occ_eval_res": {
    "precision": 69.9675,
    "recall": 75.5522,
    "f-score": 72.6527
  },
  "clean_eval": {
    "f-score": 55.774348057477376,
    "precision": 57.39320920043811,
    "recall": 54.24430641821946,
    "tp": 1048,
    "fp": 778,
    "fn": 884
  },
  "jaccard": [
    0.2989173488249274
  ],
  "braycurtis": [
    0.1098440469681585
  ],
  "dice": [
    0.17572182552002483
  ],
  "cosinus": [
    0.017227888899773114
  ]
}