{
  "voc_eval_res": {
    "precision": 51.7906,
    "recall": 54.4928,
    "f-score": 53.1073
  },
  "KL_res": {
    "KL divergence": 1.0822373053234746,
    "Euclidean Dist.": 0.0474899045367155,
    "WER": 0.630648330058939,
    "CER": 0.5013521947160391,
    "Cosine Dist.": 0.05153436535635958
  },
  "occ_eval_res": {
    "precision": 59.887,
    "recall": 62.4754,
    "f-score": 61.1538
  },
  "clean_eval": {
    "f-score": 47.47162022703818,
    "precision": 49.040511727078886,
    "recall": 46.0,
    "tp": 230,
    "fp": 239,
    "fn": 270
  },
  "jaccard": [
    0.3553054662379421
  ],
  "braycurtis": [
    0.16236461180281406
  ],
  "dice": [
    0.21603128054740958
  ],
  "cosinus": [
    0.021022678931898797
  ]
}