{
  "voc_eval_res": {
    "precision": 73.7662,
    "recall": 55.7957,
    "f-score": 63.5347
  },
  "KL_res": {
    "KL divergence": 0.9658056677485428,
    "Euclidean Dist.": 0.05063958466829185,
    "WER": 0.46218487394957986,
    "CER": 0.3402264150943396,
    "Cosine Dist.": 0.05373751823358275
  },
  "occ_eval_res": {
    "precision": 79.1916,
    "recall": 63.5054,
    "f-score": 70.4863
  },
  "clean_eval": {
    "f-score": 63.10746064339493,
    "precision": 56.913580246913575,
    "recall": 70.81413210445469,
    "tp": 461,
    "fp": 349,
    "fn": 190
  },
  "jaccard": [
    0.3606331727460427
  ],
  "braycurtis": [
    0.13428368906040797
  ],
  "dice": [
    0.21998320738874896
  ],
  "cosinus": [
    0.015203266508115654
  ]
}