{
  "voc_eval_res": {
    "precision": 45.1852,
    "recall": 38.125,
    "f-score": 41.3559
  },
  "KL_res": {
    "KL divergence": 1.841949355480777,
    "Euclidean Dist.": 0.11225186382644332,
    "WER": 0.7950819672131147,
    "CER": 0.7007534983853606,
    "Cosine Dist.": 0.1540773017321858
  },
  "occ_eval_res": {
    "precision": 49.5935,
    "recall": 50.0,
    "f-score": 49.7959
  },
  "clean_eval": {
    "f-score": 19.700214132762316,
    "precision": 19.913419913419915,
    "recall": 19.491525423728813,
    "tp": 46,
    "fp": 185,
    "fn": 190
  },
  "jaccard": [
    0.4772886093640811
  ],
  "braycurtis": [
    0.2675143355771628
  ],
  "dice": [
    0.31344653510784765
  ],
  "cosinus": [
    0.05726016215485186
  ]
}