{
  "voc_eval_res": {
    "precision": 56.5714,
    "recall": 21.9512,
    "f-score": 31.6294
  },
  "KL_res": {
    "KL divergence": 2.96325871527626,
    "Euclidean Dist.": 0.3039564845759207,
    "WER": 0.8508771929824561,
    "CER": 0.6839895013123359,
    "Cosine Dist.": 0.7603978251379695
  },
  "occ_eval_res": {
    "precision": 56.5495,
    "recall": 17.2515,
    "f-score": 26.4376
  },
  "clean_eval": {
    "f-score": 16.653816499614496,
    "precision": 10.854271356783919,
    "recall": 35.76158940397351,
    "tp": 108,
    "fp": 887,
    "fn": 194
  },
  "jaccard": [
    0.56438127090301
  ],
  "braycurtis": [
    0.4644582470669427
  ],
  "dice": [
    0.3931275480489225
  ],
  "cosinus": [
    0.3786466824196626
  ]
}