{
  "voc_eval_res": {
    "precision": 67.4312,
    "recall": 32.5942,
    "f-score": 43.9462
  },
  "KL_res": {
    "KL divergence": 2.469921511408225,
    "Euclidean Dist.": 0.3131883590645515,
    "WER": 0.7192982456140351,
    "CER": 0.5254593175853018,
    "Cosine Dist.": 0.7271337495246321
  },
  "occ_eval_res": {
    "precision": 65.5242,
    "recall": 31.6764,
    "f-score": 42.707
  },
  "clean_eval": {
    "f-score": 26.450742240215924,
    "precision": 19.698492462311556,
    "recall": 40.24640657084189,
    "tp": 196,
    "fp": 799,
    "fn": 291
  },
  "jaccard": [
    0.4918580375782881
  ],
  "braycurtis": [
    0.3038301250248065
  ],
  "dice": [
    0.32613510520487266
  ],
  "cosinus": [
    0.3258101029880045
  ]
}