{
  "voc_eval_res": {
    "precision": 77.9335,
    "recall": 49.1713,
    "f-score": 60.2981
  },
  "KL_res": {
    "KL divergence": 1.0975243347986179,
    "Euclidean Dist.": 0.08500518987114347,
    "WER": 0.48169668797210924,
    "CER": 0.3348400310756409,
    "Cosine Dist.": 0.05805044440538176
  },
  "occ_eval_res": {
    "precision": 76.4355,
    "recall": 59.5584,
    "f-score": 66.9497
  },
  "clean_eval": {
    "f-score": 56.653225806451616,
    "precision": 50.41866028708134,
    "recall": 64.64723926380368,
    "tp": 843,
    "fp": 829,
    "fn": 461
  },
  "jaccard": [
    0.37191011235955057
  ],
  "braycurtis": [
    0.13405377108028269
  ],
  "dice": [
    0.22843340234644582
  ],
  "cosinus": [
    0.02288771294472891
  ]
}