{
  "voc_eval_res": {
    "precision": 50.1022,
    "recall": 54.9327,
    "f-score": 52.4064
  },
  "KL_res": {
    "KL divergence": 0.7294985945392487,
    "Euclidean Dist.": 0.038188953814800246,
    "WER": 0.7483516483516484,
    "CER": 0.6285821549242898,
    "Cosine Dist.": 0.011853715846092738
  },
  "occ_eval_res": {
    "precision": 61.6541,
    "recall": 72.0879,
    "f-score": 66.464
  },
  "clean_eval": {
    "f-score": 35.976583288983505,
    "precision": 39.1657010428737,
    "recall": 33.267716535433074,
    "tp": 338,
    "fp": 525,
    "fn": 678
  },
  "jaccard": [
    0.32405345211581293
  ],
  "braycurtis": [
    0.1597857621066726
  ],
  "dice": [
    0.19335548172757475
  ],
  "cosinus": [
    0.008517590684099852
  ]
}