{
  "voc_eval_res": {
    "precision": 56.0976,
    "recall": 5.569,
    "f-score": 10.1322
  },
  "KL_res": {
    "KL divergence": 5.552758331289479,
    "Euclidean Dist.": 0.23949132738319936,
    "WER": 0.9633431085043989,
    "CER": 0.8869949494949495,
    "Cosine Dist.": 0.8460628319696785
  },
  "occ_eval_res": {
    "precision": 59.6154,
    "recall": 4.5455,
    "f-score": 8.4469
  },
  "clean_eval": {
    "f-score": 5.7663125948406675,
    "precision": 3.0995106035889073,
    "recall": 41.30434782608695,
    "tp": 19,
    "fp": 594,
    "fn": 27
  },
  "jaccard": [
    0.8433632095603927
  ],
  "braycurtis": [
    0.7937533656435111
  ],
  "dice": [
    0.7291512915129151
  ],
  "cosinus": [
    0.3702645971155014
  ]
}