{
  "voc_eval_res": {
    "precision": 20.0,
    "recall": 13.3333,
    "f-score": 16.0
  },
  "KL_res": {
    "KL divergence": 6.784529998202536,
    "Euclidean Dist.": 0.38868592604146224,
    "WER": 0.9767441860465116,
    "CER": 0.7835497835497836,
    "Cosine Dist.": 0.8310184076451563
  },
  "occ_eval_res": {
    "precision": 22.7273,
    "recall": 11.6279,
    "f-score": 15.3846
  },
  "clean_eval": {
    "f-score": 14.035087719298245,
    "precision": 10.256410256410255,
    "recall": 22.22222222222222,
    "tp": 4,
    "fp": 35,
    "fn": 14
  },
  "jaccard": [
    0.8181818181818182
  ],
  "braycurtis": [
    0.6736842105263158
  ],
  "dice": [
    0.6923076923076923
  ],
  "cosinus": [
    0.5704807010353597
  ]
}