{
  "voc_eval_res": {
    "precision": 35.7143,
    "recall": 13.5135,
    "f-score": 19.6078
  },
  "KL_res": {
    "KL divergence": 5.643200361181179,
    "Euclidean Dist.": 0.3179102032762934,
    "WER": 0.9166666666666666,
    "CER": 0.7159533073929961,
    "Cosine Dist.": 0.5301907613501828
  },
  "occ_eval_res": {
    "precision": 41.1765,
    "recall": 14.5833,
    "f-score": 21.5385
  },
  "clean_eval": {
    "f-score": 14.035087719298245,
    "precision": 9.523809523809524,
    "recall": 26.666666666666668,
    "tp": 4,
    "fp": 38,
    "fn": 11
  },
  "jaccard": [
    0.8117359413202934
  ],
  "braycurtis": [
    0.6041666666666666
  ],
  "dice": [
    0.6831275720164609
  ],
  "cosinus": [
    0.33584611861233027
  ]
}