{
  "voc_eval_res": {
    "precision": 21.4286,
    "recall": 13.0435,
    "f-score": 16.2162
  },
  "KL_res": {
    "KL divergence": 5.2743602609869615,
    "Euclidean Dist.": 0.23269494789425532,
    "WER": 0.86,
    "CER": 0.7617554858934169,
    "Cosine Dist.": 0.5384236032737428
  },
  "occ_eval_res": {
    "precision": 22.8571,
    "recall": 16.0,
    "f-score": 18.8235
  },
  "clean_eval": {
    "f-score": 20.253164556962027,
    "precision": 17.02127659574468,
    "recall": 25.0,
    "tp": 8,
    "fp": 39,
    "fn": 24
  },
  "jaccard": [
    0.8136752136752137
  ],
  "braycurtis": [
    0.6785009861932939
  ],
  "dice": [
    0.6858789625360231
  ],
  "cosinus": [
    0.46399728773562043
  ]
}