{
  "voc_eval_res": {
    "precision": 23.8227,
    "recall": 2.9614,
    "f-score": 5.268
  },
  "KL_res": {
    "KL divergence": 3.293493732840386,
    "Euclidean Dist.": 0.10866070355778949,
    "WER": 0.9711163153786104,
    "CER": 0.8679149626525163,
    "Cosine Dist.": 0.6949881389985497
  },
  "occ_eval_res": {
    "precision": 27.2162,
    "recall": 4.5537,
    "f-score": 7.8021
  },
  "clean_eval": {
    "f-score": 1.016702977487291,
    "precision": 0.5969300739056281,
    "recall": 3.4257748776508974,
    "tp": 21,
    "fp": 3497,
    "fn": 592
  },
  "jaccard": [
    0.7676767676767676
  ],
  "braycurtis": [
    0.756386470672185
  ],
  "dice": [
    0.6229508196721312
  ],
  "cosinus": [
    0.2149821469924138
  ]
}