{
  "voc_eval_res": {
    "precision": 24.4318,
    "recall": 0.9281,
    "f-score": 1.7883
  },
  "KL_res": {
    "KL divergence": 3.2277834517497173,
    "Euclidean Dist.": 0.2471839267335643,
    "WER": 0.9667808729331149,
    "CER": 0.8771155851447823,
    "Cosine Dist.": 0.613260789378868
  },
  "occ_eval_res": {
    "precision": 31.334,
    "recall": 4.5136,
    "f-score": 7.8906
  },
  "clean_eval": {
    "f-score": 0.25234824057198935,
    "precision": 0.1433349259436216,
    "recall": 1.053864168618267,
    "tp": 9,
    "fp": 6270,
    "fn": 845
  },
  "jaccard": [
    0.8505430847212165
  ],
  "braycurtis": [
    0.7681692260337221
  ],
  "dice": [
    0.739952122968376
  ],
  "cosinus": [
    0.3311458284742197
  ]
}