{
  "voc_eval_res": {
    "precision": 68.2927,
    "recall": 37.8378,
    "f-score": 48.6957
  },
  "KL_res": {
    "KL divergence": 3.0397305158521477,
    "Euclidean Dist.": 0.1626339192572326,
    "WER": 0.6404494382022472,
    "CER": 0.48992248062015503,
    "Cosine Dist.": 0.29278045160418964
  },
  "occ_eval_res": {
    "precision": 68.0,
    "recall": 38.2022,
    "f-score": 48.9209
  },
  "clean_eval": {
    "f-score": 45.45454545454546,
    "precision": 35.294117647058826,
    "recall": 63.829787234042556,
    "tp": 30,
    "fp": 55,
    "fn": 17
  },
  "jaccard": [
    0.4900924702774108
  ],
  "braycurtis": [
    0.33715798764342453
  ],
  "dice": [
    0.32458442694663164
  ],
  "cosinus": [
    0.12029723562596006
  ]
}