{
  "voc_eval_res": {
    "precision": 22.3404,
    "recall": 5.8333,
    "f-score": 9.2511
  },
  "KL_res": {
    "KL divergence": 4.949859278893315,
    "Euclidean Dist.": 0.23909981607559036,
    "WER": 0.9322033898305084,
    "CER": 0.6950138504155124,
    "Cosine Dist.": 0.6344011776559486
  },
  "occ_eval_res": {
    "precision": 19.2825,
    "recall": 8.0979,
    "f-score": 11.4058
  },
  "clean_eval": {
    "f-score": 3.508771929824561,
    "precision": 2.5,
    "recall": 5.88235294117647,
    "tp": 13,
    "fp": 507,
    "fn": 208
  },
  "jaccard": [
    0.7447739426349052
  ],
  "braycurtis": [
    0.5067048095834078
  ],
  "dice": [
    0.5933384972889233
  ],
  "cosinus": [
    0.2648981460833949
  ]
}