{
  "voc_eval_res": {
    "precision": 41.9355,
    "recall": 8.7248,
    "f-score": 14.4444
  },
  "KL_res": {
    "KL divergence": 4.449275363132175,
    "Euclidean Dist.": 0.45295695825280474,
    "WER": 0.8387096774193549,
    "CER": 0.5812146892655368,
    "Cosine Dist.": 0.18142787199661436
  },
  "occ_eval_res": {
    "precision": 40.5063,
    "recall": 17.2043,
    "f-score": 24.1509
  },
  "clean_eval": {
    "f-score": 19.12350597609562,
    "precision": 13.793103448275861,
    "recall": 31.16883116883117,
    "tp": 24,
    "fp": 150,
    "fn": 53
  },
  "jaccard": [
    0.7127450980392157
  ],
  "braycurtis": [
    0.4322638146167558
  ],
  "dice": [
    0.5536938309215537
  ],
  "cosinus": [
    0.16042762673263622
  ]
}