{
  "voc_eval_res": {
    "precision": 46.5517,
    "recall": 41.5385,
    "f-score": 43.9024
  },
  "KL_res": {
    "KL divergence": 0.8291287015259763,
    "Euclidean Dist.": 0.06072757843631044,
    "WER": 0.5371900826446281,
    "CER": 0.508684034736139,
    "Cosine Dist.": 0.007077906689527791
  },
  "occ_eval_res": {
    "precision": 76.9006,
    "recall": 72.4518,
    "f-score": 74.6099
  },
  "clean_eval": {
    "f-score": 21.43906020558003,
    "precision": 20.857142857142858,
    "recall": 22.054380664652566,
    "tp": 73,
    "fp": 277,
    "fn": 258
  },
  "jaccard": [
    0.4616600790513834
  ],
  "braycurtis": [
    0.16255035908215099
  ],
  "dice": [
    0.3001027749229188
  ],
  "cosinus": [
    0.015641969796616917
  ]
}