{
  "voc_eval_res": {
    "precision": 88.0435,
    "recall": 60.4478,
    "f-score": 71.6814
  },
  "KL_res": {
    "KL divergence": 0.7933039420721195,
    "Euclidean Dist.": 0.0873762443482535,
    "WER": 0.37815126050420167,
    "CER": 0.29078868151715836,
    "Cosine Dist.": 0.017579130160809142
  },
  "occ_eval_res": {
    "precision": 86.2944,
    "recall": 71.4286,
    "f-score": 78.1609
  },
  "clean_eval": {
    "f-score": 70.80103359173128,
    "precision": 64.62264150943396,
    "recall": 78.28571428571428,
    "tp": 137,
    "fp": 75,
    "fn": 38
  },
  "jaccard": [
    0.28893058161350843
  ],
  "braycurtis": [
    0.15227127319257838
  ],
  "dice": [
    0.16885964912280702
  ],
  "cosinus": [
    0.026526799614374985
  ]
}