{
  "voc_eval_res": {
    "precision": 65.3325,
    "recall": 81.3603,
    "f-score": 72.4708
  },
  "KL_res": {
    "KL divergence": 0.12758303098655333,
    "Euclidean Dist.": 0.024237560860828986,
    "WER": 0.2554006145119357,
    "CER": 0.10315573327569437,
    "Cosine Dist.": 0.021160453330034468
  },
  "occ_eval_res": {
    "precision": 80.7009,
    "recall": 90.3522,
    "f-score": 85.2542
  },
  "clean_eval": {
    "f-score": 67.79325803190788,
    "precision": 73.65932858984768,
    "recall": 62.79259108487686,
    "tp": 15425,
    "fp": 5516,
    "fn": 9140
  },
  "jaccard": [
    0.7591456487162008
  ],
  "braycurtis": [
    0.16958617822478772
  ],
  "dice": [
    0.6117927119575169
  ],
  "cosinus": [
    0.02785449140105467
  ]
}