{
  "voc_eval_res": {
    "precision": 58.8785,
    "recall": 20.1923,
    "f-score": 30.0716
  },
  "KL_res": {
    "KL divergence": 2.532339518078259,
    "Euclidean Dist.": 0.1638226457689858,
    "WER": 0.712707182320442,
    "CER": 0.628900199159106,
    "Cosine Dist.": 0.23845613747593142
  },
  "occ_eval_res": {
    "precision": 64.3636,
    "recall": 32.5967,
    "f-score": 43.2763
  },
  "clean_eval": {
    "f-score": 19.849246231155778,
    "precision": 15.019011406844108,
    "recall": 29.259259259259256,
    "tp": 79,
    "fp": 447,
    "fn": 191
  },
  "jaccard": [
    0.5745887691435054
  ],
  "braycurtis": [
    0.4197274881516588
  ],
  "dice": [
    0.40310385992837244
  ],
  "cosinus": [
    0.23338987964760527
  ]
}