{
  "voc_eval_res": {
    "precision": 39.0977,
    "recall": 4.8735,
    "f-score": 8.6667
  },
  "KL_res": {
    "KL divergence": 3.7165244848625942,
    "Euclidean Dist.": 0.22865928276238282,
    "WER": 0.9222462203023758,
    "CER": 0.7790905227369316,
    "Cosine Dist.": 0.2890158470203662
  },
  "occ_eval_res": {
    "precision": 31.528,
    "recall": 11.7351,
    "f-score": 17.1039
  },
  "clean_eval": {
    "f-score": 1.899441340782123,
    "precision": 1.330203442879499,
    "recall": 3.3203125,
    "tp": 17,
    "fp": 1261,
    "fn": 495
  },
  "jaccard": [
    0.7950421671351904
  ],
  "braycurtis": [
    0.6032147829388685
  ],
  "dice": [
    0.6598091198303287
  ],
  "cosinus": [
    0.26853159480073396
  ]
}