{
  "voc_eval_res": {
    "precision": 32.1429,
    "recall": 1.8743,
    "f-score": 3.5421
  },
  "KL_res": {
    "KL divergence": 3.6261578739772506,
    "Euclidean Dist.": 0.21973219837349892,
    "WER": 0.9662778904665315,
    "CER": 0.8660291897332663,
    "Cosine Dist.": 0.693936893798158
  },
  "occ_eval_res": {
    "precision": 27.4218,
    "recall": 4.6653,
    "f-score": 7.974
  },
  "clean_eval": {
    "f-score": 1.3376383763837638,
    "precision": 0.7893304300489928,
    "recall": 4.380664652567976,
    "tp": 29,
    "fp": 3645,
    "fn": 633
  },
  "jaccard": [
    0.8230568011958147
  ],
  "braycurtis": [
    0.7684159845931632
  ],
  "dice": [
    0.6993173519606287
  ],
  "cosinus": [
    0.4344104820430158
  ]
}