{
  "voc_eval_res": {
    "precision": 41.3998,
    "recall": 24.4227,
    "f-score": 30.7218
  },
  "KL_res": {
    "KL divergence": 1.4903978779573517,
    "Euclidean Dist.": 0.09879179147560734,
    "WER": 0.7055736065983504,
    "CER": 0.5245395616833007,
    "Cosine Dist.": 0.040425337721607946
  },
  "occ_eval_res": {
    "precision": 57.0931,
    "recall": 45.0637,
    "f-score": 50.3702
  },
  "clean_eval": {
    "f-score": 19.84372696447,
    "precision": 17.691903259726605,
    "recall": 22.591473648875464,
    "tp": 673,
    "fp": 3131,
    "fn": 2306
  },
  "jaccard": [
    0.5318118948824343
  ],
  "braycurtis": [
    0.21851961619679175
  ],
  "dice": [
    0.36222326895902024
  ],
  "cosinus": [
    0.02745005823431923
  ]
}