{
  "voc_eval_res": {
    "precision": 30.0752,
    "recall": 19.3772,
    "f-score": 23.569
  },
  "KL_res": {
    "KL divergence": 2.1632980503034793,
    "Euclidean Dist.": 0.11731645944561914,
    "WER": 0.8616780045351474,
    "CER": 0.6470665098654123,
    "Cosine Dist.": 0.3256436168396445
  },
  "occ_eval_res": {
    "precision": 34.34,
    "recall": 29.8348,
    "f-score": 31.9293
  },
  "clean_eval": {
    "f-score": 14.877910278250994,
    "precision": 13.449691991786446,
    "recall": 16.64548919949174,
    "tp": 393,
    "fp": 2529,
    "fn": 1968
  },
  "jaccard": [
    0.5573871831856584
  ],
  "braycurtis": [
    0.2974236257100684
  ],
  "dice": [
    0.3863733752321097
  ],
  "cosinus": [
    0.103752221891654
  ]
}