{
  "voc_eval_res": {
    "precision": 78.8552,
    "recall": 90.527,
    "f-score": 84.289
  },
  "KL_res": {
    "KL divergence": 0.013551592428019782,
    "Euclidean Dist.": 0.0030205367985182033,
    "WER": 0.05873278156347791,
    "CER": 0.016516911941092418,
    "Cosine Dist.": 0.00017063085164614744
  },
  "occ_eval_res": {
    "precision": 94.8754,
    "recall": 96.5139,
    "f-score": 95.6877
  },
  "clean_eval": {
    "f-score": 90.27733999829421,
    "precision": 90.94542900690355,
    "recall": 89.61899503036996,
    "tp": 121725,
    "fp": 12119,
    "fn": 14100
  },
  "jaccard": [
    0.392787979966611
  ],
  "braycurtis": [
    0.043687599083197054
  ],
  "dice": [
    0.24439089247133122
  ],
  "cosinus": [
    0.002814764867455688
  ]
}