{
  "voc_eval_res": {
    "precision": 38.8889,
    "recall": 38.8889,
    "f-score": 38.8889
  },
  "KL_res": {
    "KL divergence": 2.8693707509798188,
    "Euclidean Dist.": 0.18309703575525973,
    "WER": 0.859504132231405,
    "CER": 0.5953654188948306,
    "Cosine Dist.": 0.48726375642873265
  },
  "occ_eval_res": {
    "precision": 36.2832,
    "recall": 33.8843,
    "f-score": 35.0427
  },
  "clean_eval": {
    "f-score": 26.431718061674005,
    "precision": 25.0,
    "recall": 28.037383177570092,
    "tp": 30,
    "fp": 90,
    "fn": 77
  },
  "jaccard": [
    0.5
  ],
  "braycurtis": [
    0.30414746543778803
  ],
  "dice": [
    0.3333333333333333
  ],
  "cosinus": [
    0.0905279933946499
  ]
}