{
  "voc_eval_res": {
    "precision": 50.7463,
    "recall": 26.9841,
    "f-score": 35.2332
  },
  "KL_res": {
    "KL divergence": 5.794550463763353,
    "Euclidean Dist.": 0.4632364488369746,
    "WER": 0.8708860759493671,
    "CER": 0.39488320355951056,
    "Cosine Dist.": 0.9545244918432949
  },
  "occ_eval_res": {
    "precision": 21.0526,
    "recall": 15.1899,
    "f-score": 17.6471
  },
  "clean_eval": {
    "f-score": 9.495548961424332,
    "precision": 8.121827411167512,
    "recall": 11.428571428571429,
    "tp": 32,
    "fp": 362,
    "fn": 248
  },
  "jaccard": [
    0.5945179584120983
  ],
  "braycurtis": [
    0.33632764920828256
  ],
  "dice": [
    0.4229993275050437
  ],
  "cosinus": [
    0.18271335383885667
  ]
}