{
  "voc_eval_res": {
    "precision": 78.2609,
    "recall": 54.4669,
    "f-score": 64.2311
  },
  "KL_res": {
    "KL divergence": 0.9490863830145212,
    "Euclidean Dist.": 0.07812460541263132,
    "WER": 0.4452501812907904,
    "CER": 0.30885003604902667,
    "Cosine Dist.": 0.09925277053737924
  },
  "occ_eval_res": {
    "precision": 79.009,
    "recall": 63.5968,
    "f-score": 70.4701
  },
  "clean_eval": {
    "f-score": 63.15356113627006,
    "precision": 57.28155339805825,
    "recall": 70.36697247706421,
    "tp": 767,
    "fp": 572,
    "fn": 323
  },
  "jaccard": [
    0.3026767330130405
  ],
  "braycurtis": [
    0.11640062155671706
  ],
  "dice": [
    0.17832591993530125
  ],
  "cosinus": [
    0.021058993434289963
  ]
}