{
  "voc_eval_res": {
    "precision": 21.9451,
    "recall": 44.2891,
    "f-score": 29.3482
  },
  "KL_res": {
    "KL divergence": 0.38513264600658054,
    "Euclidean Dist.": 0.046810097524456425,
    "WER": 0.5929522677543964,
    "CER": 0.22365715971866143,
    "Cosine Dist.": 0.09119424630747552
  },
  "occ_eval_res": {
    "precision": 55.5843,
    "recall": 57.8325,
    "f-score": 56.6861
  },
  "clean_eval": {
    "f-score": 41.739177140401765,
    "precision": 41.3087391027004,
    "recall": 42.17867998263135,
    "tp": 62168,
    "fp": 88328,
    "fn": 85224
  },
  "jaccard": [
    0.7062089037404333
  ],
  "braycurtis": [
    0.19661393856552487
  ],
  "dice": [
    0.5458446157050615
  ],
  "cosinus": [
    0.03207915744254142
  ]
}