{
  "voc_eval_res": {
    "precision": 76.7075,
    "recall": 50.6358,
    "f-score": 61.0028
  },
  "KL_res": {
    "KL divergence": 0.9969373390284237,
    "Euclidean Dist.": 0.0766023077252271,
    "WER": 0.44943147815679235,
    "CER": 0.3100014328700387,
    "Cosine Dist.": 0.039245444917025085
  },
  "occ_eval_res": {
    "precision": 77.0321,
    "recall": 61.8193,
    "f-score": 68.5923
  },
  "clean_eval": {
    "f-score": 57.21120984278879,
    "precision": 51.60295930949446,
    "recall": 64.18711656441718,
    "tp": 837,
    "fp": 785,
    "fn": 467
  },
  "jaccard": [
    0.3576579175079319
  ],
  "braycurtis": [
    0.12582407233000564
  ],
  "dice": [
    0.21777309448542326
  ],
  "cosinus": [
    0.017453809564543454
  ]
}