{
  "voc_eval_res": {
    "precision": 29.5385,
    "recall": 24.1814,
    "f-score": 26.5928
  },
  "KL_res": {
    "KL divergence": 2.381864268367822,
    "Euclidean Dist.": 0.1552797565046615,
    "WER": 0.8507157464212679,
    "CER": 0.6675538993878094,
    "Cosine Dist.": 0.21024169299907836
  },
  "occ_eval_res": {
    "precision": 36.346,
    "recall": 38.2413,
    "f-score": 37.2696
  },
  "clean_eval": {
    "f-score": 17.426545086119553,
    "precision": 18.048268625393494,
    "recall": 16.846229187071497,
    "tp": 172,
    "fp": 781,
    "fn": 849
  },
  "jaccard": [
    0.5466369379412858
  ],
  "braycurtis": [
    0.30481505670011283
  ],
  "dice": [
    0.3761186397340834
  ],
  "cosinus": [
    0.08101543471356154
  ]
}