{
  "voc_eval_res": {
    "precision": 50.9524,
    "recall": 27.0202,
    "f-score": 35.3135
  },
  "KL_res": {
    "KL divergence": 2.2209497284121054,
    "Euclidean Dist.": 0.1637576839175845,
    "WER": 0.6490066225165563,
    "CER": 0.454512105649303,
    "Cosine Dist.": 0.11545712974118272
  },
  "occ_eval_res": {
    "precision": 60.5053,
    "recall": 43.0464,
    "f-score": 50.304
  },
  "clean_eval": {
    "f-score": 27.216261998870696,
    "precision": 23.466407010710807,
    "recall": 32.39247311827957,
    "tp": 241,
    "fp": 786,
    "fn": 503
  },
  "jaccard": [
    0.5450836393308853
  ],
  "braycurtis": [
    0.23498660393386916
  ],
  "dice": [
    0.374649467190129
  ],
  "cosinus": [
    0.05386634552767433
  ]
}