{
  "voc_eval_res": {
    "precision": 22.3881,
    "recall": 14.2857,
    "f-score": 17.4419
  },
  "KL_res": {
    "KL divergence": 6.385550902803366,
    "Euclidean Dist.": 0.4748080394336337,
    "WER": 0.9201183431952663,
    "CER": 0.4231779382797111,
    "Cosine Dist.": 0.9568919356603887
  },
  "occ_eval_res": {
    "precision": 13.3333,
    "recall": 11.2426,
    "f-score": 12.199
  },
  "clean_eval": {
    "f-score": 4.901960784313726,
    "precision": 4.518072289156627,
    "recall": 5.357142857142857,
    "tp": 15,
    "fp": 317,
    "fn": 265
  },
  "jaccard": [
    0.6831588962892483
  ],
  "braycurtis": [
    0.3252871649741968
  ],
  "dice": [
    0.5187861271676301
  ],
  "cosinus": [
    0.18740062730383078
  ]
}