{
  "voc_eval_res": {
    "precision": 45.4545,
    "recall": 37.037,
    "f-score": 40.8163
  },
  "KL_res": {
    "KL divergence": 1.9427296176345852,
    "Euclidean Dist.": 0.10785546039547811,
    "WER": 0.8251533742331288,
    "CER": 0.6819454163750874,
    "Cosine Dist.": 0.20366766828716565
  },
  "occ_eval_res": {
    "precision": 46.8553,
    "recall": 45.7055,
    "f-score": 46.2733
  },
  "clean_eval": {
    "f-score": 25.34246575342466,
    "precision": 24.342105263157894,
    "recall": 26.42857142857143,
    "tp": 74,
    "fp": 230,
    "fn": 206
  },
  "jaccard": [
    0.4614961496149615
  ],
  "braycurtis": [
    0.2905754498485658
  ],
  "dice": [
    0.2999642474079371
  ],
  "cosinus": [
    0.11763856984278565
  ]
}