{
  "voc_eval_res": {
    "precision": 44.8276,
    "recall": 7.6471,
    "f-score": 13.0653
  },
  "KL_res": {
    "KL divergence": 3.7356737509015705,
    "Euclidean Dist.": 0.22528177803403404,
    "WER": 0.8785900783289817,
    "CER": 0.7883241758241758,
    "Cosine Dist.": 0.43542419299456037
  },
  "occ_eval_res": {
    "precision": 41.4013,
    "recall": 16.9713,
    "f-score": 24.0741
  },
  "clean_eval": {
    "f-score": 4.2105263157894735,
    "precision": 2.997275204359673,
    "recall": 7.07395498392283,
    "tp": 22,
    "fp": 712,
    "fn": 289
  },
  "jaccard": [
    0.7421007685738685
  ],
  "braycurtis": [
    0.604104669061057
  ],
  "dice": [
    0.5899524779361847
  ],
  "cosinus": [
    0.3162044501272733
  ]
}