{
  "voc_eval_res": {
    "precision": 56.8182,
    "recall": 44.2217,
    "f-score": 49.7347
  },
  "KL_res": {
    "KL divergence": 0.5470718558538289,
    "Euclidean Dist.": 0.06177576517419785,
    "WER": 0.540420819490587,
    "CER": 0.42531289678940687,
    "Cosine Dist.": 0.03310284921432216
  },
  "occ_eval_res": {
    "precision": 73.6196,
    "recall": 70.8749,
    "f-score": 72.2212
  },
  "clean_eval": {
    "f-score": 37.60249902381882,
    "precision": 36.79786014520443,
    "recall": 38.44311377245509,
    "tp": 963,
    "fp": 1654,
    "fn": 1542
  },
  "jaccard": [
    0.4272174969623329
  ],
  "braycurtis": [
    0.12129447199764477
  ],
  "dice": [
    0.2716316440049444
  ],
  "cosinus": [
    0.014272375782646285
  ]
}