{
  "voc_eval_res": {
    "precision": 15.3846,
    "recall": 1.7857,
    "f-score": 3.2
  },
  "KL_res": {
    "KL divergence": 5.100801354129094,
    "Euclidean Dist.": 0.2340175679946044,
    "WER": 0.9792452830188679,
    "CER": 0.8247831992477275,
    "Cosine Dist.": 0.9245901797818176
  },
  "occ_eval_res": {
    "precision": 14.527,
    "recall": 2.7044,
    "f-score": 4.5599
  },
  "clean_eval": {
    "f-score": 0.4514672686230249,
    "precision": 0.2708192281651997,
    "recall": 1.3559322033898304,
    "tp": 4,
    "fp": 1473,
    "fn": 291
  },
  "jaccard": [
    0.7960987503809814
  ],
  "braycurtis": [
    0.7035401782130529
  ],
  "dice": [
    0.6612658227848102
  ],
  "cosinus": [
    0.3843882544901608
  ]
}