{
  "voc_eval_res": {
    "precision": 18.5185,
    "recall": 1.2315,
    "f-score": 2.3095
  },
  "KL_res": {
    "KL divergence": 5.473528091634793,
    "Euclidean Dist.": 0.29148935250344943,
    "WER": 0.9890350877192983,
    "CER": 0.8870105655686762,
    "Cosine Dist.": 0.965537017829548
  },
  "occ_eval_res": {
    "precision": 13.0719,
    "recall": 1.462,
    "f-score": 2.6298
  },
  "clean_eval": {
    "f-score": 2.0245842371655822,
    "precision": 1.1382113821138211,
    "recall": 9.15032679738562,
    "tp": 14,
    "fp": 1216,
    "fn": 139
  },
  "jaccard": [
    0.8896377422072451
  ],
  "braycurtis": [
    0.8125774473358116
  ],
  "dice": [
    0.8012139605462822
  ],
  "cosinus": [
    0.5248202146265473
  ]
}