{
  "voc_eval_res": {
    "precision": 27.0677,
    "recall": 62.069,
    "f-score": 37.6963
  },
  "KL_res": {
    "KL divergence": 0.9386053293184019,
    "Euclidean Dist.": 0.11729491314002594,
    "WER": 1.9296875,
    "CER": 1.7351485148514851,
    "Cosine Dist.": 0.045863142052118056
  },
  "occ_eval_res": {
    "precision": 29.6512,
    "recall": 79.6875,
    "f-score": 43.2203
  },
  "clean_eval": {
    "f-score": 20.26431718061674,
    "precision": 36.8,
    "recall": 13.98176291793313,
    "tp": 46,
    "fp": 79,
    "fn": 283
  },
  "jaccard": [
    0.5538208709942481
  ],
  "braycurtis": [
    0.48847197106690776
  ],
  "dice": [
    0.38295454545454544
  ],
  "cosinus": [
    0.03183294992279728
  ]
}