{
  "voc_eval_res": {
    "precision": 24.1379,
    "recall": 50.0,
    "f-score": 32.5581
  },
  "KL_res": {
    "KL divergence": 1.240523735058921,
    "Euclidean Dist.": 0.11623593156219107,
    "WER": 2.1951219512195124,
    "CER": 1.8480360592401803,
    "Cosine Dist.": 0.05943844436992651
  },
  "occ_eval_res": {
    "precision": 25.3247,
    "recall": 71.3415,
    "f-score": 37.3802
  },
  "clean_eval": {
    "f-score": 16.959999999999997,
    "precision": 31.92771084337349,
    "recall": 11.546840958605664,
    "tp": 53,
    "fp": 113,
    "fn": 406
  },
  "jaccard": [
    0.5366739288307916
  ],
  "braycurtis": [
    0.5018965517241379
  ],
  "dice": [
    0.36674937965260546
  ],
  "cosinus": [
    0.04891418298254335
  ]
}