{
  "voc_eval_res": {
    "precision": 35.5886,
    "recall": 17.8912,
    "f-score": 23.8117
  },
  "KL_res": {
    "KL divergence": 2.466849716161878,
    "Euclidean Dist.": 0.18326574014545935,
    "WER": 0.9331293706293706,
    "CER": 0.7494150417827298,
    "Cosine Dist.": 0.7645725127793145
  },
  "occ_eval_res": {
    "precision": 25.9158,
    "recall": 24.7378,
    "f-score": 25.3131
  },
  "clean_eval": {
    "f-score": 17.18532280538783,
    "precision": 17.153453871117293,
    "recall": 17.2173103769195,
    "tp": 370,
    "fp": 1787,
    "fn": 1779
  },
  "jaccard": [
    0.568685376661743
  ],
  "braycurtis": [
    0.36424798297022415
  ],
  "dice": [
    0.3973168214654283
  ],
  "cosinus": [
    0.25615142956774895
  ]
}