{
  "voc_eval_res": {
    "precision": 49.5528,
    "recall": 33.3735,
    "f-score": 39.8848
  },
  "KL_res": {
    "KL divergence": 1.4279196032995451,
    "Euclidean Dist.": 0.0734514573563767,
    "WER": 0.6942266571632216,
    "CER": 0.44714407502131287,
    "Cosine Dist.": 0.11041511489064126
  },
  "occ_eval_res": {
    "precision": 52.2258,
    "recall": 46.8282,
    "f-score": 49.3799
  },
  "clean_eval": {
    "f-score": 39.270568278201864,
    "precision": 37.429264349232014,
    "recall": 41.302408563782336,
    "tp": 463,
    "fp": 774,
    "fn": 658
  },
  "jaccard": [
    0.44414495357891587
  ],
  "braycurtis": [
    0.17358134750557175
  ],
  "dice": [
    0.2854667949951877
  ],
  "cosinus": [
    0.02901148768996331
  ]
}