{
  "voc_eval_res": {
    "precision": 43.6782,
    "recall": 6.0606,
    "f-score": 10.6443
  },
  "KL_res": {
    "KL divergence": 3.93539713937071,
    "Euclidean Dist.": 0.24124805885018624,
    "WER": 0.9041570438799076,
    "CER": 0.8143690736688548,
    "Cosine Dist.": 0.4618231268493401
  },
  "occ_eval_res": {
    "precision": 35.9873,
    "recall": 13.0485,
    "f-score": 19.1525
  },
  "clean_eval": {
    "f-score": 3.7102473498233217,
    "precision": 2.5578562728380025,
    "recall": 6.752411575562702,
    "tp": 21,
    "fp": 800,
    "fn": 290
  },
  "jaccard": [
    0.7730129390018484
  ],
  "braycurtis": [
    0.6385902589511078
  ],
  "dice": [
    0.6300090388671287
  ],
  "cosinus": [
    0.31224077501711445
  ]
}