{
  "voc_eval_res": {
    "precision": 35.6322,
    "recall": 4.9919,
    "f-score": 8.7571
  },
  "KL_res": {
    "KL divergence": 3.702098859739162,
    "Euclidean Dist.": 0.19703281953101698,
    "WER": 0.9316877152698049,
    "CER": 0.7864940149062711,
    "Cosine Dist.": 0.47190432362992973
  },
  "occ_eval_res": {
    "precision": 35.1464,
    "recall": 9.6441,
    "f-score": 15.1351
  },
  "clean_eval": {
    "f-score": 1.8814675446848543,
    "precision": 1.2070006035003018,
    "recall": 4.264392324093817,
    "tp": 20,
    "fp": 1637,
    "fn": 449
  },
  "jaccard": [
    0.7309027777777778
  ],
  "braycurtis": [
    0.6287528868360277
  ],
  "dice": [
    0.5759233926128591
  ],
  "cosinus": [
    0.2979596831271404
  ]
}