{
  "voc_eval_res": {
    "precision": 23.9316,
    "recall": 10.9375,
    "f-score": 15.0134
  },
  "KL_res": {
    "KL divergence": 3.3841074684497,
    "Euclidean Dist.": 0.16034359084859806,
    "WER": 0.8878504672897196,
    "CER": 0.6965589155370178,
    "Cosine Dist.": 0.28720661727002306
  },
  "occ_eval_res": {
    "precision": 33.4459,
    "recall": 23.1308,
    "f-score": 27.3481
  },
  "clean_eval": {
    "f-score": 4.366812227074236,
    "precision": 3.826530612244898,
    "recall": 5.084745762711865,
    "tp": 15,
    "fp": 377,
    "fn": 280
  },
  "jaccard": [
    0.6945786366076221
  ],
  "braycurtis": [
    0.40984201924822955
  ],
  "dice": [
    0.5320723684210527
  ],
  "cosinus": [
    0.19848826100376316
  ]
}