{
  "voc_eval_res": {
    "precision": 48.7179,
    "recall": 13.1944,
    "f-score": 20.765
  },
  "KL_res": {
    "KL divergence": 4.186193670419834,
    "Euclidean Dist.": 0.3144401824268572,
    "WER": 0.8228782287822878,
    "CER": 0.5445696721311475,
    "Cosine Dist.": 0.3281617963041744
  },
  "occ_eval_res": {
    "precision": 51.7241,
    "recall": 22.1402,
    "f-score": 31.0078
  },
  "clean_eval": {
    "f-score": 26.256983240223462,
    "precision": 19.10569105691057,
    "recall": 41.964285714285715,
    "tp": 47,
    "fp": 199,
    "fn": 65
  },
  "jaccard": [
    0.6370582617000955
  ],
  "braycurtis": [
    0.3649452269170579
  ],
  "dice": [
    0.46741415557112825
  ],
  "cosinus": [
    0.22421083923320295
  ]
}