{
  "voc_eval_res": {
    "precision": 24.8485,
    "recall": 36.9369,
    "f-score": 29.7101
  },
  "KL_res": {
    "KL divergence": 1.4381575482124607,
    "Euclidean Dist.": 0.33145264031884103,
    "WER": 2.741839762611276,
    "CER": 2.166105499438833,
    "Cosine Dist.": 0.027491018893375574
  },
  "occ_eval_res": {
    "precision": 20.4986,
    "recall": 65.8754,
    "f-score": 31.2676
  },
  "clean_eval": {
    "f-score": 14.744525547445258,
    "precision": 30.513595166163142,
    "recall": 9.720885466794996,
    "tp": 101,
    "fp": 230,
    "fn": 938
  },
  "jaccard": [
    0.5983461311281748
  ],
  "braycurtis": [
    0.5704239109201016
  ],
  "dice": [
    0.4268857985672145
  ],
  "cosinus": [
    0.07851678369088178
  ]
}