{
  "voc_eval_res": {
    "precision": 33.7434,
    "recall": 18.7683,
    "f-score": 24.1206
  },
  "KL_res": {
    "KL divergence": 2.655810952428335,
    "Euclidean Dist.": 0.13944750217322927,
    "WER": 0.8770442156268928,
    "CER": 0.6432637571157496,
    "Cosine Dist.": 0.7093505331046087
  },
  "occ_eval_res": {
    "precision": 34.5496,
    "recall": 18.3525,
    "f-score": 23.9715
  },
  "clean_eval": {
    "f-score": 13.75921375921376,
    "precision": 10.513141426783479,
    "recall": 19.90521327014218,
    "tp": 168,
    "fp": 1430,
    "fn": 676
  },
  "jaccard": [
    0.6065128900949797
  ],
  "braycurtis": [
    0.34948274096077026
  ],
  "dice": [
    0.4352482960077897
  ],
  "cosinus": [
    0.14396450604551025
  ]
}