{
  "voc_eval_res": {
    "precision": 26.6667,
    "recall": 8.7302,
    "f-score": 13.154
  },
  "KL_res": {
    "KL divergence": 3.957898647354584,
    "Euclidean Dist.": 0.14476055142373273,
    "WER": 0.9220338983050848,
    "CER": 0.7191899710703954,
    "Cosine Dist.": 0.4166004270171746
  },
  "occ_eval_res": {
    "precision": 24.5161,
    "recall": 12.8814,
    "f-score": 16.8889
  },
  "clean_eval": {
    "f-score": 4.275534441805226,
    "precision": 3.1523642732049035,
    "recall": 6.642066420664207,
    "tp": 18,
    "fp": 553,
    "fn": 253
  },
  "jaccard": [
    0.6305578011317704
  ],
  "braycurtis": [
    0.4891345787266489
  ],
  "dice": [
    0.4604486422668241
  ],
  "cosinus": [
    0.18197719505125232
  ]
}