{
  "voc_eval_res": {
    "precision": 10.8571,
    "recall": 3.9337,
    "f-score": 5.7751
  },
  "KL_res": {
    "KL divergence": 4.619974289841894,
    "Euclidean Dist.": 0.2610793247881773,
    "WER": 0.9789473684210527,
    "CER": 0.7714894624674402,
    "Cosine Dist.": 0.9200339633931034
  },
  "occ_eval_res": {
    "precision": 9.0643,
    "recall": 4.6617,
    "f-score": 6.1569
  },
  "clean_eval": {
    "f-score": 1.257861635220126,
    "precision": 0.9615384615384616,
    "recall": 1.8181818181818181,
    "tp": 6,
    "fp": 618,
    "fn": 324
  },
  "jaccard": [
    0.7790186125211506
  ],
  "braycurtis": [
    0.6419889502762431
  ],
  "dice": [
    0.6380266075388027
  ],
  "cosinus": [
    0.4796957912450506
  ]
}