{
  "voc_eval_res": {
    "precision": 44.7619,
    "recall": 43.5185,
    "f-score": 44.1315
  },
  "KL_res": {
    "KL divergence": 1.513917449523557,
    "Euclidean Dist.": 0.11340667499346455,
    "WER": 1.0789473684210527,
    "CER": 0.825136612021858,
    "Cosine Dist.": 0.09039562497301057
  },
  "occ_eval_res": {
    "precision": 41.6422,
    "recall": 62.2807,
    "f-score": 49.9121
  },
  "clean_eval": {
    "f-score": 15.045871559633028,
    "precision": 18.98148148148148,
    "recall": 12.462006079027356,
    "tp": 41,
    "fp": 175,
    "fn": 288
  },
  "jaccard": [
    0.43695271453590195
  ],
  "braycurtis": [
    0.2962566844919786
  ],
  "dice": [
    0.2795518207282913
  ],
  "cosinus": [
    0.029553845347593977
  ]
}