{
  "voc_eval_res": {
    "precision": 37.7778,
    "recall": 51.5152,
    "f-score": 43.5897
  },
  "KL_res": {
    "KL divergence": 1.8672663972211505,
    "Euclidean Dist.": 0.17786163538704333,
    "WER": 0.7954545454545454,
    "CER": 0.5673913043478261,
    "Cosine Dist.": 0.18516465493549206
  },
  "occ_eval_res": {
    "precision": 44.6429,
    "recall": 56.8182,
    "f-score": 50.0
  },
  "clean_eval": {
    "f-score": 48.93617021276596,
    "precision": 54.761904761904766,
    "recall": 44.230769230769226,
    "tp": 23,
    "fp": 19,
    "fn": 29
  },
  "jaccard": [
    0.49624060150375937
  ],
  "braycurtis": [
    0.29400921658986173
  ],
  "dice": [
    0.33
  ],
  "cosinus": [
    0.09464262652448951
  ]
}