{
  "voc_eval_res": {
    "precision": 54.0984,
    "recall": 37.0787,
    "f-score": 44.0
  },
  "KL_res": {
    "KL divergence": 2.1965495242700452,
    "Euclidean Dist.": 0.1545363247498463,
    "WER": 0.6714285714285714,
    "CER": 0.44623655913978494,
    "Cosine Dist.": 0.2342837200628477
  },
  "occ_eval_res": {
    "precision": 54.8077,
    "recall": 40.7143,
    "f-score": 46.7213
  },
  "clean_eval": {
    "f-score": 41.55844155844156,
    "precision": 36.92307692307693,
    "recall": 47.524752475247524,
    "tp": 48,
    "fp": 82,
    "fn": 53
  },
  "jaccard": [
    0.4672686230248307
  ],
  "braycurtis": [
    0.253619803829986
  ],
  "dice": [
    0.30486008836524303
  ],
  "cosinus": [
    0.06690487495681208
  ]
}