{
  "voc_eval_res": {
    "precision": 80.4598,
    "recall": 36.2694,
    "f-score": 50.0
  },
  "KL_res": {
    "KL divergence": 3.336551700879031,
    "Euclidean Dist.": 0.30503417803670696,
    "WER": 0.6526162790697675,
    "CER": 0.7193006052454607,
    "Cosine Dist.": 0.5841869651822176
  },
  "occ_eval_res": {
    "precision": 84.3949,
    "recall": 38.5174,
    "f-score": 52.8942
  },
  "clean_eval": {
    "f-score": 17.741935483870968,
    "precision": 12.922173274596183,
    "recall": 28.29581993569132,
    "tp": 88,
    "fp": 593,
    "fn": 223
  },
  "jaccard": [
    0.481981981981982
  ],
  "braycurtis": [
    0.5474600283343453
  ],
  "dice": [
    0.31750741839762614
  ],
  "cosinus": [
    0.4682179404449197
  ]
}