{
  "voc_eval_res": {
    "precision": 23.0088,
    "recall": 4.8872,
    "f-score": 8.062
  },
  "KL_res": {
    "KL divergence": 4.075471149749032,
    "Euclidean Dist.": 0.28875166698670546,
    "WER": 0.911042944785276,
    "CER": 0.6764053999597018,
    "Cosine Dist.": 0.33485621190315484
  },
  "occ_eval_res": {
    "precision": 20.9974,
    "recall": 12.2699,
    "f-score": 15.4889
  },
  "clean_eval": {
    "f-score": 0.992063492063492,
    "precision": 0.7849293563579277,
    "recall": 1.3477088948787064,
    "tp": 5,
    "fp": 632,
    "fn": 366
  },
  "jaccard": [
    0.7059352517985612
  ],
  "braycurtis": [
    0.5026925485284909
  ],
  "dice": [
    0.5455177206393329
  ],
  "cosinus": [
    0.24945880005840027
  ]
}