{
  "voc_eval_res": {
    "precision": 62.2642,
    "recall": 47.482,
    "f-score": 53.8776
  },
  "KL_res": {
    "KL divergence": 1.0484740318951982,
    "Euclidean Dist.": 0.07206870250007441,
    "WER": 0.521079258010118,
    "CER": 0.40115548857071087,
    "Cosine Dist.": 0.06940308924707583
  },
  "occ_eval_res": {
    "precision": 71.5931,
    "recall": 62.9005,
    "f-score": 66.9659
  },
  "clean_eval": {
    "f-score": 38.223140495867774,
    "precision": 36.06237816764132,
    "recall": 40.65934065934066,
    "tp": 185,
    "fp": 328,
    "fn": 270
  },
  "jaccard": [
    0.4247422680412371
  ],
  "braycurtis": [
    0.2154094392900363
  ],
  "dice": [
    0.2696335078534031
  ],
  "cosinus": [
    0.06388357179329296
  ]
}