{
  "voc_eval_res": {
    "precision": 19.0751,
    "recall": 1.1029,
    "f-score": 2.0853
  },
  "KL_res": {
    "KL divergence": 3.554227567439407,
    "Euclidean Dist.": 0.2638566019522694,
    "WER": 0.9702105803800719,
    "CER": 0.8643816184475308,
    "Cosine Dist.": 0.5129879012235614
  },
  "occ_eval_res": {
    "precision": 19.464,
    "recall": 3.5439,
    "f-score": 5.9961
  },
  "clean_eval": {
    "f-score": 0.2796550920531345,
    "precision": 0.1646090534979424,
    "recall": 0.9287925696594427,
    "tp": 6,
    "fp": 3639,
    "fn": 640
  },
  "jaccard": [
    0.8029700899393433
  ],
  "braycurtis": [
    0.7678237429860271
  ],
  "dice": [
    0.6708020269089638
  ],
  "cosinus": [
    0.4248007884921823
  ]
}