{
  "voc_eval_res": {
    "precision": 6.0606,
    "recall": 2.7027,
    "f-score": 3.7383
  },
  "KL_res": {
    "KL divergence": 5.117683256295061,
    "Euclidean Dist.": 0.15149832664444382,
    "WER": 0.9925,
    "CER": 0.7513634110064452,
    "Cosine Dist.": 0.9308066643164631
  },
  "occ_eval_res": {
    "precision": 3.871,
    "recall": 3.0,
    "f-score": 3.3803
  },
  "clean_eval": {
    "f-score": 1.2195121951219514,
    "precision": 1.0389610389610389,
    "recall": 1.4760147601476015,
    "tp": 4,
    "fp": 381,
    "fn": 267
  },
  "jaccard": [
    0.6604375569735643
  ],
  "braycurtis": [
    0.5750446694460989
  ],
  "dice": [
    0.4930248383804015
  ],
  "cosinus": [
    0.3507639087221057
  ]
}