{
  "voc_eval_res": {
    "precision": 31.4465,
    "recall": 5.1867,
    "f-score": 8.9047
  },
  "KL_res": {
    "KL divergence": 3.8384558696611792,
    "Euclidean Dist.": 0.26558569958773887,
    "WER": 0.9297553275453828,
    "CER": 0.7264231096006797,
    "Cosine Dist.": 0.5122623316193838
  },
  "occ_eval_res": {
    "precision": 19.2982,
    "recall": 11.2865,
    "f-score": 14.243
  },
  "clean_eval": {
    "f-score": 3.9149888143176734,
    "precision": 2.9914529914529915,
    "recall": 5.6634304207119746,
    "tp": 35,
    "fp": 1135,
    "fn": 583
  },
  "jaccard": [
    0.7327108257951561
  ],
  "braycurtis": [
    0.5628548256285483
  ],
  "dice": [
    0.5781717706654387
  ],
  "cosinus": [
    0.30876127192012504
  ]
}