{
  "voc_eval_res": {
    "precision": 6.8966,
    "recall": 0.1451,
    "f-score": 0.2843
  },
  "KL_res": {
    "KL divergence": 4.505373368673823,
    "Euclidean Dist.": 0.2861501084985341,
    "WER": 0.9981807155852032,
    "CER": 0.936841295484268,
    "Cosine Dist.": 0.9857966021652232
  },
  "occ_eval_res": {
    "precision": 3.7037,
    "recall": 0.2426,
    "f-score": 0.4553
  },
  "clean_eval": {
    "f-score": 0.3683241252302025,
    "precision": 0.1963350785340314,
    "recall": 2.9702970297029703,
    "tp": 3,
    "fp": 1525,
    "fn": 98
  },
  "jaccard": [
    0.910857908847185
  ],
  "braycurtis": [
    0.9056981482805462
  ],
  "dice": [
    0.8363076923076923
  ],
  "cosinus": [
    0.5234642691954343
  ]
}