{
  "voc_eval_res": {
    "precision": 52.1127,
    "recall": 35.2381,
    "f-score": 42.0455
  },
  "KL_res": {
    "KL divergence": 1.6399218462191891,
    "Euclidean Dist.": 0.10959213309213074,
    "WER": 0.7514450867052023,
    "CER": 0.635814889336016,
    "Cosine Dist.": 0.09305093117446028
  },
  "occ_eval_res": {
    "precision": 63.3094,
    "recall": 50.8671,
    "f-score": 56.4103
  },
  "clean_eval": {
    "f-score": 23.68421052631579,
    "precision": 21.55688622754491,
    "recall": 26.277372262773724,
    "tp": 36,
    "fp": 131,
    "fn": 101
  },
  "jaccard": [
    0.5189289012003694
  ],
  "braycurtis": [
    0.24769627718392923
  ],
  "dice": [
    0.35037406483790523
  ],
  "cosinus": [
    0.04608249218778482
  ]
}