{
  "voc_eval_res": {
    "precision": 29.697,
    "recall": 41.1765,
    "f-score": 34.507
  },
  "KL_res": {
    "KL divergence": 0.9015110132139951,
    "Euclidean Dist.": 0.338279311424206,
    "WER": 2.716012084592145,
    "CER": 2.381540997115781,
    "Cosine Dist.": 0.028283210254705038
  },
  "occ_eval_res": {
    "precision": 23.4534,
    "recall": 76.7372,
    "f-score": 35.9264
  },
  "clean_eval": {
    "f-score": 17.096536477523948,
    "precision": 36.477987421383645,
    "recall": 11.164581328200192,
    "tp": 116,
    "fp": 202,
    "fn": 923
  },
  "jaccard": [
    0.6028985507246377
  ],
  "braycurtis": [
    0.5625938156709697
  ],
  "dice": [
    0.4315352697095436
  ],
  "cosinus": [
    0.05782544752057672
  ]
}