{
  "voc_eval_res": {
    "precision": 32.6923,
    "recall": 55.4348,
    "f-score": 41.129
  },
  "KL_res": {
    "KL divergence": 1.6027696172044477,
    "Euclidean Dist.": 0.15748590483347114,
    "WER": 2.6027397260273974,
    "CER": 2.167013167013167,
    "Cosine Dist.": 0.3315599591650732
  },
  "occ_eval_res": {
    "precision": 21.5859,
    "recall": 67.1233,
    "f-score": 32.6667
  },
  "clean_eval": {
    "f-score": 20.30075187969925,
    "precision": 40.298507462686565,
    "recall": 13.5678391959799,
    "tp": 54,
    "fp": 80,
    "fn": 344
  },
  "jaccard": [
    0.48822406110757477
  ],
  "braycurtis": [
    0.5333919156414763
  ],
  "dice": [
    0.32294736842105265
  ],
  "cosinus": [
    0.14269431794731013
  ]
}