{
  "voc_eval_res": {
    "precision": 28.0488,
    "recall": 45.098,
    "f-score": 34.5865
  },
  "KL_res": {
    "KL divergence": 1.9013980974751297,
    "Euclidean Dist.": 0.177688052261565,
    "WER": 2.6601307189542482,
    "CER": 2.5914221218961626,
    "Cosine Dist.": 0.4077385242028271
  },
  "occ_eval_res": {
    "precision": 19.5789,
    "recall": 60.7843,
    "f-score": 29.6178
  },
  "clean_eval": {
    "f-score": 17.869415807560134,
    "precision": 35.13513513513514,
    "recall": 11.981566820276496,
    "tp": 52,
    "fp": 96,
    "fn": 382
  },
  "jaccard": [
    0.5263852242744064
  ],
  "braycurtis": [
    0.5813351733655339
  ],
  "dice": [
    0.35720680393912263
  ],
  "cosinus": [
    0.2289528846026161
  ]
}