{
  "voc_eval_res": {
    "precision": 12.4454,
    "recall": 9.3371,
    "f-score": 10.6695
  },
  "KL_res": {
    "KL divergence": 1.6281692871165463,
    "Euclidean Dist.": 0.08861784310116208,
    "WER": 0.9810382513661202,
    "CER": 0.7997198707473799,
    "Cosine Dist.": 0.6717724945160248
  },
  "occ_eval_res": {
    "precision": 20.3924,
    "recall": 18.8579,
    "f-score": 19.5952
  },
  "clean_eval": {
    "f-score": 1.9159421894900048,
    "precision": 1.8357385398981325,
    "recall": 2.0034742327735957,
    "tp": 346,
    "fp": 18502,
    "fn": 16924
  },
  "jaccard": [
    0.8148771929824561
  ],
  "braycurtis": [
    0.6128525606702668
  ],
  "dice": [
    0.687588820464235
  ],
  "cosinus": [
    0.43361716283202467
  ]
}