{
  "voc_eval_res": {
    "precision": 25.6983,
    "recall": 21.2963,
    "f-score": 23.2911
  },
  "KL_res": {
    "KL divergence": 2.8558452254264313,
    "Euclidean Dist.": 0.25799700862006036,
    "WER": 1.0227272727272727,
    "CER": 0.8085858585858586,
    "Cosine Dist.": 0.8286140256529565
  },
  "occ_eval_res": {
    "precision": 18.8995,
    "recall": 19.9495,
    "f-score": 19.4103
  },
  "clean_eval": {
    "f-score": 4.69361147327249,
    "precision": 5.027932960893855,
    "recall": 4.400977995110025,
    "tp": 18,
    "fp": 340,
    "fn": 391
  },
  "jaccard": [
    0.7185778668002003
  ],
  "braycurtis": [
    0.5281476290586311
  ],
  "dice": [
    0.5607659241891364
  ],
  "cosinus": [
    0.474100529692976
  ]
}