{
  "voc_eval_res": {
    "precision": 64.9198,
    "recall": 88.0888,
    "f-score": 74.7502
  },
  "KL_res": {
    "KL divergence": 0.09040913531242332,
    "Euclidean Dist.": 0.016253540195170783,
    "WER": 0.35516515884704397,
    "CER": 0.31531386344876383,
    "Cosine Dist.": 0.007300095109639804
  },
  "occ_eval_res": {
    "precision": 73.6331,
    "recall": 95.3124,
    "f-score": 83.0818
  },
  "clean_eval": {
    "f-score": 75.54064198692149,
    "precision": 90.01940073291658,
    "recall": 65.07409658267495,
    "tp": 41760,
    "fp": 4630,
    "fn": 22413
  },
  "jaccard": [
    0.4534978087972732
  ],
  "braycurtis": [
    0.15661283521265945
  ],
  "dice": [
    0.29324097397145255
  ],
  "cosinus": [
    0.008575758167411296
  ]
}