{
  "voc_eval_res": {
    "precision": 47.2906,
    "recall": 24.8062,
    "f-score": 32.5424
  },
  "KL_res": {
    "KL divergence": 2.3205599415583014,
    "Euclidean Dist.": 0.17056961462854534,
    "WER": 0.9719887955182073,
    "CER": 0.7759542688548774,
    "Cosine Dist.": 0.38513317549284587
  },
  "occ_eval_res": {
    "precision": 38.3523,
    "recall": 37.8151,
    "f-score": 38.0818
  },
  "clean_eval": {
    "f-score": 13.393528969149738,
    "precision": 13.069016152716593,
    "recall": 13.734567901234568,
    "tp": 89,
    "fp": 592,
    "fn": 559
  },
  "jaccard": [
    0.5373549883990719
  ],
  "braycurtis": [
    0.2964430357457299
  ],
  "dice": [
    0.36738578680203043
  ],
  "cosinus": [
    0.12528713571499217
  ]
}