{
  "voc_eval_res": {
    "precision": 9.4128,
    "recall": 24.4289,
    "f-score": 13.5894
  },
  "KL_res": {
    "KL divergence": 1.075800019587249,
    "Euclidean Dist.": 0.09113788913576085,
    "WER": 1.0998818246277475,
    "CER": 0.5251540041067762,
    "Cosine Dist.": 0.3193155760043602
  },
  "occ_eval_res": {
    "precision": 29.3626,
    "recall": 39.8487,
    "f-score": 33.8113
  },
  "clean_eval": {
    "f-score": 14.374874169518826,
    "precision": 18.752686118141444,
    "recall": 11.654202279202279,
    "tp": 3927,
    "fp": 17014,
    "fn": 29769
  },
  "jaccard": [
    0.7580953966536252
  ],
  "braycurtis": [
    0.3676316951147734
  ],
  "dice": [
    0.6104296534620283
  ],
  "cosinus": [
    0.17618425717579222
  ]
}