{
  "voc_eval_res": {
    "precision": 25.0,
    "recall": 1.4485,
    "f-score": 2.7383
  },
  "KL_res": {
    "KL divergence": 3.6601787022099423,
    "Euclidean Dist.": 0.23724684299418142,
    "WER": 0.9746072735097913,
    "CER": 0.8928542624405194,
    "Cosine Dist.": 0.7967519391667758
  },
  "occ_eval_res": {
    "precision": 17.2754,
    "recall": 3.7659,
    "f-score": 6.1837
  },
  "clean_eval": {
    "f-score": 0.19634792852935398,
    "precision": 0.12150668286755771,
    "recall": 0.5112474437627812,
    "tp": 5,
    "fp": 4110,
    "fn": 973
  },
  "jaccard": [
    0.8541666666666666
  ],
  "braycurtis": [
    0.7776748176748177
  ],
  "dice": [
    0.7454545454545455
  ],
  "cosinus": [
    0.32915776271813757
  ]
}