{
  "voc_eval_res": {
    "precision": 59.588,
    "recall": 86.655,
    "f-score": 70.6166
  },
  "KL_res": {
    "KL divergence": 0.042110390208979456,
    "Euclidean Dist.": 0.01057997869762907,
    "WER": 0.14949572910486877,
    "CER": 0.0806971694347324,
    "Cosine Dist.": 0.003214218395600099
  },
  "occ_eval_res": {
    "precision": 91.6811,
    "recall": 88.8628,
    "f-score": 90.25
  },
  "clean_eval": {
    "f-score": 84.69197555623717,
    "precision": 83.79633952750024,
    "recall": 85.60696398759838,
    "tp": 143580,
    "fp": 27764,
    "fn": 24140
  },
  "jaccard": [
    0.5559631707667961
  ],
  "braycurtis": [
    0.09046153230705095
  ],
  "dice": [
    0.3850062266500623
  ],
  "cosinus": [
    0.006660568443367487
  ]
}