{
  "voc_eval_res": {
    "precision": 76.1062,
    "recall": 34.9593,
    "f-score": 47.9109
  },
  "KL_res": {
    "KL divergence": 1.7647529244971532,
    "Euclidean Dist.": 0.13924019109239305,
    "WER": 0.5831578947368421,
    "CER": 0.44868459092223184,
    "Cosine Dist.": 0.1338422765836832
  },
  "occ_eval_res": {
    "precision": 76.3699,
    "recall": 46.9474,
    "f-score": 58.1486
  },
  "clean_eval": {
    "f-score": 30.16304347826087,
    "precision": 24.503311258278146,
    "recall": 39.2226148409894,
    "tp": 111,
    "fp": 342,
    "fn": 172
  },
  "jaccard": [
    0.47630619684082626
  ],
  "braycurtis": [
    0.25922775982309915
  ],
  "dice": [
    0.31259968102073366
  ],
  "cosinus": [
    0.07570825934883807
  ]
}