{
  "voc_eval_res": {
    "precision": 9.2593,
    "recall": 0.3008,
    "f-score": 0.5828
  },
  "KL_res": {
    "KL divergence": 4.204044150546592,
    "Euclidean Dist.": 0.5909737552316212,
    "WER": 0.9954819277108434,
    "CER": 0.8672172808132147,
    "Cosine Dist.": 0.9827058143407826
  },
  "occ_eval_res": {
    "precision": 3.7975,
    "recall": 0.6024,
    "f-score": 1.0399
  },
  "clean_eval": {
    "f-score": 0.35382574082264484,
    "precision": 0.2056555269922879,
    "recall": 1.2658227848101267,
    "tp": 4,
    "fp": 1941,
    "fn": 312
  },
  "jaccard": [
    0.8777533039647577
  ],
  "braycurtis": [
    0.8177710843373494
  ],
  "dice": [
    0.7821393523061825
  ],
  "cosinus": [
    0.6020983541817357
  ]
}