{
  "voc_eval_res": {
    "precision": 9.0909,
    "recall": 0.3777,
    "f-score": 0.7253
  },
  "KL_res": {
    "KL divergence": 4.573628623281356,
    "Euclidean Dist.": 0.31661237807939957,
    "WER": 0.9958018471872376,
    "CER": 0.9504424778761061,
    "Cosine Dist.": 0.9503737374933285
  },
  "occ_eval_res": {
    "precision": 8.0808,
    "recall": 0.6717,
    "f-score": 1.2403
  },
  "clean_eval": {
    "f-score": 0.819000819000819,
    "precision": 0.44523597506678536,
    "recall": 5.1020408163265305,
    "tp": 5,
    "fp": 1118,
    "fn": 93
  },
  "jaccard": [
    0.9107968452542834
  ],
  "braycurtis": [
    0.9181106246531417
  ],
  "dice": [
    0.8362047440699126
  ],
  "cosinus": [
    0.6359610606075283
  ]
}