{
  "voc_eval_res": {
    "precision": 40.3509,
    "recall": 12.2995,
    "f-score": 18.8525
  },
  "KL_res": {
    "KL divergence": 4.536403125086904,
    "Euclidean Dist.": 0.27016420286771287,
    "WER": 0.8600823045267489,
    "CER": 0.6459302325581395,
    "Cosine Dist.": 0.6959630858031369
  },
  "occ_eval_res": {
    "precision": 33.6134,
    "recall": 16.4609,
    "f-score": 22.0994
  },
  "clean_eval": {
    "f-score": 12.82051282051282,
    "precision": 9.803921568627452,
    "recall": 18.51851851851852,
    "tp": 20,
    "fp": 184,
    "fn": 88
  },
  "jaccard": [
    0.6786743515850144
  ],
  "braycurtis": [
    0.4902962206332993
  ],
  "dice": [
    0.5136314067611778
  ],
  "cosinus": [
    0.33038005315129493
  ]
}