{
  "voc_eval_res": {
    "precision": 35.8696,
    "recall": 14.1631,
    "f-score": 20.3077
  },
  "KL_res": {
    "KL divergence": 3.9722174821137095,
    "Euclidean Dist.": 0.3980350493754495,
    "WER": 0.9036544850498339,
    "CER": 0.6845698680018206,
    "Cosine Dist.": 0.6732370753437258
  },
  "occ_eval_res": {
    "precision": 25.6522,
    "recall": 19.6013,
    "f-score": 22.2222
  },
  "clean_eval": {
    "f-score": 11.359026369168355,
    "precision": 10.526315789473683,
    "recall": 12.334801762114537,
    "tp": 28,
    "fp": 238,
    "fn": 199
  },
  "jaccard": [
    0.6695174098961515
  ],
  "braycurtis": [
    0.546617915904936
  ],
  "dice": [
    0.5032139577594124
  ],
  "cosinus": [
    0.4613719271825
  ]
}