{
  "voc_eval_res": {
    "precision": 22.2222,
    "recall": 1.259,
    "f-score": 2.383
  },
  "KL_res": {
    "KL divergence": 4.387569712774264,
    "Euclidean Dist.": 0.5686819745906871,
    "WER": 0.9888111888111888,
    "CER": 0.8331127080181543,
    "Cosine Dist.": 0.9658848004289267
  },
  "occ_eval_res": {
    "precision": 6.993,
    "recall": 1.3986,
    "f-score": 2.331
  },
  "clean_eval": {
    "f-score": 1.078490113840623,
    "precision": 0.6507592190889371,
    "recall": 3.146853146853147,
    "tp": 9,
    "fp": 1374,
    "fn": 277
  },
  "jaccard": [
    0.8545020870602266
  ],
  "braycurtis": [
    0.7918651243668254
  ],
  "dice": [
    0.7459656428943259
  ],
  "cosinus": [
    0.6267279853349881
  ]
}