{
  "voc_eval_res": {
    "precision": 47.0588,
    "recall": 17.3913,
    "f-score": 25.3968
  },
  "KL_res": {
    "KL divergence": 5.690657095625577,
    "Euclidean Dist.": 0.426604385142171,
    "WER": 0.8970588235294118,
    "CER": 0.7378378378378379,
    "Cosine Dist.": 0.7146070373064289
  },
  "occ_eval_res": {
    "precision": 41.6667,
    "recall": 14.7059,
    "f-score": 21.7391
  },
  "clean_eval": {
    "f-score": 21.428571428571423,
    "precision": 15.0,
    "recall": 37.5,
    "tp": 9,
    "fp": 51,
    "fn": 15
  },
  "jaccard": [
    0.735812133072407
  ],
  "braycurtis": [
    0.6074766355140186
  ],
  "dice": [
    0.5820433436532507
  ],
  "cosinus": [
    0.4442444602140426
  ]
}