{
  "voc_eval_res": {
    "precision": 33.3333,
    "recall": 11.4286,
    "f-score": 17.0213
  },
  "KL_res": {
    "KL divergence": 6.813490156310766,
    "Euclidean Dist.": 0.40954683136522796,
    "WER": 0.9491525423728814,
    "CER": 0.7491166077738516,
    "Cosine Dist.": 0.7679836010382781
  },
  "occ_eval_res": {
    "precision": 31.25,
    "recall": 8.4746,
    "f-score": 13.3333
  },
  "clean_eval": {
    "f-score": 11.940298507462686,
    "precision": 7.547169811320755,
    "recall": 28.57142857142857,
    "tp": 4,
    "fp": 49,
    "fn": 10
  },
  "jaccard": [
    0.8073878627968337
  ],
  "braycurtis": [
    0.667447306791569
  ],
  "dice": [
    0.6769911504424779
  ],
  "cosinus": [
    0.5316663846769399
  ]
}