{
  "voc_eval_res": {
    "precision": 50.9259,
    "recall": 5.0691,
    "f-score": 9.2205
  },
  "KL_res": {
    "KL divergence": 4.566148898976573,
    "Euclidean Dist.": 0.2659576109280539,
    "WER": 0.9501758499413834,
    "CER": 0.8794760648322654,
    "Cosine Dist.": 0.6966956453873367
  },
  "occ_eval_res": {
    "precision": 53.1915,
    "recall": 5.8617,
    "f-score": 10.5597
  },
  "clean_eval": {
    "f-score": 4.943820224719101,
    "precision": 2.753441802252816,
    "recall": 24.175824175824175,
    "tp": 44,
    "fp": 1554,
    "fn": 138
  },
  "jaccard": [
    0.7906295754026355
  ],
  "braycurtis": [
    0.7876729147908652
  ],
  "dice": [
    0.6537530266343826
  ],
  "cosinus": [
    0.27170124899812054
  ]
}