{
  "voc_eval_res": {
    "precision": 59.292,
    "recall": 57.7586,
    "f-score": 58.5153
  },
  "KL_res": {
    "KL divergence": 0.5333836558496876,
    "Euclidean Dist.": 0.0540303805672265,
    "WER": 0.5507246376811594,
    "CER": 0.4866349322592457,
    "Cosine Dist.": 0.010819605111817343
  },
  "occ_eval_res": {
    "precision": 73.2283,
    "recall": 80.8696,
    "f-score": 76.8595
  },
  "clean_eval": {
    "f-score": 28.936170212765962,
    "precision": 30.538922155688624,
    "recall": 27.49326145552561,
    "tp": 102,
    "fp": 232,
    "fn": 269
  },
  "jaccard": [
    0.3756708407871199
  ],
  "braycurtis": [
    0.14588767170926795
  ],
  "dice": [
    0.23127753303964757
  ],
  "cosinus": [
    0.009806056331097768
  ]
}