{
  "voc_eval_res": {
    "precision": 6.8966,
    "recall": 0.1397,
    "f-score": 0.2738
  },
  "KL_res": {
    "KL divergence": 4.507240072933928,
    "Euclidean Dist.": 0.28657588910302995,
    "WER": 0.9982808022922636,
    "CER": 0.9393782766004578,
    "Cosine Dist.": 0.9910337315275894
  },
  "occ_eval_res": {
    "precision": 2.7778,
    "recall": 0.1719,
    "f-score": 0.3238
  },
  "clean_eval": {
    "f-score": 0.23598820058997044,
    "precision": 0.12547051442910914,
    "recall": 1.9801980198019802,
    "tp": 2,
    "fp": 1592,
    "fn": 99
  },
  "jaccard": [
    0.9122331413080311
  ],
  "braycurtis": [
    0.9092723893439801
  ],
  "dice": [
    0.8386292834890966
  ],
  "cosinus": [
    0.5214856568094504
  ]
}