{
  "voc_eval_res": {
    "precision": 2.5,
    "recall": 0.0799,
    "f-score": 0.1548
  },
  "KL_res": {
    "KL divergence": 4.56558352103764,
    "Euclidean Dist.": 0.2855266411453943,
    "WER": 0.998638529611981,
    "CER": 0.9240953947368421,
    "Cosine Dist.": 0.9887601100807398
  },
  "occ_eval_res": {
    "precision": 1.8692,
    "recall": 0.1361,
    "f-score": 0.2538
  },
  "clean_eval": {
    "f-score": 0.27529249827942187,
    "precision": 0.1480384900074019,
    "recall": 1.9607843137254901,
    "tp": 2,
    "fp": 1349,
    "fn": 100
  },
  "jaccard": [
    0.8942240779401531
  ],
  "braycurtis": [
    0.893228582117471
  ],
  "dice": [
    0.8086847073631215
  ],
  "cosinus": [
    0.5413071952259564
  ]
}