{
  "voc_eval_res": {
    "precision": 36.3636,
    "recall": 23.5294,
    "f-score": 28.5714
  },
  "KL_res": {
    "KL divergence": 5.974174438101301,
    "Euclidean Dist.": 0.41602514716892186,
    "WER": 0.8846153846153846,
    "CER": 0.6723404255319149,
    "Cosine Dist.": 0.5990086725812984
  },
  "occ_eval_res": {
    "precision": 38.4615,
    "recall": 19.2308,
    "f-score": 25.641
  },
  "clean_eval": {
    "f-score": 27.027027027027028,
    "precision": 20.0,
    "recall": 41.66666666666667,
    "tp": 5,
    "fp": 20,
    "fn": 7
  },
  "jaccard": [
    0.5482758620689655
  ],
  "braycurtis": [
    0.4722222222222222
  ],
  "dice": [
    0.37767220902612825
  ],
  "cosinus": [
    0.4070875943306316
  ]
}