{
  "voc_eval_res": {
    "precision": 44.4444,
    "recall": 23.5294,
    "f-score": 30.7692
  },
  "KL_res": {
    "KL divergence": 5.505238889895808,
    "Euclidean Dist.": 0.4387839723024944,
    "WER": 0.8333333333333334,
    "CER": 0.6717557251908397,
    "Cosine Dist.": 0.5451411738526579
  },
  "occ_eval_res": {
    "precision": 36.3636,
    "recall": 22.2222,
    "f-score": 27.5862
  },
  "clean_eval": {
    "f-score": 28.57142857142857,
    "precision": 23.52941176470588,
    "recall": 36.36363636363637,
    "tp": 4,
    "fp": 13,
    "fn": 7
  },
  "jaccard": [
    0.7405857740585774
  ],
  "braycurtis": [
    0.6411483253588517
  ],
  "dice": [
    0.5880398671096345
  ],
  "cosinus": [
    0.5462637848395426
  ]
}