{
  "voc_eval_res": {
    "precision": 53.4884,
    "recall": 52.2727,
    "f-score": 52.8736
  },
  "KL_res": {
    "KL divergence": 2.5804798204836272,
    "Euclidean Dist.": 0.25192723737042005,
    "WER": 0.7397260273972602,
    "CER": 0.5488565488565489,
    "Cosine Dist.": 0.23368843954353857
  },
  "occ_eval_res": {
    "precision": 50.7042,
    "recall": 49.3151,
    "f-score": 50.0
  },
  "clean_eval": {
    "f-score": 32.35294117647059,
    "precision": 31.88405797101449,
    "recall": 32.83582089552239,
    "tp": 22,
    "fp": 47,
    "fn": 45
  },
  "jaccard": [
    0.5063897763578274
  ],
  "braycurtis": [
    0.4312431243124312
  ],
  "dice": [
    0.3390374331550802
  ],
  "cosinus": [
    0.3489273038391336
  ]
}