{
  "voc_eval_res": {
    "precision": 21.5054,
    "recall": 9.4787,
    "f-score": 13.1579
  },
  "KL_res": {
    "KL divergence": 3.709483938476787,
    "Euclidean Dist.": 0.14373542239382256,
    "WER": 0.8847583643122676,
    "CER": 0.6645101663585952,
    "Cosine Dist.": 0.2677407036685948
  },
  "occ_eval_res": {
    "precision": 31.016,
    "recall": 21.5613,
    "f-score": 25.4386
  },
  "clean_eval": {
    "f-score": 13.636363636363635,
    "precision": 11.583011583011583,
    "recall": 16.574585635359114,
    "tp": 30,
    "fp": 229,
    "fn": 151
  },
  "jaccard": [
    0.6346414073071719
  ],
  "braycurtis": [
    0.3920834447713292
  ],
  "dice": [
    0.464816650148662
  ],
  "cosinus": [
    0.13840748438328965
  ]
}