{
  "voc_eval_res": {
    "precision": 30.4833,
    "recall": 3.7324,
    "f-score": 6.6504
  },
  "KL_res": {
    "KL divergence": 3.49202924799938,
    "Euclidean Dist.": 0.2704004614530413,
    "WER": 0.9509803921568627,
    "CER": 0.7724885230985566,
    "Cosine Dist.": 0.7068602924402942
  },
  "occ_eval_res": {
    "precision": 19.1993,
    "recall": 7.1998,
    "f-score": 10.4724
  },
  "clean_eval": {
    "f-score": 1.8070818070818069,
    "precision": 1.196249595861623,
    "recall": 3.6926147704590817,
    "tp": 37,
    "fp": 3056,
    "fn": 965
  },
  "jaccard": [
    0.736013986013986
  ],
  "braycurtis": [
    0.6412584269662921
  ],
  "dice": [
    0.5822959889349931
  ],
  "cosinus": [
    0.38505027705318506
  ]
}