{
  "voc_eval_res": {
    "precision": 57.7143,
    "recall": 25.062,
    "f-score": 34.9481
  },
  "KL_res": {
    "KL divergence": 2.9045872327414477,
    "Euclidean Dist.": 0.3135536310271591,
    "WER": 0.8353057199211046,
    "CER": 0.6567796610169492,
    "Cosine Dist.": 0.7542265322108753
  },
  "occ_eval_res": {
    "precision": 59.4249,
    "recall": 18.3432,
    "f-score": 28.0332
  },
  "clean_eval": {
    "f-score": 17.729393468118197,
    "precision": 11.585365853658537,
    "recall": 37.74834437086093,
    "tp": 114,
    "fp": 870,
    "fn": 188
  },
  "jaccard": [
    0.5470008952551477
  ],
  "braycurtis": [
    0.4502437284508382
  ],
  "dice": [
    0.3764633394947628
  ],
  "cosinus": [
    0.38505928820972046
  ]
}