{
  "voc_eval_res": {
    "precision": 67.4699,
    "recall": 58.3333,
    "f-score": 62.5698
  },
  "KL_res": {
    "KL divergence": 1.5809581392583576,
    "Euclidean Dist.": 0.2626256685372003,
    "WER": 0.47277936962750716,
    "CER": 0.2753064798598949,
    "Cosine Dist.": 0.38381068671187213
  },
  "occ_eval_res": {
    "precision": 63.8177,
    "recall": 64.1834,
    "f-score": 64.0
  },
  "clean_eval": {
    "f-score": 35.3448275862069,
    "precision": 35.54913294797688,
    "recall": 35.14285714285714,
    "tp": 123,
    "fp": 223,
    "fn": 227
  },
  "jaccard": [
    0.3030949839914621
  ],
  "braycurtis": [
    0.1948141745894555
  ],
  "dice": [
    0.17861635220125785
  ],
  "cosinus": [
    0.17445096334302612
  ]
}