{
  "voc_eval_res": {
    "precision": 15.7635,
    "recall": 1.5385,
    "f-score": 2.8033
  },
  "KL_res": {
    "KL divergence": 3.7663105727894273,
    "Euclidean Dist.": 0.23951845338461666,
    "WER": 0.9771341463414634,
    "CER": 0.807568988173456,
    "Cosine Dist.": 0.6489569522065494
  },
  "occ_eval_res": {
    "precision": 16.3352,
    "recall": 4.3826,
    "f-score": 6.9111
  },
  "clean_eval": {
    "f-score": 0.7528230865746549,
    "precision": 0.47244094488188976,
    "recall": 1.8518518518518516,
    "tp": 12,
    "fp": 2528,
    "fn": 636
  },
  "jaccard": [
    0.7764923646459972
  ],
  "braycurtis": [
    0.6657870536963736
  ],
  "dice": [
    0.6346444780635401
  ],
  "cosinus": [
    0.30665857902857596
  ]
}