{
  "voc_eval_res": {
    "precision": 65.9091,
    "recall": 35.8025,
    "f-score": 46.4
  },
  "KL_res": {
    "KL divergence": 1.616320204266813,
    "Euclidean Dist.": 0.20203626339408776,
    "WER": 0.6490384615384616,
    "CER": 0.4408084696823869,
    "Cosine Dist.": 0.07912163339330869
  },
  "occ_eval_res": {
    "precision": 67.6301,
    "recall": 56.25,
    "f-score": 61.4173
  },
  "clean_eval": {
    "f-score": 19.148936170212767,
    "precision": 17.647058823529413,
    "recall": 20.930232558139537,
    "tp": 36,
    "fp": 168,
    "fn": 136
  },
  "jaccard": [
    0.4511173184357542
  ],
  "braycurtis": [
    0.19652046067140408
  ],
  "dice": [
    0.29125338142470697
  ],
  "cosinus": [
    0.03998617627943424
  ]
}