{
  "voc_eval_res": {
    "precision": 53.4483,
    "recall": 12.5,
    "f-score": 20.2614
  },
  "KL_res": {
    "KL divergence": 2.420364828431696,
    "Euclidean Dist.": 0.24828646995191783,
    "WER": 0.7414829659318637,
    "CER": 0.5599149594124468,
    "Cosine Dist.": 0.07115299522613483
  },
  "occ_eval_res": {
    "precision": 66.4286,
    "recall": 37.2745,
    "f-score": 47.7535
  },
  "clean_eval": {
    "f-score": 8.226221079691516,
    "precision": 6.425702811244979,
    "recall": 11.428571428571429,
    "tp": 32,
    "fp": 466,
    "fn": 248
  },
  "jaccard": [
    0.6129541864139021
  ],
  "braycurtis": [
    0.3536163910145643
  ],
  "dice": [
    0.4419134396355353
  ],
  "cosinus": [
    0.06978603691768592
  ]
}