{
  "voc_eval_res": {
    "precision": 69.7674,
    "recall": 23.8095,
    "f-score": 35.503
  },
  "KL_res": {
    "KL divergence": 2.0611987440006487,
    "Euclidean Dist.": 0.24388880817165998,
    "WER": 0.6701388888888888,
    "CER": 0.493574297188755,
    "Cosine Dist.": 0.07613925755136308
  },
  "occ_eval_res": {
    "precision": 80.7453,
    "recall": 45.1389,
    "f-score": 57.9065
  },
  "clean_eval": {
    "f-score": 35.40229885057471,
    "precision": 27.598566308243726,
    "recall": 49.358974358974365,
    "tp": 77,
    "fp": 202,
    "fn": 79
  },
  "jaccard": [
    0.6392931392931392
  ],
  "braycurtis": [
    0.22779202611331312
  ],
  "dice": [
    0.4698242933537051
  ],
  "cosinus": [
    0.03883473027478268
  ]
}