{
  "voc_eval_res": {
    "precision": 72.3443,
    "recall": 56.3481,
    "f-score": 63.352
  },
  "KL_res": {
    "KL divergence": 0.7122449801210636,
    "Euclidean Dist.": 0.04167542541900376,
    "WER": 0.4645015105740181,
    "CER": 0.2910322978086773,
    "Cosine Dist.": 0.029322817036476434
  },
  "occ_eval_res": {
    "precision": 72.4778,
    "recall": 67.8248,
    "f-score": 70.0741
  },
  "clean_eval": {
    "f-score": 59.95623632385121,
    "precision": 57.854729729729726,
    "recall": 62.21616712079927,
    "tp": 685,
    "fp": 499,
    "fn": 416
  },
  "jaccard": [
    0.289738430583501
  ],
  "braycurtis": [
    0.0963506214044179
  ],
  "dice": [
    0.16941176470588235
  ],
  "cosinus": [
    0.006453521401277862
  ]
}