{
  "voc_eval_res": {
    "precision": 68.75,
    "recall": 29.2978,
    "f-score": 41.0866
  },
  "KL_res": {
    "KL divergence": 2.26004285039828,
    "Euclidean Dist.": 0.11876657707765466,
    "WER": 0.6655737704918033,
    "CER": 0.5248123940934398,
    "Cosine Dist.": 0.2176441756253411
  },
  "occ_eval_res": {
    "precision": 64.7399,
    "recall": 36.7213,
    "f-score": 46.8619
  },
  "clean_eval": {
    "f-score": 32.79044516829532,
    "precision": 25.85616438356164,
    "recall": 44.80712166172107,
    "tp": 151,
    "fp": 433,
    "fn": 186
  },
  "jaccard": [
    0.5496023440770197
  ],
  "braycurtis": [
    0.28583703279392814
  ],
  "dice": [
    0.37893217893217895
  ],
  "cosinus": [
    0.058052998957177304
  ]
}