{
  "voc_eval_res": {
    "precision": 60.2273,
    "recall": 23.5033,
    "f-score": 33.8118
  },
  "KL_res": {
    "KL divergence": 2.7738471261395334,
    "Euclidean Dist.": 0.3106966871323957,
    "WER": 0.8167641325536062,
    "CER": 0.6435695538057743,
    "Cosine Dist.": 0.7678464337024398
  },
  "occ_eval_res": {
    "precision": 60.4046,
    "recall": 20.3704,
    "f-score": 30.4665
  },
  "clean_eval": {
    "f-score": 14.264264264264263,
    "precision": 9.547738693467336,
    "recall": 28.18991097922849,
    "tp": 95,
    "fp": 900,
    "fn": 242
  },
  "jaccard": [
    0.551062942892872
  ],
  "braycurtis": [
    0.4354438936457864
  ],
  "dice": [
    0.3803222094361335
  ],
  "cosinus": [
    0.37093900920889744
  ]
}