{
  "voc_eval_res": {
    "precision": 39.0348,
    "recall": 63.5666,
    "f-score": 48.368
  },
  "KL_res": {
    "KL divergence": 0.2659569497600717,
    "Euclidean Dist.": 0.044362361976698905,
    "WER": 0.32439152820032763,
    "CER": 0.11203808696205081,
    "Cosine Dist.": 0.08790527025530803
  },
  "occ_eval_res": {
    "precision": 73.8477,
    "recall": 80.0974,
    "f-score": 76.8457
  },
  "clean_eval": {
    "f-score": 65.8064291435935,
    "precision": 68.76210023727383,
    "recall": 63.09437944114976,
    "tp": 94475,
    "fp": 42919,
    "fn": 55261
  },
  "jaccard": [
    0.7367324618509452
  ],
  "braycurtis": [
    0.14973552656651418
  ],
  "dice": [
    0.5831959102902374
  ],
  "cosinus": [
    0.029933135944489653
  ]
}