{
  "voc_eval_res": {
    "precision": 29.2453,
    "recall": 21.5278,
    "f-score": 24.8
  },
  "KL_res": {
    "KL divergence": 2.2601577865286164,
    "Euclidean Dist.": 0.0887484601566766,
    "WER": 0.8466981132075472,
    "CER": 0.6932347302109011,
    "Cosine Dist.": 0.08744818276178323
  },
  "occ_eval_res": {
    "precision": 38.5321,
    "recall": 39.6226,
    "f-score": 39.0698
  },
  "clean_eval": {
    "f-score": 12.926829268292684,
    "precision": 13.118811881188119,
    "recall": 12.740384615384615,
    "tp": 53,
    "fp": 351,
    "fn": 363
  },
  "jaccard": [
    0.53330044400592
  ],
  "braycurtis": [
    0.26581452980305204
  ],
  "dice": [
    0.3636057854019509
  ],
  "cosinus": [
    0.05203419062450676
  ]
}