{
  "voc_eval_res": {
    "precision": 37.1859,
    "recall": 6.0705,
    "f-score": 10.4372
  },
  "KL_res": {
    "KL divergence": 3.882399137426133,
    "Euclidean Dist.": 0.2049178321444141,
    "WER": 0.9315992292870906,
    "CER": 0.7568347767023264,
    "Cosine Dist.": 0.5020780296265064
  },
  "occ_eval_res": {
    "precision": 34.7315,
    "recall": 9.9711,
    "f-score": 15.494
  },
  "clean_eval": {
    "f-score": 5.126014523707818,
    "precision": 3.4246575342465753,
    "recall": 10.186757215619695,
    "tp": 60,
    "fp": 1692,
    "fn": 529
  },
  "jaccard": [
    0.8082951070336392
  ],
  "braycurtis": [
    0.5388088209758639
  ],
  "dice": [
    0.6782678428227746
  ],
  "cosinus": [
    0.1769545032378793
  ]
}