{
  "voc_eval_res": {
    "precision": 37.619,
    "recall": 5.3851,
    "f-score": 9.4216
  },
  "KL_res": {
    "KL divergence": 3.9835706393381853,
    "Euclidean Dist.": 0.2723528461267448,
    "WER": 0.9022252191503709,
    "CER": 0.7103385800022648,
    "Cosine Dist.": 0.45046186165685187
  },
  "occ_eval_res": {
    "precision": 43.617,
    "recall": 11.0587,
    "f-score": 17.6439
  },
  "clean_eval": {
    "f-score": 3.068905616676317,
    "precision": 1.955719557195572,
    "recall": 7.123655913978495,
    "tp": 53,
    "fp": 2657,
    "fn": 691
  },
  "jaccard": [
    0.7604035308953342
  ],
  "braycurtis": [
    0.5104087585407759
  ],
  "dice": [
    0.6134282807731435
  ],
  "cosinus": [
    0.18182533849443538
  ]
}