{
  "voc_eval_res": {
    "precision": 46.9027,
    "recall": 4.6087,
    "f-score": 8.3927
  },
  "KL_res": {
    "KL divergence": 3.8287795752324154,
    "Euclidean Dist.": 0.21472913902445126,
    "WER": 0.9392156862745098,
    "CER": 0.8447638258530845,
    "Cosine Dist.": 0.5441285840459674
  },
  "occ_eval_res": {
    "precision": 40.411,
    "recall": 7.7124,
    "f-score": 12.9528
  },
  "clean_eval": {
    "f-score": 2.0713463751438432,
    "precision": 1.2371134020618557,
    "recall": 6.36042402826855,
    "tp": 18,
    "fp": 1437,
    "fn": 265
  },
  "jaccard": [
    0.7693920335429769
  ],
  "braycurtis": [
    0.7131210368615427
  ],
  "dice": [
    0.6252129471890971
  ],
  "cosinus": [
    0.24625373674080842
  ]
}