{
  "voc_eval_res": {
    "precision": 72.2249,
    "recall": 89.4833,
    "f-score": 79.9332
  },
  "KL_res": {
    "KL divergence": 0.04850300916982188,
    "Euclidean Dist.": 0.01008272585298914,
    "WER": 0.12037495498739648,
    "CER": 0.04763334922937995,
    "Cosine Dist.": 0.003779513364875031
  },
  "occ_eval_res": {
    "precision": 89.7608,
    "recall": 94.7133,
    "f-score": 92.1706
  },
  "clean_eval": {
    "f-score": 83.74265481392196,
    "precision": 85.85207899494267,
    "recall": 81.73440376466488,
    "tp": 75033,
    "fp": 12365,
    "fn": 16768
  },
  "jaccard": [
    0.5220499638525182
  ],
  "braycurtis": [
    0.0769671384024946
  ],
  "dice": [
    0.3532257187890646
  ],
  "cosinus": [
    0.009209811238301224
  ]
}