{
  "voc_eval_res": {
    "precision": 11.1111,
    "recall": 1.1321,
    "f-score": 2.0548
  },
  "KL_res": {
    "KL divergence": 6.234215675520707,
    "Euclidean Dist.": 0.2990372990822935,
    "WER": 0.9918918918918919,
    "CER": 0.8912945421741092,
    "Cosine Dist.": 0.9764564179940827
  },
  "occ_eval_res": {
    "precision": 7.6923,
    "recall": 0.8108,
    "f-score": 1.467
  },
  "clean_eval": {
    "f-score": 1.111111111111111,
    "precision": 0.6211180124223602,
    "recall": 5.263157894736842,
    "tp": 2,
    "fp": 320,
    "fn": 36
  },
  "jaccard": [
    0.8869016307206733
  ],
  "braycurtis": [
    0.8222730739893211
  ],
  "dice": [
    0.7967863894139886
  ],
  "cosinus": [
    0.4198945095937614
  ]
}