{
  "voc_eval_res": {
    "precision": 14.2857,
    "recall": 4.9702,
    "f-score": 7.3746
  },
  "KL_res": {
    "KL divergence": 4.665266289396223,
    "Euclidean Dist.": 0.2746740942979467,
    "WER": 0.9769021739130435,
    "CER": 0.782345013477089,
    "Cosine Dist.": 0.9404638894522442
  },
  "occ_eval_res": {
    "precision": 10.5263,
    "recall": 4.8913,
    "f-score": 6.679
  },
  "clean_eval": {
    "f-score": 1.1787819253438112,
    "precision": 0.872093023255814,
    "recall": 1.8181818181818181,
    "tp": 6,
    "fp": 682,
    "fn": 324
  },
  "jaccard": [
    0.7699449793672627
  ],
  "braycurtis": [
    0.6452200303490137
  ],
  "dice": [
    0.6259435280961699
  ],
  "cosinus": [
    0.48875777953912103
  ]
}