{
  "voc_eval_res": {
    "precision": 23.5043,
    "recall": 5.4455,
    "f-score": 8.8424
  },
  "KL_res": {
    "KL divergence": 3.435911210506154,
    "Euclidean Dist.": 0.14955359164705856,
    "WER": 0.9295558958652373,
    "CER": 0.7596706242818844,
    "Cosine Dist.": 0.41485064650689174
  },
  "occ_eval_res": {
    "precision": 31.8533,
    "recall": 12.634,
    "f-score": 18.0921
  },
  "clean_eval": {
    "f-score": 3.7602820211515864,
    "precision": 2.6733500417710943,
    "recall": 6.336633663366337,
    "tp": 32,
    "fp": 1165,
    "fn": 473
  },
  "jaccard": [
    0.753968253968254
  ],
  "braycurtis": [
    0.536101934874941
  ],
  "dice": [
    0.6050955414012739
  ],
  "cosinus": [
    0.16304030919517642
  ]
}