{
  "voc_eval_res": {
    "precision": 24.2739,
    "recall": 4.2101,
    "f-score": 7.1757
  },
  "KL_res": {
    "KL divergence": 3.5106637606557074,
    "Euclidean Dist.": 0.652906224149514,
    "WER": 0.9656241922977513,
    "CER": 0.7587543252595156,
    "Cosine Dist.": 0.921251717963927
  },
  "occ_eval_res": {
    "precision": 9.6241,
    "recall": 6.6167,
    "f-score": 7.8419
  },
  "clean_eval": {
    "f-score": 2.0136407924650856,
    "precision": 1.7514124293785311,
    "recall": 2.3682200152788386,
    "tp": 62,
    "fp": 3478,
    "fn": 2556
  },
  "jaccard": [
    0.7225795810654791
  ],
  "braycurtis": [
    0.6917348337982884
  ],
  "dice": [
    0.5656552614590058
  ],
  "cosinus": [
    0.7901292863137034
  ]
}