{
  "voc_eval_res": {
    "precision": 52.1073,
    "recall": 51.9084,
    "f-score": 52.0076
  },
  "KL_res": {
    "KL divergence": 1.338066871680532,
    "Euclidean Dist.": 0.06296201286148458,
    "WER": 0.6954177897574124,
    "CER": 0.5216989843028624,
    "Cosine Dist.": 0.14404564609617798
  },
  "occ_eval_res": {
    "precision": 56.4987,
    "recall": 57.4124,
    "f-score": 56.9519
  },
  "clean_eval": {
    "f-score": 40.05681818181818,
    "precision": 40.51724137931034,
    "recall": 39.60674157303371,
    "tp": 141,
    "fp": 207,
    "fn": 215
  },
  "jaccard": [
    0.3885480572597137
  ],
  "braycurtis": [
    0.1874611076540137
  ],
  "dice": [
    0.24111675126903553
  ],
  "cosinus": [
    0.029757593918670278
  ]
}