{
  "voc_eval_res": {
    "precision": 63.2075,
    "recall": 50.0,
    "f-score": 55.8333
  },
  "KL_res": {
    "KL divergence": 0.8462592818040638,
    "Euclidean Dist.": 0.06569751626287172,
    "WER": 0.4878048780487805,
    "CER": 0.39322033898305087,
    "Cosine Dist.": 0.054507610902086445
  },
  "occ_eval_res": {
    "precision": 73.3205,
    "recall": 66.5505,
    "f-score": 69.7717
  },
  "clean_eval": {
    "f-score": 41.00946372239748,
    "precision": 39.314516129032256,
    "recall": 42.857142857142854,
    "tp": 195,
    "fp": 301,
    "fn": 260
  },
  "jaccard": [
    0.43018480492813144
  ],
  "braycurtis": [
    0.20414038936111872
  ],
  "dice": [
    0.27403531720078483
  ],
  "cosinus": [
    0.06544787596657853
  ]
}