{
  "voc_eval_res": {
    "precision": 49.4253,
    "recall": 21.8274,
    "f-score": 30.2817
  },
  "KL_res": {
    "KL divergence": 3.4259931838037563,
    "Euclidean Dist.": 0.19473092927197505,
    "WER": 0.8590785907859079,
    "CER": 0.7525737817433081,
    "Cosine Dist.": 0.48213371860201326
  },
  "occ_eval_res": {
    "precision": 54.375,
    "recall": 23.5772,
    "f-score": 32.8922
  },
  "clean_eval": {
    "f-score": 27.811860940695297,
    "precision": 19.767441860465116,
    "recall": 46.89655172413793,
    "tp": 68,
    "fp": 276,
    "fn": 77
  },
  "jaccard": [
    0.5893470790378007
  ],
  "braycurtis": [
    0.48690503302209065
  ],
  "dice": [
    0.4177831912302071
  ],
  "cosinus": [
    0.25199952681606175
  ]
}