{
  "voc_eval_res": {
    "precision": 27.2727,
    "recall": 11.5385,
    "f-score": 16.2162
  },
  "KL_res": {
    "KL divergence": 6.8312072166051765,
    "Euclidean Dist.": 0.4171456812615166,
    "WER": 0.9666666666666667,
    "CER": 0.8401826484018264,
    "Cosine Dist.": 0.7215769768051477
  },
  "occ_eval_res": {
    "precision": 23.0769,
    "recall": 10.0,
    "f-score": 13.9535
  },
  "clean_eval": {
    "f-score": 10.526315789473683,
    "precision": 7.6923076923076925,
    "recall": 16.666666666666664,
    "tp": 2,
    "fp": 24,
    "fn": 10
  },
  "jaccard": [
    0.8866279069767442
  ],
  "braycurtis": [
    0.8448275862068966
  ],
  "dice": [
    0.7963446475195822
  ],
  "cosinus": [
    0.7460931383883048
  ]
}