{
  "voc_eval_res": {
    "precision": 25.641,
    "recall": 21.7391,
    "f-score": 23.5294
  },
  "KL_res": {
    "KL divergence": 4.033889467274476,
    "Euclidean Dist.": 0.17907924994716531,
    "WER": 0.8867924528301887,
    "CER": 0.7534246575342466,
    "Cosine Dist.": 0.3132958875478452
  },
  "occ_eval_res": {
    "precision": 32.6531,
    "recall": 30.1887,
    "f-score": 31.3725
  },
  "clean_eval": {
    "f-score": 21.50537634408602,
    "precision": 20.0,
    "recall": 23.25581395348837,
    "tp": 10,
    "fp": 40,
    "fn": 33
  },
  "jaccard": [
    0.7684887459807074
  ],
  "braycurtis": [
    0.6
  ],
  "dice": [
    0.6240208877284595
  ],
  "cosinus": [
    0.5062813621103063
  ]
}