{
  "voc_eval_res": {
    "precision": 22.2222,
    "recall": 24.4898,
    "f-score": 23.301
  },
  "KL_res": {
    "KL divergence": 3.9618931434161753,
    "Euclidean Dist.": 0.24057790856270717,
    "WER": 1.1290322580645162,
    "CER": 0.7418546365914787,
    "Cosine Dist.": 0.5756612410931881
  },
  "occ_eval_res": {
    "precision": 23.6842,
    "recall": 29.0323,
    "f-score": 26.087
  },
  "clean_eval": {
    "f-score": 14.0625,
    "precision": 14.754098360655737,
    "recall": 13.432835820895523,
    "tp": 9,
    "fp": 52,
    "fn": 58
  },
  "jaccard": [
    0.7430555555555556
  ],
  "braycurtis": [
    0.6091503267973856
  ],
  "dice": [
    0.5911602209944752
  ],
  "cosinus": [
    0.5407644069966182
  ]
}