{
  "voc_eval_res": {
    "precision": 30.7692,
    "recall": 9.3023,
    "f-score": 14.2857
  },
  "KL_res": {
    "KL divergence": 6.258419150200997,
    "Euclidean Dist.": 0.3385895261930341,
    "WER": 0.9361702127659575,
    "CER": 0.8107416879795396,
    "Cosine Dist.": 0.6950752106916775
  },
  "occ_eval_res": {
    "precision": 31.25,
    "recall": 10.6383,
    "f-score": 15.873
  },
  "clean_eval": {
    "f-score": 11.538461538461538,
    "precision": 7.894736842105263,
    "recall": 21.428571428571427,
    "tp": 3,
    "fp": 35,
    "fn": 11
  },
  "jaccard": [
    0.8469750889679716
  ],
  "braycurtis": [
    0.7729941291585127
  ],
  "dice": [
    0.7345679012345679
  ],
  "cosinus": [
    0.7206193449981076
  ]
}