{
  "voc_eval_res": {
    "precision": 50.1718,
    "recall": 77.3852,
    "f-score": 60.8756
  },
  "KL_res": {
    "KL divergence": 0.6121235792959241,
    "Euclidean Dist.": 0.05115302171317001,
    "WER": 1.1167883211678833,
    "CER": 0.8245353159851301,
    "Cosine Dist.": 0.11910188691622858
  },
  "occ_eval_res": {
    "precision": 46.0116,
    "recall": 83.0031,
    "f-score": 59.2042
  },
  "clean_eval": {
    "f-score": 38.631790744466805,
    "precision": 56.03112840466926,
    "recall": 29.47799385875128,
    "tp": 576,
    "fp": 452,
    "fn": 1378
  },
  "jaccard": [
    0.567257785467128
  ],
  "braycurtis": [
    0.37257861635220124
  ],
  "dice": [
    0.3959245283018868
  ],
  "cosinus": [
    0.06502927340624398
  ]
}