{
  "voc_eval_res": {
    "precision": 37.037,
    "recall": 33.6134,
    "f-score": 35.2423
  },
  "KL_res": {
    "KL divergence": 1.0642155340022188,
    "Euclidean Dist.": 0.07374337707483276,
    "WER": 0.6170212765957447,
    "CER": 0.5294771968854283,
    "Cosine Dist.": 0.010618455223553869
  },
  "occ_eval_res": {
    "precision": 66.7665,
    "recall": 67.7812,
    "f-score": 67.27
  },
  "clean_eval": {
    "f-score": 12.130637636080872,
    "precision": 12.264150943396226,
    "recall": 12.0,
    "tp": 39,
    "fp": 279,
    "fn": 286
  },
  "jaccard": [
    0.4930725346373268
  ],
  "braycurtis": [
    0.19310853141698914
  ],
  "dice": [
    0.327203893996755
  ],
  "cosinus": [
    0.01737048888496473
  ]
}