{
  "voc_eval_res": {
    "precision": 7.1397,
    "recall": 21.2804,
    "f-score": 10.6921
  },
  "KL_res": {
    "KL divergence": 0.9943724503028534,
    "Euclidean Dist.": 0.07180631969557766,
    "WER": 0.835006753714543,
    "CER": 0.3957492227017495,
    "Cosine Dist.": 0.2154343730083479
  },
  "occ_eval_res": {
    "precision": 30.7245,
    "recall": 32.0194,
    "f-score": 31.3586
  },
  "clean_eval": {
    "f-score": 12.41638936506336,
    "precision": 12.52259989152052,
    "recall": 12.311965337184757,
    "tp": 5541,
    "fp": 38707,
    "fn": 39464
  },
  "jaccard": [
    0.7453721193804307
  ],
  "braycurtis": [
    0.3122467577988083
  ],
  "dice": [
    0.5940981632038542
  ],
  "cosinus": [
    0.07249490948357007
  ]
}