{
  "voc_eval_res": {
    "precision": 22.3881,
    "recall": 7.2816,
    "f-score": 10.989
  },
  "KL_res": {
    "KL divergence": 5.107269216030918,
    "Euclidean Dist.": 0.39252417901858294,
    "WER": 0.9128440366972477,
    "CER": 0.690511489992587,
    "Cosine Dist.": 0.8621496960391846
  },
  "occ_eval_res": {
    "precision": 21.0526,
    "recall": 13.7615,
    "f-score": 16.6436
  },
  "clean_eval": {
    "f-score": 2.3728813559322033,
    "precision": 2.258064516129032,
    "recall": 2.5,
    "tp": 7,
    "fp": 303,
    "fn": 273
  },
  "jaccard": [
    0.7810011376564278
  ],
  "braycurtis": [
    0.47336561743341404
  ],
  "dice": [
    0.6406906206252917
  ],
  "cosinus": [
    0.20433309034306613
  ]
}