{
  "voc_eval_res": {
    "precision": 68.8776,
    "recall": 50.5618,
    "f-score": 58.3153
  },
  "KL_res": {
    "KL divergence": 0.4511459710866206,
    "Euclidean Dist.": 0.04824002627301126,
    "WER": 0.5106580166821131,
    "CER": 0.46350284962735644,
    "Cosine Dist.": 0.008228410579073864
  },
  "occ_eval_res": {
    "precision": 86.7332,
    "recall": 56.3485,
    "f-score": 68.3146
  },
  "clean_eval": {
    "f-score": 29.279538904899134,
    "precision": 24.075829383886255,
    "recall": 37.35294117647059,
    "tp": 254,
    "fp": 801,
    "fn": 426
  },
  "jaccard": [
    0.3532388663967611
  ],
  "braycurtis": [
    0.24362194315928618
  ],
  "dice": [
    0.21450522433927474
  ],
  "cosinus": [
    0.008296749874321163
  ]
}