{
  "voc_eval_res": {
    "precision": 57.1429,
    "recall": 37.3913,
    "f-score": 45.2037
  },
  "KL_res": {
    "KL divergence": 0.9848716991246772,
    "Euclidean Dist.": 0.06246005744238577,
    "WER": 0.6205059920106525,
    "CER": 0.5082837891399128,
    "Cosine Dist.": 0.051396083758715294
  },
  "occ_eval_res": {
    "precision": 78.3664,
    "recall": 47.2703,
    "f-score": 58.9701
  },
  "clean_eval": {
    "f-score": 24.020016680567135,
    "precision": 19.16167664670659,
    "recall": 32.17877094972067,
    "tp": 288,
    "fp": 1215,
    "fn": 607
  },
  "jaccard": [
    0.39862681744749595
  ],
  "braycurtis": [
    0.284466594295865
  ],
  "dice": [
    0.2489281210592686
  ],
  "cosinus": [
    0.03622408754465778
  ]
}