{
  "voc_eval_res": {
    "precision": 69.2308,
    "recall": 46.3636,
    "f-score": 55.5354
  },
  "KL_res": {
    "KL divergence": 0.4936212788667037,
    "Euclidean Dist.": 0.06445921961177846,
    "WER": 0.5722178374112076,
    "CER": 0.513280089153046,
    "Cosine Dist.": 0.02478096477193159
  },
  "occ_eval_res": {
    "precision": 85.2041,
    "recall": 52.723,
    "f-score": 65.139
  },
  "clean_eval": {
    "f-score": 29.41470735367684,
    "precision": 23.824959481361425,
    "recall": 38.43137254901961,
    "tp": 294,
    "fp": 940,
    "fn": 471
  },
  "jaccard": [
    0.3655234657039711
  ],
  "braycurtis": [
    0.2713746137118004
  ],
  "dice": [
    0.22363335173937052
  ],
  "cosinus": [
    0.01527057772790441
  ]
}