{
  "voc_eval_res": {
    "precision": 44.1667,
    "recall": 16.9872,
    "f-score": 24.537
  },
  "KL_res": {
    "KL divergence": 3.088705864904986,
    "Euclidean Dist.": 0.17746496322063185,
    "WER": 0.8221070811744386,
    "CER": 0.585625,
    "Cosine Dist.": 0.3797780648276107
  },
  "occ_eval_res": {
    "precision": 49.0132,
    "recall": 25.734,
    "f-score": 33.7486
  },
  "clean_eval": {
    "f-score": 12.564102564102564,
    "precision": 9.607843137254903,
    "recall": 18.14814814814815,
    "tp": 49,
    "fp": 461,
    "fn": 221
  },
  "jaccard": [
    0.6451135241855873
  ],
  "braycurtis": [
    0.3555714541226972
  ],
  "dice": [
    0.4761384335154827
  ],
  "cosinus": [
    0.12098566847172632
  ]
}