{
  "voc_eval_res": {
    "precision": 23.8806,
    "recall": 8.2902,
    "f-score": 12.3077
  },
  "KL_res": {
    "KL divergence": 5.059073733617804,
    "Euclidean Dist.": 0.39658087133023,
    "WER": 0.9099756690997567,
    "CER": 0.7233294255568582,
    "Cosine Dist.": 0.8564816969693865
  },
  "occ_eval_res": {
    "precision": 21.4035,
    "recall": 14.8418,
    "f-score": 17.5287
  },
  "clean_eval": {
    "f-score": 2.0979020979020975,
    "precision": 2.054794520547945,
    "recall": 2.142857142857143,
    "tp": 6,
    "fp": 286,
    "fn": 274
  },
  "jaccard": [
    0.7705882352941177
  ],
  "braycurtis": [
    0.4816326530612245
  ],
  "dice": [
    0.6267942583732058
  ],
  "cosinus": [
    0.20763191210769583
  ]
}