{
  "voc_eval_res": {
    "precision": 32.7138,
    "recall": 4.7696,
    "f-score": 8.3254
  },
  "KL_res": {
    "KL divergence": 3.367103951760898,
    "Euclidean Dist.": 0.26607005871688316,
    "WER": 0.9282218597063622,
    "CER": 0.7576715806351044,
    "Cosine Dist.": 0.6495722808669928
  },
  "occ_eval_res": {
    "precision": 25.0817,
    "recall": 10.0163,
    "f-score": 14.3157
  },
  "clean_eval": {
    "f-score": 1.341243229301006,
    "precision": 0.9043478260869564,
    "recall": 2.5948103792415167,
    "tp": 26,
    "fp": 2849,
    "fn": 976
  },
  "jaccard": [
    0.709501187648456
  ],
  "braycurtis": [
    0.6164006952125138
  ],
  "dice": [
    0.5497883305724277
  ],
  "cosinus": [
    0.3779069543850314
  ]
}