{
  "voc_eval_res": {
    "precision": 78.0952,
    "recall": 55.4054,
    "f-score": 64.8221
  },
  "KL_res": {
    "KL divergence": 1.0016403906881208,
    "Euclidean Dist.": 0.06088369134234267,
    "WER": 0.4521410579345088,
    "CER": 0.3517634375481288,
    "Cosine Dist.": 0.05767165482383496
  },
  "occ_eval_res": {
    "precision": 81.5359,
    "recall": 62.8463,
    "f-score": 70.9815
  },
  "clean_eval": {
    "f-score": 61.20689655172414,
    "precision": 54.19847328244275,
    "recall": 70.29702970297029,
    "tp": 426,
    "fp": 360,
    "fn": 180
  },
  "jaccard": [
    0.3139723801787165
  ],
  "braycurtis": [
    0.14489112227805695
  ],
  "dice": [
    0.18622018790652856
  ],
  "cosinus": [
    0.016250884428704482
  ]
}