{
  "voc_eval_res": {
    "precision": 39.1304,
    "recall": 3.4816,
    "f-score": 6.3943
  },
  "KL_res": {
    "KL divergence": 4.651337275524303,
    "Euclidean Dist.": 0.29090216341635555,
    "WER": 0.9541062801932367,
    "CER": 0.8723011825973744,
    "Cosine Dist.": 0.5930427137529426
  },
  "occ_eval_res": {
    "precision": 46.7005,
    "recall": 5.5556,
    "f-score": 9.9298
  },
  "clean_eval": {
    "f-score": 6.169965075669383,
    "precision": 3.434867141931303,
    "recall": 30.28571428571429,
    "tp": 53,
    "fp": 1490,
    "fn": 122
  },
  "jaccard": [
    0.8215451577801959
  ],
  "braycurtis": [
    0.764983788791107
  ],
  "dice": [
    0.6971375807940905
  ],
  "cosinus": [
    0.34887615174610076
  ]
}