{
  "voc_eval_res": {
    "precision": 41.7582,
    "recall": 4.1575,
    "f-score": 7.5622
  },
  "KL_res": {
    "KL divergence": 4.4496053176161166,
    "Euclidean Dist.": 0.32399789228648335,
    "WER": 0.9385394070860448,
    "CER": 0.8531348121138459,
    "Cosine Dist.": 0.44939989898313126
  },
  "occ_eval_res": {
    "precision": 42.9167,
    "recall": 7.4476,
    "f-score": 12.6925
  },
  "clean_eval": {
    "f-score": 2.6936026936026933,
    "precision": 1.6025641025641024,
    "recall": 8.438818565400844,
    "tp": 20,
    "fp": 1228,
    "fn": 217
  },
  "jaccard": [
    0.831413612565445
  ],
  "braycurtis": [
    0.7301228994231251
  ],
  "dice": [
    0.7114695340501792
  ],
  "cosinus": [
    0.38842894526385674
  ]
}