{
  "voc_eval_res": {
    "precision": 44.7236,
    "recall": 6.3526,
    "f-score": 11.125
  },
  "KL_res": {
    "KL divergence": 3.761000081854383,
    "Euclidean Dist.": 0.21013101607420517,
    "WER": 0.9248979591836735,
    "CER": 0.76561925086467,
    "Cosine Dist.": 0.5160645153341349
  },
  "occ_eval_res": {
    "precision": 44.4631,
    "recall": 10.8163,
    "f-score": 17.3999
  },
  "clean_eval": {
    "f-score": 7.345065034429993,
    "precision": 4.7407407407407405,
    "recall": 16.298811544991512,
    "tp": 96,
    "fp": 1929,
    "fn": 493
  },
  "jaccard": [
    0.8156233086776113
  ],
  "braycurtis": [
    0.5694226954796952
  ],
  "dice": [
    0.6886519421172886
  ],
  "cosinus": [
    0.17159047445145748
  ]
}