{
  "voc_eval_res": {
    "precision": 40.5405,
    "recall": 7.4319,
    "f-score": 12.5611
  },
  "KL_res": {
    "KL divergence": 4.206655931238942,
    "Euclidean Dist.": 0.2554568761170926,
    "WER": 0.9014925373134328,
    "CER": 0.6989536004405893,
    "Cosine Dist.": 0.5665000297110493
  },
  "occ_eval_res": {
    "precision": 45.0663,
    "recall": 11.4179,
    "f-score": 18.2197
  },
  "clean_eval": {
    "f-score": 8.37696335078534,
    "precision": 5.366876310272536,
    "recall": 19.076005961251862,
    "tp": 128,
    "fp": 2257,
    "fn": 543
  },
  "jaccard": [
    0.7343532684283728
  ],
  "braycurtis": [
    0.49821243767052403
  ],
  "dice": [
    0.5802197802197803
  ],
  "cosinus": [
    0.1936182984798498
  ]
}