{
  "voc_eval_res": {
    "precision": 16.9017,
    "recall": 44.9508,
    "f-score": 24.5664
  },
  "KL_res": {
    "KL divergence": 0.39441726269404725,
    "Euclidean Dist.": 0.05260370055356983,
    "WER": 0.6426983384039316,
    "CER": 0.21280056801924482,
    "Cosine Dist.": 0.12213262269628367
  },
  "occ_eval_res": {
    "precision": 52.2264,
    "recall": 58.4243,
    "f-score": 55.1517
  },
  "clean_eval": {
    "f-score": 41.74062292132663,
    "precision": 44.07397702956461,
    "recall": 39.64191024843704,
    "tp": 60555,
    "fp": 76839,
    "fn": 92200
  },
  "jaccard": [
    0.7462656540763466
  ],
  "braycurtis": [
    0.20631181775553156
  ],
  "dice": [
    0.5952342747111682
  ],
  "cosinus": [
    0.03440003738560615
  ]
}