{
  "voc_eval_res": {
    "precision": 43.1818,
    "recall": 24.359,
    "f-score": 31.1475
  },
  "KL_res": {
    "KL divergence": 2.11498085882424,
    "Euclidean Dist.": 0.4363518249139283,
    "WER": 0.7364620938628159,
    "CER": 0.5062476334721696,
    "Cosine Dist.": 0.42585984278236033
  },
  "occ_eval_res": {
    "precision": 57.2254,
    "recall": 35.7401,
    "f-score": 44.0
  },
  "clean_eval": {
    "f-score": 28.31460674157303,
    "precision": 23.076923076923077,
    "recall": 36.627906976744185,
    "tp": 63,
    "fp": 210,
    "fn": 109
  },
  "jaccard": [
    0.5166666666666667
  ],
  "braycurtis": [
    0.2632938643702906
  ],
  "dice": [
    0.34831460674157305
  ],
  "cosinus": [
    0.15432866578613624
  ]
}