{
  "voc_eval_res": {
    "precision": 55.5556,
    "recall": 29.4118,
    "f-score": 38.4615
  },
  "KL_res": {
    "KL divergence": 2.029507949908332,
    "Euclidean Dist.": 0.46569005327201024,
    "WER": 0.7280334728033473,
    "CER": 0.480168776371308,
    "Cosine Dist.": 0.46078687831887466
  },
  "occ_eval_res": {
    "precision": 50.0,
    "recall": 37.2385,
    "f-score": 42.6859
  },
  "clean_eval": {
    "f-score": 18.045112781954888,
    "precision": 15.65217391304348,
    "recall": 21.301775147928996,
    "tp": 36,
    "fp": 194,
    "fn": 133
  },
  "jaccard": [
    0.5331412103746398
  ],
  "braycurtis": [
    0.2865671641791045
  ],
  "dice": [
    0.36345776031434185
  ],
  "cosinus": [
    0.20025003093725435
  ]
}