{
  "voc_eval_res": {
    "precision": 50.9434,
    "recall": 30.8571,
    "f-score": 38.4342
  },
  "KL_res": {
    "KL divergence": 2.2899516625458918,
    "Euclidean Dist.": 0.12657234665895697,
    "WER": 0.774496644295302,
    "CER": 0.5177617831437196,
    "Cosine Dist.": 0.2810785166015237
  },
  "occ_eval_res": {
    "precision": 54.1267,
    "recall": 37.8523,
    "f-score": 44.5498
  },
  "clean_eval": {
    "f-score": 22.613531047265987,
    "precision": 19.55128205128205,
    "recall": 26.813186813186814,
    "tp": 122,
    "fp": 502,
    "fn": 333
  },
  "jaccard": [
    0.6022681247468611
  ],
  "braycurtis": [
    0.32548316907717906
  ],
  "dice": [
    0.43088959721819764
  ],
  "cosinus": [
    0.14509637573747824
  ]
}