{
  "voc_eval_res": {
    "precision": 58.6207,
    "recall": 8.7629,
    "f-score": 15.2466
  },
  "KL_res": {
    "KL divergence": 5.178978539004649,
    "Euclidean Dist.": 0.36588878995625507,
    "WER": 0.8484107579462102,
    "CER": 0.6920672137553732,
    "Cosine Dist.": 0.6359010302630241
  },
  "occ_eval_res": {
    "precision": 58.3333,
    "recall": 15.4034,
    "f-score": 24.3714
  },
  "clean_eval": {
    "f-score": 23.409669211195926,
    "precision": 15.753424657534246,
    "recall": 45.54455445544555,
    "tp": 46,
    "fp": 246,
    "fn": 55
  },
  "jaccard": [
    0.7924781732706514
  ],
  "braycurtis": [
    0.5601762599834756
  ],
  "dice": [
    0.6562847608453838
  ],
  "cosinus": [
    0.3636005486945487
  ]
}