{
  "voc_eval_res": {
    "precision": 64.7059,
    "recall": 25.0,
    "f-score": 36.0656
  },
  "KL_res": {
    "KL divergence": 3.177061529192538,
    "Euclidean Dist.": 0.366018308156409,
    "WER": 0.7215189873417721,
    "CER": 0.46637426900584794,
    "Cosine Dist.": 0.32221790456167565
  },
  "occ_eval_res": {
    "precision": 54.902,
    "recall": 35.443,
    "f-score": 43.0769
  },
  "clean_eval": {
    "f-score": 41.37931034482758,
    "precision": 35.82089552238806,
    "recall": 48.97959183673469,
    "tp": 24,
    "fp": 43,
    "fn": 25
  },
  "jaccard": [
    0.6290322580645161
  ],
  "braycurtis": [
    0.2834448160535117
  ],
  "dice": [
    0.4588235294117647
  ],
  "cosinus": [
    0.08423706420628851
  ]
}