{
  "voc_eval_res": {
    "precision": 40.6154,
    "recall": 44.1472,
    "f-score": 42.3077
  },
  "KL_res": {
    "KL divergence": 1.073414822626844,
    "Euclidean Dist.": 0.09812190807115846,
    "WER": 0.8300395256916996,
    "CER": 0.6445386752449188,
    "Cosine Dist.": 0.07280356151192835
  },
  "occ_eval_res": {
    "precision": 48.2993,
    "recall": 65.4809,
    "f-score": 55.5928
  },
  "clean_eval": {
    "f-score": 28.71736662883087,
    "precision": 34.14304993252362,
    "recall": 24.779627815866796,
    "tp": 253,
    "fp": 488,
    "fn": 768
  },
  "jaccard": [
    0.46002460024600245
  ],
  "braycurtis": [
    0.2555693069306931
  ],
  "dice": [
    0.2987220447284345
  ],
  "cosinus": [
    0.045232381327790505
  ]
}