{
  "voc_eval_res": {
    "precision": 33.3333,
    "recall": 2.9851,
    "f-score": 5.4795
  },
  "KL_res": {
    "KL divergence": 5.569545620231299,
    "Euclidean Dist.": 0.3181790074364183,
    "WER": 0.976657329598506,
    "CER": 0.8485719114416089,
    "Cosine Dist.": 0.9340125684964085
  },
  "occ_eval_res": {
    "precision": 22.2222,
    "recall": 3.1746,
    "f-score": 5.5556
  },
  "clean_eval": {
    "f-score": 4.216315307057745,
    "precision": 2.4520255863539444,
    "recall": 15.032679738562091,
    "tp": 23,
    "fp": 915,
    "fn": 130
  },
  "jaccard": [
    0.8634994981599197
  ],
  "braycurtis": [
    0.7497323340471093
  ],
  "dice": [
    0.7597880482778923
  ],
  "cosinus": [
    0.5099020626332195
  ]
}