{
  "voc_eval_res": {
    "precision": 4.4444,
    "recall": 19.3548,
    "f-score": 7.2289
  },
  "KL_res": {
    "KL divergence": 5.713102796254672,
    "Euclidean Dist.": 0.30639692372503424,
    "WER": 9.216216216216216,
    "CER": 9.17,
    "Cosine Dist.": 0.6831090942318463
  },
  "occ_eval_res": {
    "precision": 2.0115,
    "recall": 18.9189,
    "f-score": 3.6364
  },
  "clean_eval": {
    "f-score": 1.1049723756906076,
    "precision": 5.714285714285714,
    "recall": 0.6116207951070336,
    "tp": 2,
    "fp": 33,
    "fn": 325
  },
  "jaccard": [
    0.8383428107229894
  ],
  "braycurtis": [
    0.877643504531722
  ],
  "dice": [
    0.7216783216783217
  ],
  "cosinus": [
    0.38161964638570467
  ]
}