{
  "voc_eval_res": {
    "precision": 21.9331,
    "recall": 10.8656,
    "f-score": 14.532
  },
  "KL_res": {
    "KL divergence": 2.89137377958573,
    "Euclidean Dist.": 0.2539006483494758,
    "WER": 1.000915750915751,
    "CER": 0.7417857579088799,
    "Cosine Dist.": 0.5452667526440022
  },
  "occ_eval_res": {
    "precision": 23.8562,
    "recall": 26.7399,
    "f-score": 25.2159
  },
  "clean_eval": {
    "f-score": 5.138339920948616,
    "precision": 5.088062622309197,
    "recall": 5.189620758483033,
    "tp": 52,
    "fp": 970,
    "fn": 950
  },
  "jaccard": [
    0.6486837829054274
  ],
  "braycurtis": [
    0.4407509472959008
  ],
  "dice": [
    0.48003848003848004
  ],
  "cosinus": [
    0.3016348992391429
  ]
}