{
  "voc_eval_res": {
    "precision": 38.1818,
    "recall": 35.5932,
    "f-score": 36.8421
  },
  "KL_res": {
    "KL divergence": 2.0780852792928375,
    "Euclidean Dist.": 0.12040004129388669,
    "WER": 0.8812949640287769,
    "CER": 0.6566596194503171,
    "Cosine Dist.": 0.2322307827350717
  },
  "occ_eval_res": {
    "precision": 40.0,
    "recall": 44.6043,
    "f-score": 42.1769
  },
  "clean_eval": {
    "f-score": 17.504655493482307,
    "precision": 17.669172932330827,
    "recall": 17.343173431734318,
    "tp": 47,
    "fp": 219,
    "fn": 224
  },
  "jaccard": [
    0.4836520666255398
  ],
  "braycurtis": [
    0.2771394611727417
  ],
  "dice": [
    0.3189585028478438
  ],
  "cosinus": [
    0.09479979138288153
  ]
}