{
  "voc_eval_res": {
    "precision": 5.6571,
    "recall": 19.5874,
    "f-score": 8.7788
  },
  "KL_res": {
    "KL divergence": 0.9029062344888314,
    "Euclidean Dist.": 0.06649279141332323,
    "WER": 0.8207598127475694,
    "CER": 0.40076706880282476,
    "Cosine Dist.": 0.2077344211008093
  },
  "occ_eval_res": {
    "precision": 29.2688,
    "recall": 29.5339,
    "f-score": 29.4007
  },
  "clean_eval": {
    "f-score": 9.230645973538435,
    "precision": 9.22789995194398,
    "recall": 9.233393629931538,
    "tp": 8065,
    "fp": 79333,
    "fn": 79281
  },
  "jaccard": [
    0.7648417944932931
  ],
  "braycurtis": [
    0.3226230259590034
  ],
  "dice": [
    0.6192257729280333
  ],
  "cosinus": [
    0.07142499594941998
  ]
}