{
  "voc_eval_res": {
    "precision": 38.1356,
    "recall": 62.5,
    "f-score": 47.3684
  },
  "KL_res": {
    "KL divergence": 0.9541694124027329,
    "Euclidean Dist.": 0.1291853455211159,
    "WER": 1.7552447552447552,
    "CER": 1.653958944281525,
    "Cosine Dist.": 0.06335651925854102
  },
  "occ_eval_res": {
    "precision": 31.1798,
    "recall": 77.6224,
    "f-score": 44.489
  },
  "clean_eval": {
    "f-score": 25.203252032520325,
    "precision": 44.285714285714285,
    "recall": 17.613636363636363,
    "tp": 62,
    "fp": 78,
    "fn": 290
  },
  "jaccard": [
    0.470335339638865
  ],
  "braycurtis": [
    0.4789462767060776
  ],
  "dice": [
    0.3074761101742552
  ],
  "cosinus": [
    0.03622727630128697
  ]
}