{
  "voc_eval_res": {
    "precision": 78.5832,
    "recall": 91.0305,
    "f-score": 84.3501
  },
  "KL_res": {
    "KL divergence": 0.17174454065709108,
    "Euclidean Dist.": 0.024480980454403504,
    "WER": 0.29715536105032825,
    "CER": 0.27472617969200364,
    "Cosine Dist.": 0.03258451611389834
  },
  "occ_eval_res": {
    "precision": 77.0893,
    "recall": 93.6543,
    "f-score": 84.5683
  },
  "clean_eval": {
    "f-score": 73.63707165109035,
    "precision": 81.47350280051701,
    "recall": 67.17584369449379,
    "tp": 1891,
    "fp": 430,
    "fn": 924
  },
  "jaccard": [
    0.3704110793581007
  ],
  "braycurtis": [
    0.1965977456607427
  ],
  "dice": [
    0.22730338594361257
  ],
  "cosinus": [
    0.026140136498528865
  ]
}