{
  "voc_eval_res": {
    "precision": 51.8805,
    "recall": 59.6692,
    "f-score": 55.503
  },
  "KL_res": {
    "KL divergence": 0.3698473694532286,
    "Euclidean Dist.": 0.0471333316263845,
    "WER": 0.44668903649934943,
    "CER": 0.1961344046342584,
    "Cosine Dist.": 0.11872822504150848
  },
  "occ_eval_res": {
    "precision": 71.4574,
    "recall": 72.759,
    "f-score": 72.1023
  },
  "clean_eval": {
    "f-score": 49.091083351969594,
    "precision": 50.06842619745846,
    "recall": 48.15116570569065,
    "tp": 7683,
    "fp": 7662,
    "fn": 8273
  },
  "jaccard": [
    0.6366944979661743
  ],
  "braycurtis": [
    0.1961701865648667
  ],
  "dice": [
    0.4670226130653266
  ],
  "cosinus": [
    0.030735087804258376
  ]
}