{
  "voc_eval_res": {
    "precision": 30.5019,
    "recall": 12.4214,
    "f-score": 17.6536
  },
  "KL_res": {
    "KL divergence": 2.9520332075987215,
    "Euclidean Dist.": 0.11266029684243345,
    "WER": 0.874198322644302,
    "CER": 0.6788493607559756,
    "Cosine Dist.": 0.45196067474286683
  },
  "occ_eval_res": {
    "precision": 35.4147,
    "recall": 18.7469,
    "f-score": 24.5161
  },
  "clean_eval": {
    "f-score": 8.547008547008545,
    "precision": 6.4550833781603005,
    "recall": 12.644889357218126,
    "tp": 120,
    "fp": 1739,
    "fn": 829
  },
  "jaccard": [
    0.6233821345215361
  ],
  "braycurtis": [
    0.36922814061765835
  ],
  "dice": [
    0.4528360049321825
  ],
  "cosinus": [
    0.10523880718896872
  ]
}