{
  "voc_eval_res": {
    "precision": 35.3591,
    "recall": 52.459,
    "f-score": 42.2442
  },
  "KL_res": {
    "KL divergence": 1.5050206256780698,
    "Euclidean Dist.": 0.10928073230335794,
    "WER": 1.1841004184100419,
    "CER": 0.956794425087108,
    "Cosine Dist.": 0.14800055582485505
  },
  "occ_eval_res": {
    "precision": 36.5,
    "recall": 61.0879,
    "f-score": 45.6964
  },
  "clean_eval": {
    "f-score": 26.959247648902817,
    "precision": 36.134453781512605,
    "recall": 21.5,
    "tp": 86,
    "fp": 152,
    "fn": 314
  },
  "jaccard": [
    0.4926062846580407
  ],
  "braycurtis": [
    0.3550465282748747
  ],
  "dice": [
    0.32679337829552424
  ],
  "cosinus": [
    0.06536688615297648
  ]
}