{
  "voc_eval_res": {
    "precision": 68.4287,
    "recall": 70.2602,
    "f-score": 69.3324
  },
  "KL_res": {
    "KL divergence": 0.061913517348067826,
    "Euclidean Dist.": 0.02539404751005283,
    "WER": 0.2307339987005102,
    "CER": 0.10957527653466183,
    "Cosine Dist.": 0.028782218332013665
  },
  "occ_eval_res": {
    "precision": 87.1503,
    "recall": 90.1292,
    "f-score": 88.6147
  },
  "clean_eval": {
    "f-score": 71.89307778527376,
    "precision": 73.32452024662194,
    "recall": 70.5164544298785,
    "tp": 67669,
    "fp": 24618,
    "fn": 28293
  },
  "jaccard": [
    0.6097634022162324
  ],
  "braycurtis": [
    0.09690170191026655
  ],
  "dice": [
    0.4386040499784576
  ],
  "cosinus": [
    0.011567887547290878
  ]
}