{
  "voc_eval_res": {
    "precision": 79.3722,
    "recall": 31.2169,
    "f-score": 44.8101
  },
  "KL_res": {
    "KL divergence": 1.0662062998735176,
    "Euclidean Dist.": 0.09315945650601913,
    "WER": 0.48788474132285525,
    "CER": 0.3542885805049323,
    "Cosine Dist.": 0.040442230036665805
  },
  "occ_eval_res": {
    "precision": 82.9155,
    "recall": 58.4807,
    "f-score": 68.5868
  },
  "clean_eval": {
    "f-score": 37.555645487656825,
    "precision": 31.6291751874574,
    "recall": 46.21513944223107,
    "tp": 464,
    "fp": 1003,
    "fn": 540
  },
  "jaccard": [
    0.49581881533101047
  ],
  "braycurtis": [
    0.16325209267909171
  ],
  "dice": [
    0.329627055825805
  ],
  "cosinus": [
    0.019663208577188618
  ]
}