{
  "voc_eval_res": {
    "precision": 50.431,
    "recall": 26.2332,
    "f-score": 34.5133
  },
  "KL_res": {
    "KL divergence": 1.854488707762446,
    "Euclidean Dist.": 0.13024321471152933,
    "WER": 0.7859733978234583,
    "CER": 0.6374677002583979,
    "Cosine Dist.": 0.09902678919429952
  },
  "occ_eval_res": {
    "precision": 64.6365,
    "recall": 39.7823,
    "f-score": 49.2515
  },
  "clean_eval": {
    "f-score": 22.888713496448304,
    "precision": 18.447837150127228,
    "recall": 30.14553014553015,
    "tp": 145,
    "fp": 641,
    "fn": 336
  },
  "jaccard": [
    0.4889445139758031
  ],
  "braycurtis": [
    0.2681959564541213
  ],
  "dice": [
    0.32357813362782994
  ],
  "cosinus": [
    0.05442582928680728
  ]
}