{
  "voc_eval_res": {
    "precision": 71.9212,
    "recall": 34.8449,
    "f-score": 46.9453
  },
  "KL_res": {
    "KL divergence": 1.070972831072085,
    "Euclidean Dist.": 0.1202487127943351,
    "WER": 0.6228160328879754,
    "CER": 0.5006453278265359,
    "Cosine Dist.": 0.09329763627980392
  },
  "occ_eval_res": {
    "precision": 73.4375,
    "recall": 53.1346,
    "f-score": 61.6577
  },
  "clean_eval": {
    "f-score": 39.22077922077922,
    "precision": 33.856502242152466,
    "recall": 46.60493827160494,
    "tp": 302,
    "fp": 590,
    "fn": 346
  },
  "jaccard": [
    0.47749338040600176
  ],
  "braycurtis": [
    0.21308957952468008
  ],
  "dice": [
    0.3136231884057971
  ],
  "cosinus": [
    0.03763795808129111
  ]
}