{
  "voc_eval_res": {
    "precision": 5.7377,
    "recall": 18.4211,
    "f-score": 8.75
  },
  "KL_res": {
    "KL divergence": 4.573247696604546,
    "Euclidean Dist.": 0.26614630176837367,
    "WER": 7.386363636363637,
    "CER": 7.897142857142857,
    "Cosine Dist.": 0.3846608739899645
  },
  "occ_eval_res": {
    "precision": 3.5608,
    "recall": 27.2727,
    "f-score": 6.2992
  },
  "clean_eval": {
    "f-score": 1.6620498614958445,
    "precision": 6.976744186046512,
    "recall": 0.9433962264150944,
    "tp": 3,
    "fp": 40,
    "fn": 315
  },
  "jaccard": [
    0.7769423558897243
  ],
  "braycurtis": [
    0.8456160792309932
  ],
  "dice": [
    0.6352459016393442
  ],
  "cosinus": [
    0.23303191791131106
  ]
}