{
  "voc_eval_res": {
    "precision": 6.015,
    "recall": 22.8571,
    "f-score": 9.5238
  },
  "KL_res": {
    "KL divergence": 4.2796268212898045,
    "Euclidean Dist.": 0.2695144572873004,
    "WER": 8.121951219512194,
    "CER": 9.62295081967213,
    "Cosine Dist.": 0.37951747118415746
  },
  "occ_eval_res": {
    "precision": 3.7791,
    "recall": 31.7073,
    "f-score": 6.7532
  },
  "clean_eval": {
    "f-score": 0.5420054200542005,
    "precision": 2.5,
    "recall": 0.303951367781155,
    "tp": 1,
    "fp": 39,
    "fn": 328
  },
  "jaccard": [
    0.7944307944307945
  ],
  "braycurtis": [
    0.861529712823429
  ],
  "dice": [
    0.6589673913043478
  ],
  "cosinus": [
    0.21932085747672503
  ]
}