{
  "voc_eval_res": {
    "precision": 33.5227,
    "recall": 2.3376,
    "f-score": 4.3704
  },
  "KL_res": {
    "KL divergence": 3.641400615109455,
    "Euclidean Dist.": 0.24996264132580548,
    "WER": 0.9461222517516308,
    "CER": 0.7830932415967892,
    "Cosine Dist.": 0.6153909946211003
  },
  "occ_eval_res": {
    "precision": 32.575,
    "recall": 7.6105,
    "f-score": 12.3384
  },
  "clean_eval": {
    "f-score": 1.1113580795732385,
    "precision": 0.6858710562414266,
    "recall": 2.927400468384075,
    "tp": 25,
    "fp": 3620,
    "fn": 829
  },
  "jaccard": [
    0.8199580171160988
  ],
  "braycurtis": [
    0.625287608195464
  ],
  "dice": [
    0.6948549534756431
  ],
  "cosinus": [
    0.2707715127151158
  ]
}