{
  "voc_eval_res": {
    "precision": 26.9058,
    "recall": 1.7948,
    "f-score": 3.3651
  },
  "KL_res": {
    "KL divergence": 3.5059296304127776,
    "Euclidean Dist.": 0.22258201024439814,
    "WER": 0.9627578304048893,
    "CER": 0.8145892650005273,
    "Cosine Dist.": 0.7696465598535953
  },
  "occ_eval_res": {
    "precision": 23.584,
    "recall": 4.851,
    "f-score": 8.0469
  },
  "clean_eval": {
    "f-score": 0.20342430920494997,
    "precision": 0.12257405515832481,
    "recall": 0.5976095617529881,
    "tp": 6,
    "fp": 4889,
    "fn": 998
  },
  "jaccard": [
    0.7919093851132686
  ],
  "braycurtis": [
    0.6705961180091711
  ],
  "dice": [
    0.655504955799625
  ],
  "cosinus": [
    0.2732958020537146
  ]
}