{
  "voc_eval_res": {
    "precision": 53.8462,
    "recall": 10.5528,
    "f-score": 17.6471
  },
  "KL_res": {
    "KL divergence": 4.8762740363998205,
    "Euclidean Dist.": 0.35290507324007747,
    "WER": 0.8600508905852418,
    "CER": 0.6066838046272494,
    "Cosine Dist.": 0.5412819562815574
  },
  "occ_eval_res": {
    "precision": 53.4483,
    "recall": 15.7761,
    "f-score": 24.3615
  },
  "clean_eval": {
    "f-score": 21.551724137931036,
    "precision": 14.204545454545455,
    "recall": 44.642857142857146,
    "tp": 50,
    "fp": 302,
    "fn": 62
  },
  "jaccard": [
    0.6916403785488959
  ],
  "braycurtis": [
    0.4329810901001112
  ],
  "dice": [
    0.5286317058468957
  ],
  "cosinus": [
    0.28956635427506294
  ]
}