{
  "voc_eval_res": {
    "precision": 26.4957,
    "recall": 11.6981,
    "f-score": 16.2304
  },
  "KL_res": {
    "KL divergence": 3.2507846003026426,
    "Euclidean Dist.": 0.1640398980193424,
    "WER": 0.8738738738738738,
    "CER": 0.6754590984974959,
    "Cosine Dist.": 0.27918760243202356
  },
  "occ_eval_res": {
    "precision": 35.8108,
    "recall": 23.8739,
    "f-score": 28.6486
  },
  "clean_eval": {
    "f-score": 4.2492917847025495,
    "precision": 3.64963503649635,
    "recall": 5.084745762711865,
    "tp": 15,
    "fp": 396,
    "fn": 280
  },
  "jaccard": [
    0.6896733403582719
  ],
  "braycurtis": [
    0.40884075980827267
  ],
  "dice": [
    0.5263369521511861
  ],
  "cosinus": [
    0.2021512657786375
  ]
}