{
  "voc_eval_res": {
    "precision": 48.3333,
    "recall": 40.8451,
    "f-score": 44.2748
  },
  "KL_res": {
    "KL divergence": 3.3573949110920167,
    "Euclidean Dist.": 0.2128931981726437,
    "WER": 0.765625,
    "CER": 0.6366171003717472,
    "Cosine Dist.": 0.4672664829403578
  },
  "occ_eval_res": {
    "precision": 45.6311,
    "recall": 36.7188,
    "f-score": 40.6926
  },
  "clean_eval": {
    "f-score": 35.96491228070175,
    "precision": 32.03125,
    "recall": 41.0,
    "tp": 41,
    "fp": 87,
    "fn": 59
  },
  "jaccard": [
    0.4755661501787843
  ],
  "braycurtis": [
    0.3127984718242598
  ],
  "dice": [
    0.31196247068021893
  ],
  "cosinus": [
    0.13205865711362907
  ]
}