{
  "voc_eval_res": {
    "precision": 73.6842,
    "recall": 30.4348,
    "f-score": 43.0769
  },
  "KL_res": {
    "KL divergence": 2.7619069616291028,
    "Euclidean Dist.": 0.36281422975841315,
    "WER": 0.6666666666666666,
    "CER": 0.46612466124661245,
    "Cosine Dist.": 0.3491417564816256
  },
  "occ_eval_res": {
    "precision": 62.2642,
    "recall": 36.6667,
    "f-score": 46.1538
  },
  "clean_eval": {
    "f-score": 40.625,
    "precision": 33.76623376623377,
    "recall": 50.98039215686274,
    "tp": 26,
    "fp": 51,
    "fn": 25
  },
  "jaccard": [
    0.5711422845691383
  ],
  "braycurtis": [
    0.2968253968253968
  ],
  "dice": [
    0.3997194950911641
  ],
  "cosinus": [
    0.10092315382923922
  ]
}