{
  "voc_eval_res": {
    "precision": 12.5926,
    "recall": 3.5865,
    "f-score": 5.5829
  },
  "KL_res": {
    "KL divergence": 4.563133341520719,
    "Euclidean Dist.": 0.18231948971561637,
    "WER": 0.9623352165725048,
    "CER": 0.7563927386297091,
    "Cosine Dist.": 0.6239367491055771
  },
  "occ_eval_res": {
    "precision": 14.2276,
    "recall": 6.5913,
    "f-score": 9.009
  },
  "clean_eval": {
    "f-score": 1.329787234042553,
    "precision": 0.9689922480620154,
    "recall": 2.11864406779661,
    "tp": 5,
    "fp": 511,
    "fn": 231
  },
  "jaccard": [
    0.6613657623947614
  ],
  "braycurtis": [
    0.5715463917525773
  ],
  "dice": [
    0.49406009783368277
  ],
  "cosinus": [
    0.23770998767038176
  ]
}