{
  "voc_eval_res": {
    "precision": 17.1429,
    "recall": 1.0563,
    "f-score": 1.99
  },
  "KL_res": {
    "KL divergence": 3.8689885402379143,
    "Euclidean Dist.": 0.14543114632412876,
    "WER": 0.9896185417672622,
    "CER": 0.9225478785313723,
    "Cosine Dist.": 0.8886358310229565
  },
  "occ_eval_res": {
    "precision": 18.8498,
    "recall": 1.4244,
    "f-score": 2.6487
  },
  "clean_eval": {
    "f-score": 0.09528346831824679,
    "precision": 0.051334702258726904,
    "recall": 0.6622516556291391,
    "tp": 2,
    "fp": 3894,
    "fn": 300
  },
  "jaccard": [
    0.8141824025713138
  ],
  "braycurtis": [
    0.8569735409058876
  ],
  "dice": [
    0.6866000338810774
  ],
  "cosinus": [
    0.21961106992664103
  ]
}