{
  "voc_eval_res": {
    "precision": 27.9661,
    "recall": 1.0033,
    "f-score": 1.9372
  },
  "KL_res": {
    "KL divergence": 3.901106435444794,
    "Euclidean Dist.": 0.22246232677643243,
    "WER": 0.9881276761385753,
    "CER": 0.9390478555024517,
    "Cosine Dist.": 0.8745687420949724
  },
  "occ_eval_res": {
    "precision": 28.3333,
    "recall": 1.6543,
    "f-score": 3.1261
  },
  "clean_eval": {
    "f-score": 0.24091547881951414,
    "precision": 0.12728044123886295,
    "recall": 2.247191011235955,
    "tp": 6,
    "fp": 4708,
    "fn": 261
  },
  "jaccard": [
    0.869537067011978
  ],
  "braycurtis": [
    0.8862141917776888
  ],
  "dice": [
    0.7691867124856816
  ],
  "cosinus": [
    0.24817796585880791
  ]
}