{
  "voc_eval_res": {
    "precision": 69.8864,
    "recall": 34.2618,
    "f-score": 45.9813
  },
  "KL_res": {
    "KL divergence": 2.027250236032715,
    "Euclidean Dist.": 0.10567836994747168,
    "WER": 0.6216216216216216,
    "CER": 0.4733458344495044,
    "Cosine Dist.": 0.16801045632727374
  },
  "occ_eval_res": {
    "precision": 68.7861,
    "recall": 42.8829,
    "f-score": 52.8302
  },
  "clean_eval": {
    "f-score": 35.53530751708428,
    "precision": 28.835489833641404,
    "recall": 46.29080118694362,
    "tp": 156,
    "fp": 385,
    "fn": 181
  },
  "jaccard": [
    0.4774859287054409
  ],
  "braycurtis": [
    0.24703917400546613
  ],
  "dice": [
    0.31361675908810843
  ],
  "cosinus": [
    0.05779129754971746
  ]
}