{
  "voc_eval_res": {
    "precision": 69.697,
    "recall": 45.3202,
    "f-score": 54.9254
  },
  "KL_res": {
    "KL divergence": 3.1557072432052307,
    "Euclidean Dist.": 0.27154981993943816,
    "WER": 0.658,
    "CER": 0.48739495798319327,
    "Cosine Dist.": 0.6008808096866669
  },
  "occ_eval_res": {
    "precision": 65.1316,
    "recall": 39.6,
    "f-score": 49.2537
  },
  "clean_eval": {
    "f-score": 31.099873577749683,
    "precision": 25.050916496945007,
    "recall": 41.0,
    "tp": 123,
    "fp": 368,
    "fn": 177
  },
  "jaccard": [
    0.48316597755463675
  ],
  "braycurtis": [
    0.3341319572429045
  ],
  "dice": [
    0.31853582554517135
  ],
  "cosinus": [
    0.30274613645880966
  ]
}