{
  "voc_eval_res": {
    "precision": 68.6441,
    "recall": 41.1168,
    "f-score": 51.4286
  },
  "KL_res": {
    "KL divergence": 1.3896623276299374,
    "Euclidean Dist.": 0.11448435118681796,
    "WER": 0.5706666666666667,
    "CER": 0.40995065789473684,
    "Cosine Dist.": 0.10822097944462816
  },
  "occ_eval_res": {
    "precision": 68.0,
    "recall": 54.4,
    "f-score": 60.4444
  },
  "clean_eval": {
    "f-score": 37.458193979933114,
    "precision": 33.8368580060423,
    "recall": 41.947565543071164,
    "tp": 112,
    "fp": 219,
    "fn": 155
  },
  "jaccard": [
    0.4423076923076923
  ],
  "braycurtis": [
    0.2090276313014132
  ],
  "dice": [
    0.2839506172839506
  ],
  "cosinus": [
    0.04257915959632341
  ]
}