{
  "voc_eval_res": {
    "precision": 44.4444,
    "recall": 43.4783,
    "f-score": 43.956
  },
  "KL_res": {
    "KL divergence": 1.4587371779956386,
    "Euclidean Dist.": 0.08528086066442005,
    "WER": 0.7857142857142857,
    "CER": 0.6976351351351351,
    "Cosine Dist.": 0.08765245072056005
  },
  "occ_eval_res": {
    "precision": 54.4715,
    "recall": 59.8214,
    "f-score": 57.0213
  },
  "clean_eval": {
    "f-score": 15.452538631346577,
    "precision": 16.129032258064516,
    "recall": 14.83050847457627,
    "tp": 35,
    "fp": 182,
    "fn": 201
  },
  "jaccard": [
    0.47141796585003715
  ],
  "braycurtis": [
    0.2487904252610135
  ],
  "dice": [
    0.30840213695968915
  ],
  "cosinus": [
    0.04652323564986083
  ]
}