{
  "voc_eval_res": {
    "precision": 46.9136,
    "recall": 16.8142,
    "f-score": 24.7557
  },
  "KL_res": {
    "KL divergence": 3.54701133647309,
    "Euclidean Dist.": 0.15365479253248882,
    "WER": 0.847953216374269,
    "CER": 0.7634366418203217,
    "Cosine Dist.": 0.2355786665108044
  },
  "occ_eval_res": {
    "precision": 53.9062,
    "recall": 20.1754,
    "f-score": 29.3617
  },
  "clean_eval": {
    "f-score": 20.90909090909091,
    "precision": 14.374999999999998,
    "recall": 38.333333333333336,
    "tp": 46,
    "fp": 274,
    "fn": 74
  },
  "jaccard": [
    0.6403607666290868
  ],
  "braycurtis": [
    0.5002655337227828
  ],
  "dice": [
    0.4709784411276949
  ],
  "cosinus": [
    0.19562651971156497
  ]
}