{
  "voc_eval_res": {
    "precision": 36.5079,
    "recall": 13.6499,
    "f-score": 19.8704
  },
  "KL_res": {
    "KL divergence": 3.4420560265765294,
    "Euclidean Dist.": 0.10851752582628811,
    "WER": 0.9023354564755839,
    "CER": 0.7287123572170301,
    "Cosine Dist.": 0.37158575875563915
  },
  "occ_eval_res": {
    "precision": 40.884,
    "recall": 15.7113,
    "f-score": 22.6994
  },
  "clean_eval": {
    "f-score": 14.910858995137763,
    "precision": 10.526315789473683,
    "recall": 25.555555555555554,
    "tp": 46,
    "fp": 391,
    "fn": 134
  },
  "jaccard": [
    0.6017865538316878
  ],
  "braycurtis": [
    0.4634977578475336
  ],
  "dice": [
    0.43039677202420984
  ],
  "cosinus": [
    0.11146282245435113
  ]
}