{
  "voc_eval_res": {
    "precision": 42.8571,
    "recall": 3.7392,
    "f-score": 6.8783
  },
  "KL_res": {
    "KL divergence": 4.518581149431266,
    "Euclidean Dist.": 0.32981595282310766,
    "WER": 0.9425064599483204,
    "CER": 0.8622838013762321,
    "Cosine Dist.": 0.5331516798388176
  },
  "occ_eval_res": {
    "precision": 43.3333,
    "recall": 6.7183,
    "f-score": 11.6331
  },
  "clean_eval": {
    "f-score": 2.4600246002460024,
    "precision": 1.4398848092152627,
    "recall": 8.438818565400844,
    "tp": 20,
    "fp": 1369,
    "fn": 217
  },
  "jaccard": [
    0.8436498150431566
  ],
  "braycurtis": [
    0.7494758095829774
  ],
  "dice": [
    0.7295798677756451
  ],
  "cosinus": [
    0.4056964283114749
  ]
}