{
  "voc_eval_res": {
    "precision": 31.2,
    "recall": 2.6192,
    "f-score": 4.8327
  },
  "KL_res": {
    "KL divergence": 4.622529626206013,
    "Euclidean Dist.": 0.2322503129307758,
    "WER": 0.9672470978441128,
    "CER": 0.8953676272555885,
    "Cosine Dist.": 0.7491308557102798
  },
  "occ_eval_res": {
    "precision": 41.4097,
    "recall": 3.8972,
    "f-score": 7.1239
  },
  "clean_eval": {
    "f-score": 2.65166733627963,
    "precision": 1.4537444933920705,
    "recall": 15.068493150684931,
    "tp": 33,
    "fp": 2237,
    "fn": 186
  },
  "jaccard": [
    0.816050277979212
  ],
  "braycurtis": [
    0.8132708728652751
  ],
  "dice": [
    0.6892609228256431
  ],
  "cosinus": [
    0.2845752668766153
  ]
}