{
  "voc_eval_res": {
    "precision": 31.7308,
    "recall": 2.2526,
    "f-score": 4.2065
  },
  "KL_res": {
    "KL divergence": 4.824608583929545,
    "Euclidean Dist.": 0.27840977151576574,
    "WER": 0.971465076660988,
    "CER": 0.9135128019482657,
    "Cosine Dist.": 0.8074138695969177
  },
  "occ_eval_res": {
    "precision": 38.9189,
    "recall": 3.0664,
    "f-score": 5.685
  },
  "clean_eval": {
    "f-score": 5.049668874172185,
    "precision": 2.7280858676207513,
    "recall": 33.88888888888889,
    "tp": 61,
    "fp": 2175,
    "fn": 119
  },
  "jaccard": [
    0.8258510113468179
  ],
  "braycurtis": [
    0.8443584400119083
  ],
  "dice": [
    0.7033613445378152
  ],
  "cosinus": [
    0.3946497473863573
  ]
}