{
  "voc_eval_res": {
    "precision": 57.1463,
    "recall": 64.73,
    "f-score": 60.7022
  },
  "KL_res": {
    "KL divergence": 0.23041989125772958,
    "Euclidean Dist.": 0.027099010589490043,
    "WER": 0.23004311644990152,
    "CER": 0.09407540276577925,
    "Cosine Dist.": 0.023478117800579068
  },
  "occ_eval_res": {
    "precision": 82.003,
    "recall": 82.23,
    "f-score": 82.1163
  },
  "clean_eval": {
    "f-score": 74.9140065086179,
    "precision": 74.43711537752884,
    "recall": 75.39704757105798,
    "tp": 40400,
    "fp": 13874,
    "fn": 13183
  },
  "jaccard": [
    0.6209771229158588
  ],
  "braycurtis": [
    0.12653395493494535
  ],
  "dice": [
    0.4503022634612681
  ],
  "cosinus": [
    0.016216437294244712
  ]
}