{
  "voc_eval_res": {
    "precision": 34.9776,
    "recall": 3.3037,
    "f-score": 6.0372
  },
  "KL_res": {
    "KL divergence": 3.356816628287965,
    "Euclidean Dist.": 0.21080889942428893,
    "WER": 0.9220386316034442,
    "CER": 0.7610026528807564,
    "Cosine Dist.": 0.6138701138973583
  },
  "occ_eval_res": {
    "precision": 39.74,
    "recall": 9.9604,
    "f-score": 15.9285
  },
  "clean_eval": {
    "f-score": 2.77331189710611,
    "precision": 1.7371601208459215,
    "recall": 6.872509960159362,
    "tp": 69,
    "fp": 3903,
    "fn": 935
  },
  "jaccard": [
    0.7649149055545166
  ],
  "braycurtis": [
    0.5870163633583116
  ],
  "dice": [
    0.6193216232586312
  ],
  "cosinus": [
    0.2143757680323033
  ]
}