{
  "voc_eval_res": {
    "precision": 32.6829,
    "recall": 2.664,
    "f-score": 4.9265
  },
  "KL_res": {
    "KL divergence": 3.5808811346483287,
    "Euclidean Dist.": 0.1996582835700546,
    "WER": 0.9623368920521945,
    "CER": 0.823687451024292,
    "Cosine Dist.": 0.6328187192948681
  },
  "occ_eval_res": {
    "precision": 26.7185,
    "recall": 6.1091,
    "f-score": 9.9445
  },
  "clean_eval": {
    "f-score": 1.9363057324840764,
    "precision": 1.2013910844135314,
    "recall": 4.986876640419948,
    "tp": 38,
    "fp": 3125,
    "fn": 724
  },
  "jaccard": [
    0.7819519752130132
  ],
  "braycurtis": [
    0.6586752275203959
  ],
  "dice": [
    0.6419713831478537
  ],
  "cosinus": [
    0.25927664240201687
  ]
}