{
  "voc_eval_res": {
    "precision": 32.8358,
    "recall": 7.6125,
    "f-score": 12.3596
  },
  "KL_res": {
    "KL divergence": 3.2028431146490104,
    "Euclidean Dist.": 0.17764932610147285,
    "WER": 0.9475587703435805,
    "CER": 0.7303743315508021,
    "Cosine Dist.": 0.4121750398698685
  },
  "occ_eval_res": {
    "precision": 27.9942,
    "recall": 17.5407,
    "f-score": 21.5675
  },
  "clean_eval": {
    "f-score": 1.4865637507146943,
    "precision": 1.229895931882687,
    "recall": 1.8786127167630058,
    "tp": 13,
    "fp": 1044,
    "fn": 679
  },
  "jaccard": [
    0.6996777029006739
  ],
  "braycurtis": [
    0.43169683552545907
  ],
  "dice": [
    0.5380802163136548
  ],
  "cosinus": [
    0.20880433008578259
  ]
}