{
  "voc_eval_res": {
    "precision": 74.6667,
    "recall": 45.9016,
    "f-score": 56.8528
  },
  "KL_res": {
    "KL divergence": 0.8736455351358228,
    "Euclidean Dist.": 0.0778785463959254,
    "WER": 0.44607843137254904,
    "CER": 0.3292234081707766,
    "Cosine Dist.": 0.033415054057647775
  },
  "occ_eval_res": {
    "precision": 78.4499,
    "recall": 67.8105,
    "f-score": 72.7432
  },
  "clean_eval": {
    "f-score": 39.18291550603528,
    "precision": 36.44214162348877,
    "recall": 42.369477911646584,
    "tp": 211,
    "fp": 368,
    "fn": 287
  },
  "jaccard": [
    0.37097717963721477
  ],
  "braycurtis": [
    0.13409222458035885
  ],
  "dice": [
    0.22772988505747127
  ],
  "cosinus": [
    0.015233709255871974
  ]
}