{
  "voc_eval_res": {
    "precision": 22.2222,
    "recall": 1.1858,
    "f-score": 2.2514
  },
  "KL_res": {
    "KL divergence": 4.8881276087535195,
    "Euclidean Dist.": 0.2761989662860523,
    "WER": 0.990112063282795,
    "CER": 0.9023120808727855,
    "Cosine Dist.": 0.9518045753140169
  },
  "occ_eval_res": {
    "precision": 13.7255,
    "recall": 1.3843,
    "f-score": 2.515
  },
  "clean_eval": {
    "f-score": 0.9446693657219972,
    "precision": 0.5267118133935289,
    "recall": 4.57516339869281,
    "tp": 7,
    "fp": 1322,
    "fn": 146
  },
  "jaccard": [
    0.9061843640606768
  ],
  "braycurtis": [
    0.8416595380667237
  ],
  "dice": [
    0.8284617025816087
  ],
  "cosinus": [
    0.5140642986834949
  ]
}