{
  "voc_eval_res": {
    "precision": 15.3846,
    "recall": 0.4739,
    "f-score": 0.9195
  },
  "KL_res": {
    "KL divergence": 5.370876975476735,
    "Euclidean Dist.": 0.3217763923769223,
    "WER": 0.9930725346373268,
    "CER": 0.9197811447811448,
    "Cosine Dist.": 0.9654336693004321
  },
  "occ_eval_res": {
    "precision": 16.3793,
    "recall": 0.7742,
    "f-score": 1.4786
  },
  "clean_eval": {
    "f-score": 1.056910569105691,
    "precision": 0.5536626916524702,
    "recall": 11.607142857142858,
    "tp": 13,
    "fp": 2335,
    "fn": 99
  },
  "jaccard": [
    0.9098795180722892
  ],
  "braycurtis": [
    0.8635476118954641
  ],
  "dice": [
    0.8346595932802829
  ],
  "cosinus": [
    0.5470426789708775
  ]
}