{
  "voc_eval_res": {
    "precision": 22.8883,
    "recall": 3.6858,
    "f-score": 6.3492
  },
  "KL_res": {
    "KL divergence": 3.063692193395021,
    "Euclidean Dist.": 0.1224828099315914,
    "WER": 0.9683670561413508,
    "CER": 0.8708516593362655,
    "Cosine Dist.": 0.5339501756792508
  },
  "occ_eval_res": {
    "precision": 31.3458,
    "recall": 5.2437,
    "f-score": 8.9844
  },
  "clean_eval": {
    "f-score": 1.805985552115583,
    "precision": 1.0612492419648272,
    "recall": 6.055363321799308,
    "tp": 35,
    "fp": 3263,
    "fn": 543
  },
  "jaccard": [
    0.7505844272612839
  ],
  "braycurtis": [
    0.751241348179356
  ],
  "dice": [
    0.600748416810593
  ],
  "cosinus": [
    0.19995537944897168
  ]
}