{
  "voc_eval_res": {
    "precision": 32.7485,
    "recall": 4.3044,
    "f-score": 7.6087
  },
  "KL_res": {
    "KL divergence": 3.993110842480138,
    "Euclidean Dist.": 0.18824207508093788,
    "WER": 0.963371801304566,
    "CER": 0.8756056875049647,
    "Cosine Dist.": 0.6939600614867545
  },
  "occ_eval_res": {
    "precision": 37.0909,
    "recall": 5.1179,
    "f-score": 8.9947
  },
  "clean_eval": {
    "f-score": 2.821158690176322,
    "precision": 1.6317016317016315,
    "recall": 10.408921933085502,
    "tp": 28,
    "fp": 1688,
    "fn": 241
  },
  "jaccard": [
    0.8232758620689655
  ],
  "braycurtis": [
    0.7629203717322992
  ],
  "dice": [
    0.6996336996336996
  ],
  "cosinus": [
    0.253036350018116
  ]
}