{
  "voc_eval_res": {
    "precision": 23.7762,
    "recall": 7.0393,
    "f-score": 10.8626
  },
  "KL_res": {
    "KL divergence": 3.571561041844699,
    "Euclidean Dist.": 0.16973497386237107,
    "WER": 0.8904109589041096,
    "CER": 0.7343402932030209,
    "Cosine Dist.": 0.18024104883111958
  },
  "occ_eval_res": {
    "precision": 39.0041,
    "recall": 16.0959,
    "f-score": 22.7879
  },
  "clean_eval": {
    "f-score": 1.7676767676767675,
    "precision": 1.2433392539964476,
    "recall": 3.056768558951965,
    "tp": 7,
    "fp": 556,
    "fn": 222
  },
  "jaccard": [
    0.6846689895470384
  ],
  "braycurtis": [
    0.5159465828750982
  ],
  "dice": [
    0.5205298013245033
  ],
  "cosinus": [
    0.1666881599234138
  ]
}