{
  "voc_eval_res": {
    "precision": 54.918,
    "recall": 50.0,
    "f-score": 52.3438
  },
  "KL_res": {
    "KL divergence": 0.9221492766429578,
    "Euclidean Dist.": 0.12209967176679584,
    "WER": 0.62,
    "CER": 0.5232474964234621,
    "Cosine Dist.": 0.0664981730398908
  },
  "occ_eval_res": {
    "precision": 64.1414,
    "recall": 72.5714,
    "f-score": 68.0965
  },
  "clean_eval": {
    "f-score": 33.795013850415515,
    "precision": 36.09467455621302,
    "recall": 31.770833333333332,
    "tp": 122,
    "fp": 216,
    "fn": 262
  },
  "jaccard": [
    0.4011676396997498
  ],
  "braycurtis": [
    0.17925325223855382
  ],
  "dice": [
    0.2509128847157016
  ],
  "cosinus": [
    0.03902442154057473
  ]
}