{
  "voc_eval_res": {
    "precision": 45.8333,
    "recall": 34.375,
    "f-score": 39.2857
  },
  "KL_res": {
    "KL divergence": 4.247825499011343,
    "Euclidean Dist.": 0.2482934954120739,
    "WER": 0.8571428571428571,
    "CER": 0.6961038961038961,
    "Cosine Dist.": 0.4680500009499766
  },
  "occ_eval_res": {
    "precision": 42.8571,
    "recall": 28.5714,
    "f-score": 34.2857
  },
  "clean_eval": {
    "f-score": 23.333333333333332,
    "precision": 17.94871794871795,
    "recall": 33.33333333333333,
    "tp": 7,
    "fp": 32,
    "fn": 14
  },
  "jaccard": [
    0.6534653465346535
  ],
  "braycurtis": [
    0.5308848080133556
  ],
  "dice": [
    0.4852941176470588
  ],
  "cosinus": [
    0.34790959691390144
  ]
}