{
  "voc_eval_res": {
    "precision": 52.6316,
    "recall": 25.641,
    "f-score": 34.4828
  },
  "KL_res": {
    "KL divergence": 4.183151715495856,
    "Euclidean Dist.": 0.2453227121015163,
    "WER": 0.7954545454545454,
    "CER": 0.70625,
    "Cosine Dist.": 0.40258868619389354
  },
  "occ_eval_res": {
    "precision": 52.381,
    "recall": 25.0,
    "f-score": 33.8462
  },
  "clean_eval": {
    "f-score": 30.769230769230766,
    "precision": 22.727272727272727,
    "recall": 47.61904761904761,
    "tp": 10,
    "fp": 34,
    "fn": 11
  },
  "jaccard": [
    0.6615720524017468
  ],
  "braycurtis": [
    0.5329087048832272
  ],
  "dice": [
    0.49429037520391517
  ],
  "cosinus": [
    0.30304121220123437
  ]
}