{
  "voc_eval_res": {
    "precision": 71.0246,
    "recall": 88.6864,
    "f-score": 78.8789
  },
  "KL_res": {
    "KL divergence": 0.08424303106958199,
    "Euclidean Dist.": 0.013685053113123806,
    "WER": 0.20739199365834324,
    "CER": 0.1072623709505162,
    "Cosine Dist.": 0.0036066315217053724
  },
  "occ_eval_res": {
    "precision": 84.7863,
    "recall": 93.7673,
    "f-score": 89.051
  },
  "clean_eval": {
    "f-score": 76.74974707992274,
    "precision": 82.02280322390408,
    "recall": 72.11372277912201,
    "tp": 8345,
    "fp": 1829,
    "fn": 3227
  },
  "jaccard": [
    0.38863783085861847
  ],
  "braycurtis": [
    0.09281192900026103
  ],
  "dice": [
    0.24118589743589744
  ],
  "cosinus": [
    0.006500260953703485
  ]
}