{
  "voc_eval_res": {
    "precision": 18.3673,
    "recall": 25.3521,
    "f-score": 21.3018
  },
  "KL_res": {
    "KL divergence": 3.698750343839465,
    "Euclidean Dist.": 0.216478878434935,
    "WER": 1.5471698113207548,
    "CER": 0.8678787878787879,
    "Cosine Dist.": 0.5840901804283167
  },
  "occ_eval_res": {
    "precision": 15.2047,
    "recall": 24.5283,
    "f-score": 18.7726
  },
  "clean_eval": {
    "f-score": 7.905138339920947,
    "precision": 10.309278350515463,
    "recall": 6.41025641025641,
    "tp": 10,
    "fp": 87,
    "fn": 146
  },
  "jaccard": [
    0.7321624588364435
  ],
  "braycurtis": [
    0.49433962264150944
  ],
  "dice": [
    0.5774891774891775
  ],
  "cosinus": [
    0.22179645244130097
  ]
}