{
  "voc_eval_res": {
    "precision": 22.9814,
    "recall": 18.3168,
    "f-score": 20.3857
  },
  "KL_res": {
    "KL divergence": 3.220257778998947,
    "Euclidean Dist.": 0.14484475497505017,
    "WER": 0.9207317073170732,
    "CER": 0.6810273405136703,
    "Cosine Dist.": 0.34589932227454334
  },
  "occ_eval_res": {
    "precision": 29.6296,
    "recall": 24.3902,
    "f-score": 26.7559
  },
  "clean_eval": {
    "f-score": 6.204379562043797,
    "precision": 5.573770491803279,
    "recall": 6.995884773662551,
    "tp": 17,
    "fp": 288,
    "fn": 226
  },
  "jaccard": [
    0.7457627118644068
  ],
  "braycurtis": [
    0.39664170637621965
  ],
  "dice": [
    0.5945945945945946
  ],
  "cosinus": [
    0.1210789907756672
  ]
}