{
  "voc_eval_res": {
    "precision": 15.894,
    "recall": 18.0451,
    "f-score": 16.9014
  },
  "KL_res": {
    "KL divergence": 3.8972475182954405,
    "Euclidean Dist.": 0.24799669997559906,
    "WER": 1.100502512562814,
    "CER": 0.8507358093903293,
    "Cosine Dist.": 0.24461567253942296
  },
  "occ_eval_res": {
    "precision": 21.0744,
    "recall": 25.6281,
    "f-score": 23.1293
  },
  "clean_eval": {
    "f-score": 6.220095693779904,
    "precision": 6.701030927835052,
    "recall": 5.803571428571429,
    "tp": 13,
    "fp": 181,
    "fn": 211
  },
  "jaccard": [
    0.7451690821256038
  ],
  "braycurtis": [
    0.5227489659560929
  ],
  "dice": [
    0.5938402309913379
  ],
  "cosinus": [
    0.22948321847661013
  ]
}