{
  "voc_eval_res": {
    "precision": 32.4022,
    "recall": 31.016,
    "f-score": 31.694
  },
  "KL_res": {
    "KL divergence": 2.03642106442295,
    "Euclidean Dist.": 0.23534860905265653,
    "WER": 1.08359133126935,
    "CER": 0.7151335311572701,
    "Cosine Dist.": 0.3621652722061752
  },
  "occ_eval_res": {
    "precision": 33.4928,
    "recall": 43.3437,
    "f-score": 37.7868
  },
  "clean_eval": {
    "f-score": 4.160887656033288,
    "precision": 4.807692307692308,
    "recall": 3.6674816625916873,
    "tp": 15,
    "fp": 297,
    "fn": 394
  },
  "jaccard": [
    0.6600117439812097
  ],
  "braycurtis": [
    0.3868579361406756
  ],
  "dice": [
    0.4925503943908852
  ],
  "cosinus": [
    0.23660863367683072
  ]
}