{
  "voc_eval_res": {
    "precision": 46.6667,
    "recall": 48.8372,
    "f-score": 47.7273
  },
  "KL_res": {
    "KL divergence": 1.9540366905961715,
    "Euclidean Dist.": 0.13989932272082814,
    "WER": 0.6296296296296297,
    "CER": 0.5106382978723404,
    "Cosine Dist.": 0.15804654754427727
  },
  "occ_eval_res": {
    "precision": 53.5714,
    "recall": 55.5556,
    "f-score": 54.5455
  },
  "clean_eval": {
    "f-score": 54.36893203883495,
    "precision": 54.90196078431373,
    "recall": 53.84615384615385,
    "tp": 28,
    "fp": 23,
    "fn": 24
  },
  "jaccard": [
    0.4343283582089552
  ],
  "braycurtis": [
    0.2458442694663167
  ],
  "dice": [
    0.27740705433746427
  ],
  "cosinus": [
    0.07694822044735172
  ]
}