{
  "voc_eval_res": {
    "precision": 45.6942,
    "recall": 33.3333,
    "f-score": 38.5471
  },
  "KL_res": {
    "KL divergence": 2.29953101545128,
    "Euclidean Dist.": 0.07239208453721546,
    "WER": 0.7693588676103247,
    "CER": 0.5623409669211196,
    "Cosine Dist.": 0.5009453573237408
  },
  "occ_eval_res": {
    "precision": 46.2942,
    "recall": 33.8052,
    "f-score": 39.076
  },
  "clean_eval": {
    "f-score": 30.134261561412234,
    "precision": 25.96401028277635,
    "recall": 35.90047393364929,
    "tp": 303,
    "fp": 864,
    "fn": 541
  },
  "jaccard": [
    0.45838150289017343
  ],
  "braycurtis": [
    0.2660466122316552
  ],
  "dice": [
    0.29733783277090364
  ],
  "cosinus": [
    0.09888822065634106
  ]
}