{
  "voc_eval_res": {
    "precision": 45.7023,
    "recall": 34.4392,
    "f-score": 39.2793
  },
  "KL_res": {
    "KL divergence": 1.4664082552358009,
    "Euclidean Dist.": 0.05789099396342764,
    "WER": 0.7217391304347827,
    "CER": 0.5186222005842259,
    "Cosine Dist.": 0.1459240223163839
  },
  "occ_eval_res": {
    "precision": 52.5296,
    "recall": 47.1498,
    "f-score": 49.6945
  },
  "clean_eval": {
    "f-score": 30.914127423822713,
    "precision": 29.123173277661795,
    "recall": 32.93978748524203,
    "tp": 279,
    "fp": 679,
    "fn": 568
  },
  "jaccard": [
    0.4920531949399935
  ],
  "braycurtis": [
    0.207147258163894
  ],
  "dice": [
    0.3263067326306733
  ],
  "cosinus": [
    0.0419644415252719
  ]
}