{
  "voc_eval_res": {
    "precision": 29.3269,
    "recall": 18.429,
    "f-score": 22.6345
  },
  "KL_res": {
    "KL divergence": 3.098636714659089,
    "Euclidean Dist.": 0.17408755518598423,
    "WER": 0.874468085106383,
    "CER": 0.6838006230529595,
    "Cosine Dist.": 0.5378835349094655
  },
  "occ_eval_res": {
    "precision": 31.2039,
    "recall": 27.0213,
    "f-score": 28.9624
  },
  "clean_eval": {
    "f-score": 11.497005988023952,
    "precision": 10.762331838565023,
    "recall": 12.339331619537274,
    "tp": 48,
    "fp": 398,
    "fn": 341
  },
  "jaccard": [
    0.679160419790105
  ],
  "braycurtis": [
    0.3991269098846274
  ],
  "dice": [
    0.5141884222474461
  ],
  "cosinus": [
    0.24871998760490632
  ]
}