{
  "voc_eval_res": {
    "precision": 52.1127,
    "recall": 34.9057,
    "f-score": 41.8079
  },
  "KL_res": {
    "KL divergence": 1.9667488145745315,
    "Euclidean Dist.": 0.1406654974165912,
    "WER": 0.7513812154696132,
    "CER": 0.6032467532467533,
    "Cosine Dist.": 0.19983485281355284
  },
  "occ_eval_res": {
    "precision": 57.554,
    "recall": 44.1989,
    "f-score": 50.0
  },
  "clean_eval": {
    "f-score": 33.116883116883116,
    "precision": 29.82456140350877,
    "recall": 37.22627737226277,
    "tp": 51,
    "fp": 120,
    "fn": 86
  },
  "jaccard": [
    0.5333333333333333
  ],
  "braycurtis": [
    0.3139029688631427
  ],
  "dice": [
    0.36363636363636365
  ],
  "cosinus": [
    0.1219473244649032
  ]
}