{
  "voc_eval_res": {
    "precision": 42.8571,
    "recall": 18.3673,
    "f-score": 25.7143
  },
  "KL_res": {
    "KL divergence": 3.23592593350194,
    "Euclidean Dist.": 0.15975054197158078,
    "WER": 0.7882037533512064,
    "CER": 0.6002317497103129,
    "Cosine Dist.": 0.2379624203039512
  },
  "occ_eval_res": {
    "precision": 50.9901,
    "recall": 27.6139,
    "f-score": 35.8261
  },
  "clean_eval": {
    "f-score": 25.0,
    "precision": 19.101123595505616,
    "recall": 36.17021276595745,
    "tp": 68,
    "fp": 288,
    "fn": 120
  },
  "jaccard": [
    0.6856504745951982
  ],
  "braycurtis": [
    0.3852596314907873
  ],
  "dice": [
    0.5216652506372133
  ],
  "cosinus": [
    0.10993018376377384
  ]
}