{
  "voc_eval_res": {
    "precision": 41.8733,
    "recall": 42.4581,
    "f-score": 42.1637
  },
  "KL_res": {
    "KL divergence": 1.5367735777810938,
    "Euclidean Dist.": 0.05197536870050301,
    "WER": 0.7469879518072289,
    "CER": 0.5542194545844965,
    "Cosine Dist.": 0.06843365275560875
  },
  "occ_eval_res": {
    "precision": 50.0942,
    "recall": 53.4137,
    "f-score": 51.7007
  },
  "clean_eval": {
    "f-score": 34.232365145228215,
    "precision": 35.560344827586206,
    "recall": 33.0,
    "tp": 165,
    "fp": 299,
    "fn": 335
  },
  "jaccard": [
    0.44155339805825244
  ],
  "braycurtis": [
    0.19058388157894737
  ],
  "dice": [
    0.2833291801644655
  ],
  "cosinus": [
    0.024845457497587042
  ]
}