{
  "voc_eval_res": {
    "precision": 47.013,
    "recall": 18.8542,
    "f-score": 26.9145
  },
  "KL_res": {
    "KL divergence": 3.3261661855384776,
    "Euclidean Dist.": 0.18837563754612052,
    "WER": 0.88366124893071,
    "CER": 0.654464368670445,
    "Cosine Dist.": 0.6958736826667244
  },
  "occ_eval_res": {
    "precision": 51.497,
    "recall": 14.7134,
    "f-score": 22.8876
  },
  "clean_eval": {
    "f-score": 18.602993585174627,
    "precision": 12.11136890951276,
    "recall": 40.09216589861751,
    "tp": 261,
    "fp": 1894,
    "fn": 390
  },
  "jaccard": [
    0.6901324896183508
  ],
  "braycurtis": [
    0.4203883495145631
  ],
  "dice": [
    0.5268719806763285
  ],
  "cosinus": [
    0.2090265134620387
  ]
}