{
  "voc_eval_res": {
    "precision": 47.0054,
    "recall": 23.7833,
    "f-score": 31.5854
  },
  "KL_res": {
    "KL divergence": 3.317735221317572,
    "Euclidean Dist.": 0.4689971395057911,
    "WER": 0.9435975609756098,
    "CER": 0.6649687808084127,
    "Cosine Dist.": 0.9222571685715714
  },
  "occ_eval_res": {
    "precision": 28.9522,
    "recall": 18.2165,
    "f-score": 22.3626
  },
  "clean_eval": {
    "f-score": 16.94002447980416,
    "precision": 14.116687066503466,
    "recall": 21.1750305997552,
    "tp": 346,
    "fp": 2105,
    "fn": 1288
  },
  "jaccard": [
    0.6673189823874756
  ],
  "braycurtis": [
    0.46638294213739145
  ],
  "dice": [
    0.5007342143906021
  ],
  "cosinus": [
    0.6149858526101785
  ]
}