{
  "voc_eval_res": {
    "precision": 79.0323,
    "recall": 61.5063,
    "f-score": 69.1765
  },
  "KL_res": {
    "KL divergence": 0.3699570972613634,
    "Euclidean Dist.": 0.06239734649761574,
    "WER": 0.3283514492753623,
    "CER": 0.23233126557446582,
    "Cosine Dist.": 0.0763689420186896
  },
  "occ_eval_res": {
    "precision": 80.948,
    "recall": 79.6649,
    "f-score": 80.3013
  },
  "clean_eval": {
    "f-score": 70.44928207503473,
    "precision": 69.70669110907424,
    "recall": 71.20786516853933,
    "tp": 1521,
    "fp": 661,
    "fn": 615
  },
  "jaccard": [
    0.33455778468493924
  ],
  "braycurtis": [
    0.08168187060920624
  ],
  "dice": [
    0.20088225313878522
  ],
  "cosinus": [
    0.008120467526675612
  ]
}