{
  "voc_eval_res": {
    "precision": 14.0625,
    "recall": 7.3569,
    "f-score": 9.6601
  },
  "KL_res": {
    "KL divergence": 3.861811626169771,
    "Euclidean Dist.": 0.18160508327283736,
    "WER": 1.0979498861047836,
    "CER": 0.7524395417904115,
    "Cosine Dist.": 0.4953088639512978
  },
  "occ_eval_res": {
    "precision": 14.7002,
    "recall": 17.3121,
    "f-score": 15.8996
  },
  "clean_eval": {
    "f-score": 2.491506228765572,
    "precision": 2.657004830917874,
    "recall": 2.345415778251599,
    "tp": 11,
    "fp": 403,
    "fn": 458
  },
  "jaccard": [
    0.6101278269419862
  ],
  "braycurtis": [
    0.39061172472387423
  ],
  "dice": [
    0.4389812522108242
  ],
  "cosinus": [
    0.19193904830121156
  ]
}