{
  "voc_eval_res": {
    "precision": 10.3448,
    "recall": 0.7212,
    "f-score": 1.3483
  },
  "KL_res": {
    "KL divergence": 5.649888345163708,
    "Euclidean Dist.": 0.40474019611259865,
    "WER": 0.9895615866388309,
    "CER": 0.8670082423702383,
    "Cosine Dist.": 0.9149370692001166
  },
  "occ_eval_res": {
    "precision": 5.5046,
    "recall": 1.2526,
    "f-score": 2.0408
  },
  "clean_eval": {
    "f-score": 1.8281535648994516,
    "precision": 1.1363636363636365,
    "recall": 4.672897196261682,
    "tp": 5,
    "fp": 435,
    "fn": 102
  },
  "jaccard": [
    0.8756947953511874
  ],
  "braycurtis": [
    0.7918781725888325
  ],
  "dice": [
    0.778876404494382
  ],
  "cosinus": [
    0.4480772746411127
  ]
}