{
  "voc_eval_res": {
    "precision": 21.7391,
    "recall": 19.6629,
    "f-score": 20.649
  },
  "KL_res": {
    "KL divergence": 2.6487695623353202,
    "Euclidean Dist.": 0.1845421632168282,
    "WER": 0.9109195402298851,
    "CER": 0.670904467853251,
    "Cosine Dist.": 0.4091562683086285
  },
  "occ_eval_res": {
    "precision": 31.4815,
    "recall": 24.4253,
    "f-score": 27.5081
  },
  "clean_eval": {
    "f-score": 6.260869565217391,
    "precision": 5.421686746987952,
    "recall": 7.4074074074074066,
    "tp": 18,
    "fp": 314,
    "fn": 225
  },
  "jaccard": [
    0.7335722819593787
  ],
  "braycurtis": [
    0.4203325615659861
  ],
  "dice": [
    0.5792452830188679
  ],
  "cosinus": [
    0.14176163684315024
  ]
}