{
  "voc_eval_res": {
    "precision": 35.9375,
    "recall": 24.4681,
    "f-score": 29.1139
  },
  "KL_res": {
    "KL divergence": 3.333947149764162,
    "Euclidean Dist.": 0.19237682488487898,
    "WER": 0.8294117647058824,
    "CER": 0.6737072104879825,
    "Cosine Dist.": 0.3817909907615187
  },
  "occ_eval_res": {
    "precision": 49.0196,
    "recall": 29.4118,
    "f-score": 36.7647
  },
  "clean_eval": {
    "f-score": 19.083969465648856,
    "precision": 15.060240963855422,
    "recall": 26.041666666666668,
    "tp": 25,
    "fp": 141,
    "fn": 71
  },
  "jaccard": [
    0.5947630922693267
  ],
  "braycurtis": [
    0.43847566574839303
  ],
  "dice": [
    0.42324755989352264
  ],
  "cosinus": [
    0.14812616256200606
  ]
}