{
  "voc_eval_res": {
    "precision": 18.3673,
    "recall": 25.7143,
    "f-score": 21.4286
  },
  "KL_res": {
    "KL divergence": 3.5920825547911814,
    "Euclidean Dist.": 0.20719176928014424,
    "WER": 1.6428571428571428,
    "CER": 0.9073107049608355,
    "Cosine Dist.": 0.521042192587903
  },
  "occ_eval_res": {
    "precision": 15.2047,
    "recall": 26.5306,
    "f-score": 19.3309
  },
  "clean_eval": {
    "f-score": 8.0,
    "precision": 10.638297872340425,
    "recall": 6.41025641025641,
    "tp": 10,
    "fp": 84,
    "fn": 146
  },
  "jaccard": [
    0.7242937853107345
  ],
  "braycurtis": [
    0.5103409726103969
  ],
  "dice": [
    0.5677590788308238
  ],
  "cosinus": [
    0.21374529405837905
  ]
}