{
  "voc_eval_res": {
    "precision": 20.8309,
    "recall": 42.7099,
    "f-score": 28.0036
  },
  "KL_res": {
    "KL divergence": 0.4150686834878548,
    "Euclidean Dist.": 0.04324668141724733,
    "WER": 0.5950946790704029,
    "CER": 0.20491040236084343,
    "Cosine Dist.": 0.07997230295989721
  },
  "occ_eval_res": {
    "precision": 55.5,
    "recall": 54.6463,
    "f-score": 55.0699
  },
  "clean_eval": {
    "f-score": 39.42826160785038,
    "precision": 38.14750337226328,
    "recall": 40.7980074474119,
    "tp": 33088,
    "fp": 53649,
    "fn": 48014
  },
  "jaccard": [
    0.6725192707696073
  ],
  "braycurtis": [
    0.1791132705677543
  ],
  "dice": [
    0.5066132079819347
  ],
  "cosinus": [
    0.026367175121427278
  ]
}