{
  "voc_eval_res": {
    "precision": 5.7377,
    "recall": 18.9189,
    "f-score": 8.805
  },
  "KL_res": {
    "KL divergence": 5.086327664833582,
    "Euclidean Dist.": 0.3014206157623404,
    "WER": 8.41025641025641,
    "CER": 9.784722222222221,
    "Cosine Dist.": 0.5372628078606744
  },
  "occ_eval_res": {
    "precision": 2.6706,
    "recall": 23.0769,
    "f-score": 4.7872
  },
  "clean_eval": {
    "f-score": 1.694915254237288,
    "precision": 8.333333333333332,
    "recall": 0.9433962264150944,
    "tp": 3,
    "fp": 33,
    "fn": 315
  },
  "jaccard": [
    0.8088851634534786
  ],
  "braycurtis": [
    0.8768911302284189
  ],
  "dice": [
    0.6790992258972555
  ],
  "cosinus": [
    0.29094768996542286
  ]
}