{
  "voc_eval_res": {
    "precision": 6.7797,
    "recall": 40.0,
    "f-score": 11.5942
  },
  "KL_res": {
    "KL divergence": 3.462163105216072,
    "Euclidean Dist.": 0.27894166913735535,
    "WER": 15.0,
    "CER": 14.808219178082192,
    "Cosine Dist.": 0.347240685291623
  },
  "occ_eval_res": {
    "precision": 3.0899,
    "recall": 47.8261,
    "f-score": 5.8047
  },
  "clean_eval": {
    "f-score": 2.666666666666667,
    "precision": 21.73913043478261,
    "recall": 1.4204545454545454,
    "tp": 5,
    "fp": 18,
    "fn": 347
  },
  "jaccard": [
    0.8192999053926207
  ],
  "braycurtis": [
    0.8953678474114442
  ],
  "dice": [
    0.6939102564102564
  ],
  "cosinus": [
    0.16134242921662623
  ]
}