{
  "voc_eval_res": {
    "precision": 4.7619,
    "recall": 50.0,
    "f-score": 8.6957
  },
  "KL_res": {
    "KL divergence": 2.494632027980931,
    "Euclidean Dist.": 0.29684928269554245,
    "WER": 22.9375,
    "CER": 22.707792207792206,
    "Cosine Dist.": 0.2369411372741459
  },
  "occ_eval_res": {
    "precision": 2.6525,
    "recall": 62.5,
    "f-score": 5.0891
  },
  "clean_eval": {
    "f-score": 2.1447721179624666,
    "precision": 25.0,
    "recall": 1.1204481792717087,
    "tp": 4,
    "fp": 12,
    "fn": 353
  },
  "jaccard": [
    0.8617305976806423
  ],
  "braycurtis": [
    0.9245332632132527
  ],
  "dice": [
    0.7570532915360502
  ],
  "cosinus": [
    0.17321848932885442
  ]
}