{
  "voc_eval_res": {
    "precision": 29.2308,
    "recall": 23.0024,
    "f-score": 25.7453
  },
  "KL_res": {
    "KL divergence": 1.8708169424713497,
    "Euclidean Dist.": 0.12033511619154325,
    "WER": 0.7711627906976745,
    "CER": 0.5765071329958582,
    "Cosine Dist.": 0.12405455438675395
  },
  "occ_eval_res": {
    "precision": 45.0923,
    "recall": 43.1628,
    "f-score": 44.1065
  },
  "clean_eval": {
    "f-score": 17.148362235067438,
    "precision": 16.872037914691944,
    "recall": 17.43388834476004,
    "tp": 178,
    "fp": 877,
    "fn": 843
  },
  "jaccard": [
    0.5405504587155964
  ],
  "braycurtis": [
    0.2474472807991121
  ],
  "dice": [
    0.3703796831782751
  ],
  "cosinus": [
    0.04822475250384872
  ]
}