{
  "voc_eval_res": {
    "precision": 51.3514,
    "recall": 26.9504,
    "f-score": 35.3488
  },
  "KL_res": {
    "KL divergence": 1.9346902893739084,
    "Euclidean Dist.": 0.12962743033374913,
    "WER": 0.6247443762781186,
    "CER": 0.43285494618144543,
    "Cosine Dist.": 0.07602276394530172
  },
  "occ_eval_res": {
    "precision": 66.4212,
    "recall": 46.1145,
    "f-score": 54.4357
  },
  "clean_eval": {
    "f-score": 27.975460122699385,
    "precision": 23.774765380604794,
    "recall": 33.97913561847988,
    "tp": 228,
    "fp": 731,
    "fn": 443
  },
  "jaccard": [
    0.5383683360258481
  ],
  "braycurtis": [
    0.20672539149888144
  ],
  "dice": [
    0.36833379386570875
  ],
  "cosinus": [
    0.03545020221043582
  ]
}