{
  "voc_eval_res": {
    "precision": 2.6076,
    "recall": 12.4224,
    "f-score": 4.3103
  },
  "KL_res": {
    "KL divergence": 3.1788008014044995,
    "Euclidean Dist.": 0.16398872439998002,
    "WER": 4.286290322580645,
    "CER": 4.4704813805631245,
    "Cosine Dist.": 0.30520837914513677
  },
  "occ_eval_res": {
    "precision": 6.8627,
    "recall": 31.0484,
    "f-score": 11.2409
  },
  "clean_eval": {
    "f-score": 0.6849315068493153,
    "precision": 1.6,
    "recall": 0.4357298474945534,
    "tp": 4,
    "fp": 246,
    "fn": 914
  },
  "jaccard": [
    0.8870114006514658
  ],
  "braycurtis": [
    0.7876751501286817
  ],
  "dice": [
    0.7969635997805012
  ],
  "cosinus": [
    0.33981767859595946
  ]
}