{
  "voc_eval_res": {
    "precision": 69.5238,
    "recall": 48.1848,
    "f-score": 56.9201
  },
  "KL_res": {
    "KL divergence": 1.0719559943238492,
    "Euclidean Dist.": 0.10234708519790053,
    "WER": 0.4713064713064713,
    "CER": 0.35196850393700785,
    "Cosine Dist.": 0.045219370693396765
  },
  "occ_eval_res": {
    "precision": 71.9415,
    "recall": 66.0562,
    "f-score": 68.8733
  },
  "clean_eval": {
    "f-score": 48.89753566796368,
    "precision": 47.24310776942356,
    "recall": 50.67204301075269,
    "tp": 377,
    "fp": 421,
    "fn": 367
  },
  "jaccard": [
    0.4093045112781955
  ],
  "braycurtis": [
    0.15908473655621944
  ],
  "dice": [
    0.2573116691285081
  ],
  "cosinus": [
    0.026697423585897995
  ]
}