{
  "voc_eval_res": {
    "precision": 74.3719,
    "recall": 48.366,
    "f-score": 58.6139
  },
  "KL_res": {
    "KL divergence": 1.5219410270623932,
    "Euclidean Dist.": 0.13385368306473622,
    "WER": 0.5219512195121951,
    "CER": 0.388914983560357,
    "Cosine Dist.": 0.1620420675308074
  },
  "occ_eval_res": {
    "precision": 75.8389,
    "recall": 55.122,
    "f-score": 63.8418
  },
  "clean_eval": {
    "f-score": 40.45911047345768,
    "precision": 35.03105590062112,
    "recall": 47.87775891341256,
    "tp": 282,
    "fp": 523,
    "fn": 307
  },
  "jaccard": [
    0.35408770979967513
  ],
  "braycurtis": [
    0.20638690947479546
  ],
  "dice": [
    0.21513157894736842
  ],
  "cosinus": [
    0.06939529951274503
  ]
}