{
  "voc_eval_res": {
    "precision": 71.6216,
    "recall": 46.6276,
    "f-score": 56.4831
  },
  "KL_res": {
    "KL divergence": 1.178478210124851,
    "Euclidean Dist.": 0.09971564936175113,
    "WER": 0.4763636363636364,
    "CER": 0.3577994237892715,
    "Cosine Dist.": 0.039149220695236076
  },
  "occ_eval_res": {
    "precision": 75.2577,
    "recall": 61.9394,
    "f-score": 67.9521
  },
  "clean_eval": {
    "f-score": 46.216768916155424,
    "precision": 42.58793969849246,
    "recall": 50.52160953800298,
    "tp": 339,
    "fp": 457,
    "fn": 332
  },
  "jaccard": [
    0.4195957820738137
  ],
  "braycurtis": [
    0.16653374900311751
  ],
  "dice": [
    0.26549902696691685
  ],
  "cosinus": [
    0.026645115528459606
  ]
}