{
  "voc_eval_res": {
    "precision": 53.7313,
    "recall": 29.5082,
    "f-score": 38.0952
  },
  "KL_res": {
    "KL divergence": 1.1893788124605384,
    "Euclidean Dist.": 0.12175420687185591,
    "WER": 0.6740412979351033,
    "CER": 0.4926758819888591,
    "Cosine Dist.": 0.06744494318280259
  },
  "occ_eval_res": {
    "precision": 62.88,
    "recall": 57.9646,
    "f-score": 60.3223
  },
  "clean_eval": {
    "f-score": 13.500482160077143,
    "precision": 12.987012987012985,
    "recall": 14.056224899598394,
    "tp": 70,
    "fp": 469,
    "fn": 428
  },
  "jaccard": [
    0.5423340961098398
  ],
  "braycurtis": [
    0.23237840065952184
  ],
  "dice": [
    0.37205651491365777
  ],
  "cosinus": [
    0.05040462898610043
  ]
}