{
  "voc_eval_res": {
    "precision": 34.2007,
    "recall": 19.7002,
    "f-score": 25.0
  },
  "KL_res": {
    "KL divergence": 2.490070885290322,
    "Euclidean Dist.": 0.2609983455118854,
    "WER": 0.963669391462307,
    "CER": 0.7588166903500839,
    "Cosine Dist.": 0.565994555634264
  },
  "occ_eval_res": {
    "precision": 29.8203,
    "recall": 33.1517,
    "f-score": 31.3978
  },
  "clean_eval": {
    "f-score": 8.742632612966602,
    "precision": 8.6073500967118,
    "recall": 8.882235528942116,
    "tp": 89,
    "fp": 945,
    "fn": 913
  },
  "jaccard": [
    0.6313348790990394
  ],
  "braycurtis": [
    0.42247151415482204
  ],
  "dice": [
    0.4612778315585673
  ],
  "cosinus": [
    0.30942345566292895
  ]
}