{
  "voc_eval_res": {
    "precision": 46.6667,
    "recall": 35.8974,
    "f-score": 40.5797
  },
  "KL_res": {
    "KL divergence": 3.1746277380890486,
    "Euclidean Dist.": 0.19088670683736206,
    "WER": 0.7538461538461538,
    "CER": 0.5372384937238494,
    "Cosine Dist.": 0.47929500506190303
  },
  "occ_eval_res": {
    "precision": 43.6893,
    "recall": 34.6154,
    "f-score": 38.6266
  },
  "clean_eval": {
    "f-score": 29.074889867841403,
    "precision": 25.984251968503933,
    "recall": 33.0,
    "tp": 33,
    "fp": 94,
    "fn": 67
  },
  "jaccard": [
    0.48263473053892214
  ],
  "braycurtis": [
    0.3007688828584351
  ],
  "dice": [
    0.3180741910023678
  ],
  "cosinus": [
    0.101473325492494
  ]
}