{
  "voc_eval_res": {
    "precision": 37.5,
    "recall": 2.5,
    "f-score": 4.6875
  },
  "KL_res": {
    "KL divergence": 5.384204126437235,
    "Euclidean Dist.": 0.3234622099140375,
    "WER": 0.9703703703703703,
    "CER": 0.8605313092979127,
    "Cosine Dist.": 0.8965405779683892
  },
  "occ_eval_res": {
    "precision": 28.0374,
    "recall": 3.1746,
    "f-score": 5.7034
  },
  "clean_eval": {
    "f-score": 4.046858359957401,
    "precision": 2.2700119474313025,
    "recall": 18.627450980392158,
    "tp": 19,
    "fp": 818,
    "fn": 83
  },
  "jaccard": [
    0.8492569002123143
  ],
  "braycurtis": [
    0.7759533898305084
  ],
  "dice": [
    0.7380073800738007
  ],
  "cosinus": [
    0.4251552414033276
  ]
}