{
  "voc_eval_res": {
    "precision": 41.1765,
    "recall": 3.139,
    "f-score": 5.8333
  },
  "KL_res": {
    "KL divergence": 5.277557129483699,
    "Euclidean Dist.": 0.4179764831783145,
    "WER": 0.9377289377289377,
    "CER": 0.7919299951385513,
    "Cosine Dist.": 0.5735089838055356
  },
  "occ_eval_res": {
    "precision": 35.2941,
    "recall": 6.5934,
    "f-score": 11.1111
  },
  "clean_eval": {
    "f-score": 10.19108280254777,
    "precision": 6.037735849056604,
    "recall": 32.6530612244898,
    "tp": 16,
    "fp": 249,
    "fn": 33
  },
  "jaccard": [
    0.853183520599251
  ],
  "braycurtis": [
    0.6787785079242366
  ],
  "dice": [
    0.743958197256695
  ],
  "cosinus": [
    0.3464809116629076
  ]
}