{
  "voc_eval_res": {
    "precision": 66.5428,
    "recall": 37.6842,
    "f-score": 48.1183
  },
  "KL_res": {
    "KL divergence": 2.1068398687607433,
    "Euclidean Dist.": 0.3911029944836168,
    "WER": 0.8463219227967953,
    "CER": 0.6709075487701441,
    "Cosine Dist.": 0.7773993064411361
  },
  "occ_eval_res": {
    "precision": 42.4837,
    "recall": 37.8733,
    "f-score": 40.0462
  },
  "clean_eval": {
    "f-score": 21.726062687848863,
    "precision": 19.065561416729466,
    "recall": 25.24950099800399,
    "tp": 253,
    "fp": 1074,
    "fn": 749
  },
  "jaccard": [
    0.4656956688386355
  ],
  "braycurtis": [
    0.37246986262966075
  ],
  "dice": [
    0.3035223582313265
  ],
  "cosinus": [
    0.4383801338053097
  ]
}