{
  "voc_eval_res": {
    "precision": 55.9701,
    "recall": 31.3808,
    "f-score": 40.2145
  },
  "KL_res": {
    "KL divergence": 1.196934061652137,
    "Euclidean Dist.": 0.12224535836746132,
    "WER": 0.6437956204379562,
    "CER": 0.46394474913670525,
    "Cosine Dist.": 0.06976547326719951
  },
  "occ_eval_res": {
    "precision": 64.64,
    "recall": 58.9781,
    "f-score": 61.6794
  },
  "clean_eval": {
    "f-score": 19.8501872659176,
    "precision": 18.596491228070175,
    "recall": 21.285140562248998,
    "tp": 106,
    "fp": 464,
    "fn": 392
  },
  "jaccard": [
    0.49851101846337104
  ],
  "braycurtis": [
    0.198591693029901
  ],
  "dice": [
    0.332011106703689
  ],
  "cosinus": [
    0.03296077749708226
  ]
}