{
  "voc_eval_res": {
    "precision": 73.8318,
    "recall": 29.368,
    "f-score": 42.0213
  },
  "KL_res": {
    "KL divergence": 2.055156911867442,
    "Euclidean Dist.": 0.16236219620075837,
    "WER": 0.6405353728489483,
    "CER": 0.585216572504708,
    "Cosine Dist.": 0.22172650235214897
  },
  "occ_eval_res": {
    "precision": 77.0909,
    "recall": 40.5354,
    "f-score": 53.1328
  },
  "clean_eval": {
    "f-score": 30.38961038961039,
    "precision": 23.400000000000002,
    "recall": 43.333333333333336,
    "tp": 117,
    "fp": 383,
    "fn": 153
  },
  "jaccard": [
    0.5069908814589665
  ],
  "braycurtis": [
    0.37959373546286246
  ],
  "dice": [
    0.33957654723127034
  ],
  "cosinus": [
    0.19401520990785526
  ]
}