{
  "voc_eval_res": {
    "precision": 79.3103,
    "recall": 44.373,
    "f-score": 56.9072
  },
  "KL_res": {
    "KL divergence": 1.6139724566099165,
    "Euclidean Dist.": 0.13885275278692785,
    "WER": 0.559322033898305,
    "CER": 0.39336398161103336,
    "Cosine Dist.": 0.1902036132547088
  },
  "occ_eval_res": {
    "precision": 76.7782,
    "recall": 51.8362,
    "f-score": 61.8887
  },
  "clean_eval": {
    "f-score": 41.49305555555555,
    "precision": 34.99267935578331,
    "recall": 50.95948827292111,
    "tp": 239,
    "fp": 444,
    "fn": 230
  },
  "jaccard": [
    0.4027548209366391
  ],
  "braycurtis": [
    0.20217917675544794
  ],
  "dice": [
    0.25215591583304586
  ],
  "cosinus": [
    0.06648662503820335
  ]
}