{
  "voc_eval_res": {
    "precision": 52.6042,
    "recall": 44.1048,
    "f-score": 47.981
  },
  "KL_res": {
    "KL divergence": 1.0143693975109749,
    "Euclidean Dist.": 0.07905429593236397,
    "WER": 0.6420454545454546,
    "CER": 0.5184231378763867,
    "Cosine Dist.": 0.04530731258452836
  },
  "occ_eval_res": {
    "precision": 66.7311,
    "recall": 65.3409,
    "f-score": 66.0287
  },
  "clean_eval": {
    "f-score": 28.39248434237996,
    "precision": 27.811860940695297,
    "recall": 28.997867803837952,
    "tp": 136,
    "fp": 353,
    "fn": 333
  },
  "jaccard": [
    0.38186304750154226
  ],
  "braycurtis": [
    0.1740691352959278
  ],
  "dice": [
    0.2359893252001525
  ],
  "cosinus": [
    0.04963923456101682
  ]
}