{
  "voc_eval_res": {
    "precision": 19.2308,
    "recall": 1.0493,
    "f-score": 1.99
  },
  "KL_res": {
    "KL divergence": 4.368809637096547,
    "Euclidean Dist.": 0.271970868087495,
    "WER": 0.9826311899482632,
    "CER": 0.9312686060479448,
    "Cosine Dist.": 0.7735391836043983
  },
  "occ_eval_res": {
    "precision": 31.8919,
    "recall": 2.1803,
    "f-score": 4.0816
  },
  "clean_eval": {
    "f-score": 2.346041055718475,
    "precision": 1.2558869701726845,
    "recall": 17.77777777777778,
    "tp": 32,
    "fp": 2516,
    "fn": 148
  },
  "jaccard": [
    0.8446026097271648
  ],
  "braycurtis": [
    0.8782325001199444
  ],
  "dice": [
    0.731006160164271
  ],
  "cosinus": [
    0.2771337177605334
  ]
}