{
  "voc_eval_res": {
    "precision": 52.6738,
    "recall": 30.5426,
    "f-score": 38.6654
  },
  "KL_res": {
    "KL divergence": 2.054153836397429,
    "Euclidean Dist.": 0.09938999468261318,
    "WER": 0.7311004784688995,
    "CER": 0.5773269012485811,
    "Cosine Dist.": 0.14443350474847294
  },
  "occ_eval_res": {
    "precision": 57.2741,
    "recall": 35.7895,
    "f-score": 44.0518
  },
  "clean_eval": {
    "f-score": 31.30644190246839,
    "precision": 25.615763546798032,
    "recall": 40.24767801857585,
    "tp": 260,
    "fp": 755,
    "fn": 386
  },
  "jaccard": [
    0.5457932319155542
  ],
  "braycurtis": [
    0.3271422541156606
  ],
  "dice": [
    0.3753202391118702
  ],
  "cosinus": [
    0.06407931347445017
  ]
}