{
  "voc_eval_res": {
    "precision": 45.8904,
    "recall": 29.0043,
    "f-score": 35.5438
  },
  "KL_res": {
    "KL divergence": 2.0951623031204516,
    "Euclidean Dist.": 0.08553683104272022,
    "WER": 0.755656108597285,
    "CER": 0.5891779396462019,
    "Cosine Dist.": 0.2748163345763214
  },
  "occ_eval_res": {
    "precision": 49.7854,
    "recall": 34.9925,
    "f-score": 41.0983
  },
  "clean_eval": {
    "f-score": 27.499999999999996,
    "precision": 23.993288590604024,
    "recall": 32.207207207207205,
    "tp": 143,
    "fp": 453,
    "fn": 301
  },
  "jaccard": [
    0.5949044585987261
  ],
  "braycurtis": [
    0.32279649284725426
  ],
  "dice": [
    0.42339075249320035
  ],
  "cosinus": [
    0.07613182186452383
  ]
}