{
  "voc_eval_res": {
    "precision": 51.7766,
    "recall": 35.6021,
    "f-score": 42.1923
  },
  "KL_res": {
    "KL divergence": 1.8678221877650076,
    "Euclidean Dist.": 0.09593707842369285,
    "WER": 0.7280701754385965,
    "CER": 0.5591521524811042,
    "Cosine Dist.": 0.16961630272770678
  },
  "occ_eval_res": {
    "precision": 54.7141,
    "recall": 38.8158,
    "f-score": 45.4137
  },
  "clean_eval": {
    "f-score": 31.723237597911226,
    "precision": 27.181208053691275,
    "recall": 38.087774294670844,
    "tp": 243,
    "fp": 651,
    "fn": 395
  },
  "jaccard": [
    0.5321618037135278
  ],
  "braycurtis": [
    0.2932172318973419
  ],
  "dice": [
    0.36254800090354644
  ],
  "cosinus": [
    0.06443635527594549
  ]
}