{
  "voc_eval_res": {
    "precision": 46.5077,
    "recall": 38.1818,
    "f-score": 41.9355
  },
  "KL_res": {
    "KL divergence": 2.0865122615413316,
    "Euclidean Dist.": 0.45855184224388096,
    "WER": 1.2278702892199824,
    "CER": 0.6752748657632319,
    "Cosine Dist.": 0.8591358401383931
  },
  "occ_eval_res": {
    "precision": 27.9551,
    "recall": 41.4549,
    "f-score": 33.3922
  },
  "clean_eval": {
    "f-score": 25.952552120776424,
    "precision": 32.52252252252252,
    "recall": 21.59090909090909,
    "tp": 361,
    "fp": 749,
    "fn": 1311
  },
  "jaccard": [
    0.5395703018765298
  ],
  "braycurtis": [
    0.3752318034306908
  ],
  "dice": [
    0.36945996275605214
  ],
  "cosinus": [
    0.6127773541623583
  ]
}