{
  "voc_eval_res": {
    "precision": 37.5479,
    "recall": 35.8974,
    "f-score": 36.7041
  },
  "KL_res": {
    "KL divergence": 2.0587222594233823,
    "Euclidean Dist.": 0.07609055126131853,
    "WER": 0.8346456692913385,
    "CER": 0.6049723756906077,
    "Cosine Dist.": 0.24457750762473862
  },
  "occ_eval_res": {
    "precision": 42.9708,
    "recall": 42.5197,
    "f-score": 42.7441
  },
  "clean_eval": {
    "f-score": 25.0,
    "precision": 24.725274725274726,
    "recall": 25.280898876404496,
    "tp": 90,
    "fp": 274,
    "fn": 266
  },
  "jaccard": [
    0.4679393049437102
  ],
  "braycurtis": [
    0.23820608317815023
  ],
  "dice": [
    0.30543130990415335
  ],
  "cosinus": [
    0.046305846025191943
  ]
}