{
  "voc_eval_res": {
    "precision": 73.3333,
    "recall": 43.8247,
    "f-score": 54.8628
  },
  "KL_res": {
    "KL divergence": 0.7872270818196766,
    "Euclidean Dist.": 0.06503966274279853,
    "WER": 0.43399339933993397,
    "CER": 0.3371480472297911,
    "Cosine Dist.": 0.01663089926806116
  },
  "occ_eval_res": {
    "precision": 80.1512,
    "recall": 69.967,
    "f-score": 74.7137
  },
  "clean_eval": {
    "f-score": 44.42379182156134,
    "precision": 41.34948096885813,
    "recall": 47.99196787148594,
    "tp": 239,
    "fp": 339,
    "fn": 259
  },
  "jaccard": [
    0.38857466063348417
  ],
  "braycurtis": [
    0.13021830716200689
  ],
  "dice": [
    0.24113724113724114
  ],
  "cosinus": [
    0.014243283757061409
  ]
}