{
  "voc_eval_res": {
    "precision": 30.7692,
    "recall": 1.3201,
    "f-score": 2.5316
  },
  "KL_res": {
    "KL divergence": 5.664254911066663,
    "Euclidean Dist.": 0.36738079593929734,
    "WER": 0.9812568908489526,
    "CER": 0.8782936010037641,
    "Cosine Dist.": 0.9047766393550679
  },
  "occ_eval_res": {
    "precision": 31.8966,
    "recall": 2.0397,
    "f-score": 3.8342
  },
  "clean_eval": {
    "f-score": 2.0408163265306123,
    "precision": 1.0895883777239708,
    "recall": 16.071428571428573,
    "tp": 18,
    "fp": 1634,
    "fn": 94
  },
  "jaccard": [
    0.8862126245847176
  ],
  "braycurtis": [
    0.7869166844236096
  ],
  "dice": [
    0.7956748695003728
  ],
  "cosinus": [
    0.5048040289411668
  ]
}