{
  "voc_eval_res": {
    "precision": 72.7175,
    "recall": 91.9542,
    "f-score": 81.2123
  },
  "KL_res": {
    "KL divergence": 0.024809954373031386,
    "Euclidean Dist.": 0.010701071676164221,
    "WER": 0.11307706853237527,
    "CER": 0.04391198978357826,
    "Cosine Dist.": 0.0033733692104567226
  },
  "occ_eval_res": {
    "precision": 91.1414,
    "recall": 94.3279,
    "f-score": 92.7073
  },
  "clean_eval": {
    "f-score": 83.4067528698401,
    "precision": 85.55044652349564,
    "recall": 81.36786490722483,
    "tp": 128750,
    "fp": 21746,
    "fn": 29482
  },
  "jaccard": [
    0.596827391236061
  ],
  "braycurtis": [
    0.06938631307769806
  ],
  "dice": [
    0.42534139243340047
  ],
  "cosinus": [
    0.005621873487653861
  ]
}