{
  "voc_eval_res": {
    "precision": 11.449,
    "recall": 1.0612,
    "f-score": 1.9423
  },
  "KL_res": {
    "KL divergence": 2.927755403175561,
    "Euclidean Dist.": 0.13408344317906554,
    "WER": 0.9829317269076305,
    "CER": 0.8666571726953385,
    "Cosine Dist.": 0.6128142506181452
  },
  "occ_eval_res": {
    "precision": 18.0445,
    "recall": 2.8489,
    "f-score": 4.9209
  },
  "clean_eval": {
    "f-score": 0.6855575868372942,
    "precision": 0.39313327217926874,
    "recall": 2.6761819803746656,
    "tp": 30,
    "fp": 7601,
    "fn": 1091
  },
  "jaccard": [
    0.7542059909725072
  ],
  "braycurtis": [
    0.7397798742138365
  ],
  "dice": [
    0.6054018445322793
  ],
  "cosinus": [
    0.19382904534556322
  ]
}