{
  "voc_eval_res": {
    "precision": 47.6942,
    "recall": 62.5203,
    "f-score": 54.1101
  },
  "KL_res": {
    "KL divergence": 0.26145247162291446,
    "Euclidean Dist.": 0.03811577431982359,
    "WER": 0.3017859232389422,
    "CER": 0.11493646874304547,
    "Cosine Dist.": 0.06620835744316
  },
  "occ_eval_res": {
    "precision": 75.8738,
    "recall": 82.6995,
    "f-score": 79.1397
  },
  "clean_eval": {
    "f-score": 68.43581836028598,
    "precision": 71.55043160545584,
    "recall": 65.58105403602401,
    "tp": 98306,
    "fp": 39088,
    "fn": 51594
  },
  "jaccard": [
    0.7509935880451486
  ],
  "braycurtis": [
    0.14284268647873902
  ],
  "dice": [
    0.6012728044123886
  ],
  "cosinus": [
    0.028823485580149466
  ]
}