{
  "voc_eval_res": {
    "precision": 3.1746,
    "recall": 0.123,
    "f-score": 0.2368
  },
  "KL_res": {
    "KL divergence": 4.17710415091377,
    "Euclidean Dist.": 0.5587087204058534,
    "WER": 0.9972421400992829,
    "CER": 0.8685998788938976,
    "Cosine Dist.": 0.9934504860960935
  },
  "occ_eval_res": {
    "precision": 2.0979,
    "recall": 0.3309,
    "f-score": 0.5717
  },
  "clean_eval": {
    "f-score": 0.3877847794474067,
    "precision": 0.22509848058525606,
    "recall": 1.3986013986013985,
    "tp": 4,
    "fp": 1773,
    "fn": 282
  },
  "jaccard": [
    0.8828996282527881
  ],
  "braycurtis": [
    0.8290608050242649
  ],
  "dice": [
    0.7903494176372712
  ],
  "cosinus": [
    0.63047516132515
  ]
}