{
  "voc_eval_res": {
    "precision": 66.997,
    "recall": 74.373,
    "f-score": 70.4926
  },
  "KL_res": {
    "KL divergence": 0.02825513958925143,
    "Euclidean Dist.": 0.005908695799089405,
    "WER": 0.14131120082055915,
    "CER": 0.051491959755782954,
    "Cosine Dist.": 0.00121502910434923
  },
  "occ_eval_res": {
    "precision": 90.4698,
    "recall": 91.9732,
    "f-score": 91.2153
  },
  "clean_eval": {
    "f-score": 79.09135202149574,
    "precision": 79.65118538670812,
    "recall": 78.53933337804305,
    "tp": 81977,
    "fp": 20943,
    "fn": 22400
  },
  "jaccard": [
    0.6169231380969422
  ],
  "braycurtis": [
    0.06733500998459897
  ],
  "dice": [
    0.4460512319236409
  ],
  "cosinus": [
    0.004957590465986539
  ]
}