{
  "voc_eval_res": {
    "precision": 79.3651,
    "recall": 28.2486,
    "f-score": 41.6667
  },
  "KL_res": {
    "KL divergence": 1.390456340050812,
    "Euclidean Dist.": 0.30104758525064407,
    "WER": 0.4484536082474227,
    "CER": 0.314968152866242,
    "Cosine Dist.": 0.00575896126116493
  },
  "occ_eval_res": {
    "precision": 78.3217,
    "recall": 57.732,
    "f-score": 66.4688
  },
  "clean_eval": {
    "f-score": 28.955223880597014,
    "precision": 25.260416666666668,
    "recall": 33.91608391608392,
    "tp": 97,
    "fp": 287,
    "fn": 189
  },
  "jaccard": [
    0.5699523052464229
  ],
  "braycurtis": [
    0.19202772963604853
  ],
  "dice": [
    0.3985547526403558
  ],
  "cosinus": [
    0.01129731377308052
  ]
}