{
  "voc_eval_res": {
    "precision": 55.5556,
    "recall": 20.6897,
    "f-score": 30.1508
  },
  "KL_res": {
    "KL divergence": 4.937349689613993,
    "Euclidean Dist.": 0.4005619710568481,
    "WER": 0.8042895442359249,
    "CER": 0.6591072714182865,
    "Cosine Dist.": 0.7512596456621579
  },
  "occ_eval_res": {
    "precision": 52.9412,
    "recall": 21.7158,
    "f-score": 30.7985
  },
  "clean_eval": {
    "f-score": 28.930817610062892,
    "precision": 21.296296296296298,
    "recall": 45.09803921568628,
    "tp": 69,
    "fp": 255,
    "fn": 84
  },
  "jaccard": [
    0.6777003484320557
  ],
  "braycurtis": [
    0.5297518670199952
  ],
  "dice": [
    0.5125164690382081
  ],
  "cosinus": [
    0.5678473820120895
  ]
}