{
  "voc_eval_res": {
    "precision": 46.5116,
    "recall": 47.0588,
    "f-score": 46.7836
  },
  "KL_res": {
    "KL divergence": 2.0089733112290697,
    "Euclidean Dist.": 0.15514289731091904,
    "WER": 0.8639455782312925,
    "CER": 0.7475468331846565,
    "Cosine Dist.": 0.27078071136063553
  },
  "occ_eval_res": {
    "precision": 44.5055,
    "recall": 55.102,
    "f-score": 49.2401
  },
  "clean_eval": {
    "f-score": 37.85488958990536,
    "precision": 42.5531914893617,
    "recall": 34.090909090909086,
    "tp": 60,
    "fp": 81,
    "fn": 116
  },
  "jaccard": [
    0.5112016293279023
  ],
  "braycurtis": [
    0.3241301059001513
  ],
  "dice": [
    0.3433652530779754
  ],
  "cosinus": [
    0.11649046567598242
  ]
}