{
  "voc_eval_res": {
    "precision": 61.8307,
    "recall": 46.828,
    "f-score": 53.2936
  },
  "KL_res": {
    "KL divergence": 0.7705365723844029,
    "Euclidean Dist.": 0.06914800283535502,
    "WER": 0.5346103613408794,
    "CER": 0.38650077295167806,
    "Cosine Dist.": 0.08997090929570206
  },
  "occ_eval_res": {
    "precision": 68.0612,
    "recall": 65.8685,
    "f-score": 66.9469
  },
  "clean_eval": {
    "f-score": 46.195775607540305,
    "precision": 45.27042065435121,
    "recall": 47.159749594249945,
    "tp": 2034,
    "fp": 2459,
    "fn": 2279
  },
  "jaccard": [
    0.3548387096774194
  ],
  "braycurtis": [
    0.10231182996062063
  ],
  "dice": [
    0.21568627450980393
  ],
  "cosinus": [
    0.012957662352066412
  ]
}