{
  "voc_eval_res": {
    "precision": 41.25,
    "recall": 29.5522,
    "f-score": 34.4348
  },
  "KL_res": {
    "KL divergence": 1.4572547344646762,
    "Euclidean Dist.": 0.06994005296407131,
    "WER": 0.6622807017543859,
    "CER": 0.48560135516657255,
    "Cosine Dist.": 0.06138045747662535
  },
  "occ_eval_res": {
    "precision": 63.5209,
    "recall": 51.1696,
    "f-score": 56.6802
  },
  "clean_eval": {
    "f-score": 18.214607754733997,
    "precision": 16.3961038961039,
    "recall": 20.486815415821503,
    "tp": 101,
    "fp": 515,
    "fn": 392
  },
  "jaccard": [
    0.5946831755280408
  ],
  "braycurtis": [
    0.2454711988601669
  ],
  "dice": [
    0.4231666234775849
  ],
  "cosinus": [
    0.04023542081923559
  ]
}