{
  "voc_eval_res": {
    "precision": 42.2414,
    "recall": 39.3574,
    "f-score": 40.7484
  },
  "KL_res": {
    "KL divergence": 1.3720225512399182,
    "Euclidean Dist.": 0.06785472963502542,
    "WER": 0.7379912663755459,
    "CER": 0.601041408380858,
    "Cosine Dist.": 0.04712181871265142
  },
  "occ_eval_res": {
    "precision": 57.2687,
    "recall": 56.7686,
    "f-score": 57.0175
  },
  "clean_eval": {
    "f-score": 22.790697674418606,
    "precision": 22.790697674418606,
    "recall": 22.790697674418606,
    "tp": 98,
    "fp": 332,
    "fn": 332
  },
  "jaccard": [
    0.48351137947050626
  ],
  "braycurtis": [
    0.1942097415506958
  ],
  "dice": [
    0.3188361408882083
  ],
  "cosinus": [
    0.02751029512832448
  ]
}