{
  "voc_eval_res": {
    "precision": 32.964,
    "recall": 23.7525,
    "f-score": 27.6102
  },
  "KL_res": {
    "KL divergence": 2.1563248184034465,
    "Euclidean Dist.": 0.07468619137020802,
    "WER": 0.718931475029036,
    "CER": 0.5454403497813867,
    "Cosine Dist.": 0.22562960343957894
  },
  "occ_eval_res": {
    "precision": 50.5443,
    "recall": 37.7468,
    "f-score": 43.2181
  },
  "clean_eval": {
    "f-score": 22.145328719723185,
    "precision": 19.230769230769234,
    "recall": 26.101141924959215,
    "tp": 160,
    "fp": 672,
    "fn": 453
  },
  "jaccard": [
    0.6240341060484945
  ],
  "braycurtis": [
    0.29633113828786456
  ],
  "dice": [
    0.45352439969016267
  ],
  "cosinus": [
    0.06585499757736935
  ]
}