{
  "voc_eval_res": {
    "precision": 47.8632,
    "recall": 38.0952,
    "f-score": 42.4242
  },
  "KL_res": {
    "KL divergence": 1.4727228789895728,
    "Euclidean Dist.": 0.2434114130919029,
    "WER": 0.6435643564356436,
    "CER": 0.5310744382022472,
    "Cosine Dist.": 0.48529334486605014
  },
  "occ_eval_res": {
    "precision": 63.8996,
    "recall": 46.8175,
    "f-score": 54.0408
  },
  "clean_eval": {
    "f-score": 27.671913835956918,
    "precision": 23.78917378917379,
    "recall": 33.069306930693074,
    "tp": 167,
    "fp": 535,
    "fn": 338
  },
  "jaccard": [
    0.5403780068728522
  ],
  "braycurtis": [
    0.30746925307469253
  ],
  "dice": [
    0.37021777516185994
  ],
  "cosinus": [
    0.20279124409010207
  ]
}