{
  "voc_eval_res": {
    "precision": 37.9679,
    "recall": 4.2694,
    "f-score": 7.6757
  },
  "KL_res": {
    "KL divergence": 3.3591487434818745,
    "Euclidean Dist.": 0.24594933005709374,
    "WER": 0.9257232212666145,
    "CER": 0.7535301668806161,
    "Cosine Dist.": 0.5800114153335949
  },
  "occ_eval_res": {
    "precision": 25.4764,
    "recall": 9.9296,
    "f-score": 14.2897
  },
  "clean_eval": {
    "f-score": 2.864107251675807,
    "precision": 1.9453642384105958,
    "recall": 5.427251732101617,
    "tp": 47,
    "fp": 2369,
    "fn": 819
  },
  "jaccard": [
    0.7381539980256664
  ],
  "braycurtis": [
    0.5995198603230031
  ],
  "dice": [
    0.5849794641110894
  ],
  "cosinus": [
    0.3280257085819489
  ]
}