{
  "voc_eval_res": {
    "precision": 38.0597,
    "recall": 5.1935,
    "f-score": 9.1398
  },
  "KL_res": {
    "KL divergence": 3.197452417942109,
    "Euclidean Dist.": 0.2557732676346464,
    "WER": 0.8800530152418821,
    "CER": 0.7042130156783744,
    "Cosine Dist.": 0.2143695869786757
  },
  "occ_eval_res": {
    "precision": 43.04,
    "recall": 17.8264,
    "f-score": 25.2109
  },
  "clean_eval": {
    "f-score": 2.070393374741201,
    "precision": 1.394700139470014,
    "recall": 4.016064257028113,
    "tp": 20,
    "fp": 1414,
    "fn": 478
  },
  "jaccard": [
    0.7113163972286374
  ],
  "braycurtis": [
    0.5287977403905194
  ],
  "dice": [
    0.5519713261648745
  ],
  "cosinus": [
    0.25316294603202905
  ]
}