{
  "voc_eval_res": {
    "precision": 82.1946,
    "recall": 56.7143,
    "f-score": 67.1175
  },
  "KL_res": {
    "KL divergence": 0.6956033160294527,
    "Euclidean Dist.": 0.05251305431902001,
    "WER": 0.38437978560490044,
    "CER": 0.2643773654573987,
    "Cosine Dist.": 0.022697791857483995
  },
  "occ_eval_res": {
    "precision": 82.2523,
    "recall": 69.9081,
    "f-score": 75.5795
  },
  "clean_eval": {
    "f-score": 69.04156064461408,
    "precision": 64.1955835962145,
    "recall": 74.6788990825688,
    "tp": 814,
    "fp": 454,
    "fn": 276
  },
  "jaccard": [
    0.28232833739979085
  ],
  "braycurtis": [
    0.09347577260587563
  ],
  "dice": [
    0.1643668831168831
  ],
  "cosinus": [
    0.00727398710664473
  ]
}