{
  "voc_eval_res": {
    "precision": 63.0435,
    "recall": 42.963,
    "f-score": 51.1013
  },
  "KL_res": {
    "KL divergence": 2.076347666486304,
    "Euclidean Dist.": 0.13964041069331384,
    "WER": 0.5811320754716981,
    "CER": 0.42433862433862435,
    "Cosine Dist.": 0.08889228571371566
  },
  "occ_eval_res": {
    "precision": 66.4975,
    "recall": 49.434,
    "f-score": 56.71
  },
  "clean_eval": {
    "f-score": 52.79187817258884,
    "precision": 47.48858447488584,
    "recall": 59.42857142857143,
    "tp": 104,
    "fp": 115,
    "fn": 71
  },
  "jaccard": [
    0.42138364779874216
  ],
  "braycurtis": [
    0.2903033908387864
  ],
  "dice": [
    0.26693227091633465
  ],
  "cosinus": [
    0.1253638226136693
  ]
}