{
  "voc_eval_res": {
    "precision": 20.8269,
    "recall": 44.684,
    "f-score": 28.4115
  },
  "KL_res": {
    "KL divergence": 0.4257558737958311,
    "Euclidean Dist.": 0.04846842490870899,
    "WER": 0.5645880234128771,
    "CER": 0.1900910820582267,
    "Cosine Dist.": 0.09212035895304449
  },
  "occ_eval_res": {
    "precision": 56.389,
    "recall": 57.661,
    "f-score": 57.0179
  },
  "clean_eval": {
    "f-score": 43.738611516034986,
    "precision": 43.3985716868559,
    "recall": 44.0840220385675,
    "tp": 19203,
    "fp": 25045,
    "fn": 24357
  },
  "jaccard": [
    0.6764372469635628
  ],
  "braycurtis": [
    0.18457312822787617
  ],
  "dice": [
    0.5110730453933684
  ],
  "cosinus": [
    0.030522823310017544
  ]
}