{
  "voc_eval_res": {
    "precision": 31.0811,
    "recall": 3.5659,
    "f-score": 6.3978
  },
  "KL_res": {
    "KL divergence": 5.050510605205343,
    "Euclidean Dist.": 0.3195631430627905,
    "WER": 0.952,
    "CER": 0.7713399706218378,
    "Cosine Dist.": 0.7819714512744301
  },
  "occ_eval_res": {
    "precision": 29.8701,
    "recall": 6.1333,
    "f-score": 10.177
  },
  "clean_eval": {
    "f-score": 0.4698512137823023,
    "precision": 0.28680688336520077,
    "recall": 1.2987012987012987,
    "tp": 3,
    "fp": 1043,
    "fn": 228
  },
  "jaccard": [
    0.7988274093074387
  ],
  "braycurtis": [
    0.6342676859604417
  ],
  "dice": [
    0.665039658328249
  ],
  "cosinus": [
    0.33773858147392255
  ]
}