{
  "voc_eval_res": {
    "precision": 40.8451,
    "recall": 4.2274,
    "f-score": 7.6618
  },
  "KL_res": {
    "KL divergence": 5.05152025638745,
    "Euclidean Dist.": 0.33299541096904567,
    "WER": 0.9567796610169491,
    "CER": 0.7896673064619322,
    "Cosine Dist.": 0.7777139272387698
  },
  "occ_eval_res": {
    "precision": 31.4554,
    "recall": 5.678,
    "f-score": 9.6195
  },
  "clean_eval": {
    "f-score": 1.5625,
    "precision": 0.937207122774133,
    "recall": 4.694835680751173,
    "tp": 10,
    "fp": 1057,
    "fn": 203
  },
  "jaccard": [
    0.8125889046941679
  ],
  "braycurtis": [
    0.6579650315687227
  ],
  "dice": [
    0.6843366277328542
  ],
  "cosinus": [
    0.34191418081877156
  ]
}