{
  "voc_eval_res": {
    "precision": 24.5763,
    "recall": 15.4255,
    "f-score": 18.9542
  },
  "KL_res": {
    "KL divergence": 3.6909396967374755,
    "Euclidean Dist.": 0.1476062839299336,
    "WER": 0.8793103448275862,
    "CER": 0.6858771374287523,
    "Cosine Dist.": 0.3335609786612165
  },
  "occ_eval_res": {
    "precision": 30.2326,
    "recall": 22.4138,
    "f-score": 25.7426
  },
  "clean_eval": {
    "f-score": 17.857142857142858,
    "precision": 15.418502202643172,
    "recall": 21.21212121212121,
    "tp": 35,
    "fp": 192,
    "fn": 130
  },
  "jaccard": [
    0.7088538837588267
  ],
  "braycurtis": [
    0.43695117667720407
  ],
  "dice": [
    0.5490113588557005
  ],
  "cosinus": [
    0.14854340060175597
  ]
}