{
  "voc_eval_res": {
    "precision": 71.0425,
    "recall": 29.1139,
    "f-score": 41.3019
  },
  "KL_res": {
    "KL divergence": 2.1891532607330637,
    "Euclidean Dist.": 0.28854427215753103,
    "WER": 0.7597883597883598,
    "CER": 0.6288994457640539,
    "Cosine Dist.": 0.6583935627775236
  },
  "occ_eval_res": {
    "precision": 75.2355,
    "recall": 29.5767,
    "f-score": 42.4611
  },
  "clean_eval": {
    "f-score": 26.24086186994998,
    "precision": 18.254817987152034,
    "recall": 46.6484268125855,
    "tp": 341,
    "fp": 1527,
    "fn": 390
  },
  "jaccard": [
    0.5134568332750786
  ],
  "braycurtis": [
    0.3685855428974695
  ],
  "dice": [
    0.3454032447683988
  ],
  "cosinus": [
    0.24312414528372595
  ]
}