{
  "voc_eval_res": {
    "precision": 80.402,
    "recall": 30.1887,
    "f-score": 43.8957
  },
  "KL_res": {
    "KL divergence": 1.4530884646589293,
    "Euclidean Dist.": 0.1156128603960843,
    "WER": 0.6188034188034188,
    "CER": 0.5233864379084967,
    "Cosine Dist.": 0.10109061905538574
  },
  "occ_eval_res": {
    "precision": 79.7101,
    "recall": 47.0085,
    "f-score": 59.1398
  },
  "clean_eval": {
    "f-score": 38.19858925664676,
    "precision": 30.31869078380706,
    "recall": 51.61290322580645,
    "tp": 352,
    "fp": 809,
    "fn": 330
  },
  "jaccard": [
    0.5226832105467235
  ],
  "braycurtis": [
    0.2597886886264761
  ],
  "dice": [
    0.35380577427821525
  ],
  "cosinus": [
    0.04270290783428643
  ]
}