{
  "voc_eval_res": {
    "precision": 41.4634,
    "recall": 5.7627,
    "f-score": 10.119
  },
  "KL_res": {
    "KL divergence": 5.538517628895478,
    "Euclidean Dist.": 0.21497170876621605,
    "WER": 0.9597855227882037,
    "CER": 0.8397163120567376,
    "Cosine Dist.": 0.8080081254196545
  },
  "occ_eval_res": {
    "precision": 38.0,
    "recall": 5.0938,
    "f-score": 8.9835
  },
  "clean_eval": {
    "f-score": 9.742120343839543,
    "precision": 5.629139072847682,
    "recall": 36.17021276595745,
    "tp": 17,
    "fp": 285,
    "fn": 30
  },
  "jaccard": [
    0.8131970260223048
  ],
  "braycurtis": [
    0.7075575027382256
  ],
  "dice": [
    0.6851996867658575
  ],
  "cosinus": [
    0.28268686172504365
  ]
}