{
  "voc_eval_res": {
    "precision": 39.6226,
    "recall": 5.8989,
    "f-score": 10.2689
  },
  "KL_res": {
    "KL divergence": 4.391987710332986,
    "Euclidean Dist.": 0.18753046792151468,
    "WER": 0.9532908704883227,
    "CER": 0.8537686696769712,
    "Cosine Dist.": 0.71908594121884
  },
  "occ_eval_res": {
    "precision": 41.6667,
    "recall": 5.3079,
    "f-score": 9.4162
  },
  "clean_eval": {
    "f-score": 4.545454545454546,
    "precision": 2.576112412177986,
    "recall": 19.298245614035086,
    "tp": 11,
    "fp": 416,
    "fn": 46
  },
  "jaccard": [
    0.7881773399014779
  ],
  "braycurtis": [
    0.7553685432385374
  ],
  "dice": [
    0.6504065040650406
  ],
  "cosinus": [
    0.23686737055986418
  ]
}