{
  "voc_eval_res": {
    "precision": 37.6623,
    "recall": 8.3095,
    "f-score": 13.615
  },
  "KL_res": {
    "KL divergence": 4.723285829510999,
    "Euclidean Dist.": 0.6976243571776242,
    "WER": 0.9635627530364372,
    "CER": 0.787616741611899,
    "Cosine Dist.": 0.8610906338142558
  },
  "occ_eval_res": {
    "precision": 15.0215,
    "recall": 7.085,
    "f-score": 9.6286
  },
  "clean_eval": {
    "f-score": 4.154302670623146,
    "precision": 3.189066059225513,
    "recall": 5.957446808510639,
    "tp": 14,
    "fp": 425,
    "fn": 221
  },
  "jaccard": [
    0.7793917385383567
  ],
  "braycurtis": [
    0.7374195087049845
  ],
  "dice": [
    0.638527333581257
  ],
  "cosinus": [
    0.765778117628136
  ]
}