{
  "voc_eval_res": {
    "precision": 72.198,
    "recall": 70.1556,
    "f-score": 71.1621
  },
  "KL_res": {
    "KL divergence": 0.2987707786460151,
    "Euclidean Dist.": 0.024724527470574,
    "WER": 0.32136194029850745,
    "CER": 0.24006483999163356,
    "Cosine Dist.": 0.014296973403220448
  },
  "occ_eval_res": {
    "precision": 83.011,
    "recall": 84.0951,
    "f-score": 83.5496
  },
  "clean_eval": {
    "f-score": 70.32806804374242,
    "precision": 70.61981454367985,
    "recall": 70.03872216844144,
    "tp": 1447,
    "fp": 602,
    "fn": 619
  },
  "jaccard": [
    0.2
  ],
  "braycurtis": [
    0.05891183931252265
  ],
  "dice": [
    0.1111111111111111
  ],
  "cosinus": [
    0.0030369310230683455
  ]
}