{
  "voc_eval_res": {
    "precision": 5.1035,
    "recall": 17.6503,
    "f-score": 7.9176
  },
  "KL_res": {
    "KL divergence": 0.7376042167206879,
    "Euclidean Dist.": 0.06826986012423797,
    "WER": 0.8309111537318674,
    "CER": 0.38610527945202827,
    "Cosine Dist.": 0.2032475678791843
  },
  "occ_eval_res": {
    "precision": 30.6049,
    "recall": 31.0834,
    "f-score": 30.8423
  },
  "clean_eval": {
    "f-score": 10.675381999952684,
    "precision": 10.493966617052946,
    "recall": 10.863180195486342,
    "tp": 15793,
    "fp": 134703,
    "fn": 129588
  },
  "jaccard": [
    0.7515936559742975
  ],
  "braycurtis": [
    0.3130864691128915
  ],
  "dice": [
    0.6020424836601307
  ],
  "cosinus": [
    0.06707917649665085
  ]
}