{
  "voc_eval_res": {
    "precision": 63.1579,
    "recall": 50.5263,
    "f-score": 56.1404
  },
  "KL_res": {
    "KL divergence": 1.3795541391812454,
    "Euclidean Dist.": 0.11522452092186543,
    "WER": 0.4782608695652174,
    "CER": 0.410705596107056,
    "Cosine Dist.": 0.06131996127284112
  },
  "occ_eval_res": {
    "precision": 71.4286,
    "recall": 65.2174,
    "f-score": 68.1818
  },
  "clean_eval": {
    "f-score": 30.60796645702306,
    "precision": 29.31726907630522,
    "recall": 32.01754385964912,
    "tp": 73,
    "fp": 176,
    "fn": 155
  },
  "jaccard": [
    0.43282149712092133
  ],
  "braycurtis": [
    0.2046740467404674
  ],
  "dice": [
    0.2761788120024495
  ],
  "cosinus": [
    0.04959051194218922
  ]
}