{
  "voc_eval_res": {
    "precision": 63.3803,
    "recall": 59.2105,
    "f-score": 61.2245
  },
  "KL_res": {
    "KL divergence": 0.8534135883179924,
    "Euclidean Dist.": 0.09850007924193874,
    "WER": 0.44075829383886256,
    "CER": 0.3533834586466165,
    "Cosine Dist.": 0.03940937244601972
  },
  "occ_eval_res": {
    "precision": 71.6895,
    "recall": 74.4076,
    "f-score": 73.0233
  },
  "clean_eval": {
    "f-score": 34.04255319148936,
    "precision": 34.61538461538461,
    "recall": 33.48837209302326,
    "tp": 72,
    "fp": 136,
    "fn": 143
  },
  "jaccard": [
    0.4175704989154013
  ],
  "braycurtis": [
    0.18144159072079535
  ],
  "dice": [
    0.26387936943111723
  ],
  "cosinus": [
    0.035187111367524504
  ]
}