{
  "voc_eval_res": {
    "precision": 70.5235,
    "recall": 90.3201,
    "f-score": 79.2035
  },
  "KL_res": {
    "KL divergence": 0.037899926543380334,
    "Euclidean Dist.": 0.01140203832728062,
    "WER": 0.6380426373669419,
    "CER": 0.6122417576653056,
    "Cosine Dist.": 0.00386641135610144
  },
  "occ_eval_res": {
    "precision": 61.3196,
    "recall": 98.203,
    "f-score": 75.4974
  },
  "clean_eval": {
    "f-score": 69.55722383943618,
    "precision": 91.44232658675575,
    "recall": 56.12475652336472,
    "tp": 93070,
    "fp": 8710,
    "fn": 72757
  },
  "jaccard": [
    0.42310882548108825
  ],
  "braycurtis": [
    0.2482621777247497
  ],
  "dice": [
    0.2683183420125191
  ],
  "cosinus": [
    0.009905153023927027
  ]
}