{
  "voc_eval_res": {
    "precision": 72.9412,
    "recall": 30.0971,
    "f-score": 42.6117
  },
  "KL_res": {
    "KL divergence": 3.599293836154427,
    "Euclidean Dist.": 0.32520047549421277,
    "WER": 0.7030015797788309,
    "CER": 0.7332629674306393,
    "Cosine Dist.": 0.600449586479517
  },
  "occ_eval_res": {
    "precision": 73.9286,
    "recall": 32.7014,
    "f-score": 45.345
  },
  "clean_eval": {
    "f-score": 18.013856812933025,
    "precision": 12.91390728476821,
    "recall": 29.770992366412212,
    "tp": 78,
    "fp": 526,
    "fn": 184
  },
  "jaccard": [
    0.5063009636767977
  ],
  "braycurtis": [
    0.5695432637135643
  ],
  "dice": [
    0.3389578163771712
  ],
  "cosinus": [
    0.4203162125146783
  ]
}