{
  "voc_eval_res": {
    "precision": 42.4615,
    "recall": 45.8472,
    "f-score": 44.0895
  },
  "KL_res": {
    "KL divergence": 1.0493828789116804,
    "Euclidean Dist.": 0.09650949102047372,
    "WER": 0.8007761966364813,
    "CER": 0.6288422866992244,
    "Cosine Dist.": 0.0716677307511343
  },
  "occ_eval_res": {
    "precision": 49.6599,
    "recall": 66.1061,
    "f-score": 56.7148
  },
  "clean_eval": {
    "f-score": 30.405405405405407,
    "precision": 35.76158940397351,
    "recall": 26.444662095984327,
    "tp": 270,
    "fp": 485,
    "fn": 751
  },
  "jaccard": [
    0.4474867184307315
  ],
  "braycurtis": [
    0.250076767180495
  ],
  "dice": [
    0.28823374572255855
  ],
  "cosinus": [
    0.044857209309020596
  ]
}