{
  "voc_eval_res": {
    "precision": 43.1818,
    "recall": 15.3846,
    "f-score": 22.6866
  },
  "KL_res": {
    "KL divergence": 3.3586488512737067,
    "Euclidean Dist.": 0.17243874669916062,
    "WER": 0.8333333333333334,
    "CER": 0.6365616953852248,
    "Cosine Dist.": 0.6132555604131849
  },
  "occ_eval_res": {
    "precision": 44.2197,
    "recall": 19.0299,
    "f-score": 26.6087
  },
  "clean_eval": {
    "f-score": 14.995483288166215,
    "precision": 10.779220779220779,
    "recall": 24.629080118694365,
    "tp": 83,
    "fp": 687,
    "fn": 254
  },
  "jaccard": [
    0.6269778481012658
  ],
  "braycurtis": [
    0.41127506621263715
  ],
  "dice": [
    0.45664073753961393
  ],
  "cosinus": [
    0.12843298604947762
  ]
}