{
  "voc_eval_res": {
    "precision": 47.2477,
    "recall": 20.2358,
    "f-score": 28.3356
  },
  "KL_res": {
    "KL divergence": 2.80277853121501,
    "Euclidean Dist.": 0.18032346481922787,
    "WER": 0.7778969957081545,
    "CER": 0.5792841085941552,
    "Cosine Dist.": 0.49648063780551144
  },
  "occ_eval_res": {
    "precision": 49.6982,
    "recall": 26.5021,
    "f-score": 34.5696
  },
  "clean_eval": {
    "f-score": 17.6978417266187,
    "precision": 13.636363636363635,
    "recall": 25.204918032786882,
    "tp": 123,
    "fp": 779,
    "fn": 365
  },
  "jaccard": [
    0.5859497645211931
  ],
  "braycurtis": [
    0.31884790298130367
  ],
  "dice": [
    0.41437690813211214
  ],
  "cosinus": [
    0.10261209794803572
  ]
}