{
  "voc_eval_res": {
    "precision": 37.037,
    "recall": 35.2113,
    "f-score": 36.1011
  },
  "KL_res": {
    "KL divergence": 1.7834803296456785,
    "Euclidean Dist.": 0.09281104400592878,
    "WER": 0.8185654008438819,
    "CER": 0.6372646184340932,
    "Cosine Dist.": 0.10451913359184906
  },
  "occ_eval_res": {
    "precision": 50.4065,
    "recall": 52.3207,
    "f-score": 51.3458
  },
  "clean_eval": {
    "f-score": 20.390455531453362,
    "precision": 20.88888888888889,
    "recall": 19.915254237288135,
    "tp": 47,
    "fp": 178,
    "fn": 189
  },
  "jaccard": [
    0.48354792560801146
  ],
  "braycurtis": [
    0.2354916067146283
  ],
  "dice": [
    0.31886792452830187
  ],
  "cosinus": [
    0.04207044998659715
  ]
}