{
  "voc_eval_res": {
    "precision": 69.5256,
    "recall": 67.2035,
    "f-score": 68.3448
  },
  "KL_res": {
    "KL divergence": 0.042588311456909736,
    "Euclidean Dist.": 0.011173922091754886,
    "WER": 0.2008137788524014,
    "CER": 0.09552478257198345,
    "Cosine Dist.": 0.005494780984264147
  },
  "occ_eval_res": {
    "precision": 89.3165,
    "recall": 90.2336,
    "f-score": 89.7727
  },
  "clean_eval": {
    "f-score": 72.85749620914753,
    "precision": 73.41012276918742,
    "recall": 72.31312775518481,
    "tp": 67748,
    "fp": 24539,
    "fn": 25939
  },
  "jaccard": [
    0.6162122770919067
  ],
  "braycurtis": [
    0.09278933695156555
  ],
  "dice": [
    0.44530838573774045
  ],
  "cosinus": [
    0.010086571591572224
  ]
}