{
  "voc_eval_res": {
    "precision": 14.7059,
    "recall": 0.7004,
    "f-score": 1.3372
  },
  "KL_res": {
    "KL divergence": 3.5693636577695877,
    "Euclidean Dist.": 0.23252426016736583,
    "WER": 0.9867449346714637,
    "CER": 0.9075797302623687,
    "Cosine Dist.": 0.8547091046506309
  },
  "occ_eval_res": {
    "precision": 9.0819,
    "recall": 1.7421,
    "f-score": 2.9234
  },
  "clean_eval": {
    "f-score": 0.10467550593161198,
    "precision": 0.06310475389145982,
    "recall": 0.3067484662576687,
    "tp": 3,
    "fp": 4751,
    "fn": 975
  },
  "jaccard": [
    0.8634020618556701
  ],
  "braycurtis": [
    0.8146009578801306
  ],
  "dice": [
    0.7596371882086168
  ],
  "cosinus": [
    0.37267764071576703
  ]
}