{
  "voc_eval_res": {
    "precision": 79.2,
    "recall": 33.1104,
    "f-score": 46.6981
  },
  "KL_res": {
    "KL divergence": 2.945797413967999,
    "Euclidean Dist.": 0.5516024144010401,
    "WER": 0.8256611165523996,
    "CER": 0.6415572448744529,
    "Cosine Dist.": 0.7771940792529101
  },
  "occ_eval_res": {
    "precision": 81.4978,
    "recall": 18.1195,
    "f-score": 29.6474
  },
  "clean_eval": {
    "f-score": 20.475020475020475,
    "precision": 12.4750499001996,
    "recall": 57.077625570776256,
    "tp": 125,
    "fp": 877,
    "fn": 94
  },
  "jaccard": [
    0.5152523571824736
  ],
  "braycurtis": [
    0.5064530485091233
  ],
  "dice": [
    0.34703025775121404
  ],
  "cosinus": [
    0.6783447038798234
  ]
}