{
  "voc_eval_res": {
    "precision": 77.7778,
    "recall": 34.7107,
    "f-score": 48.0
  },
  "KL_res": {
    "KL divergence": 2.111352225848445,
    "Euclidean Dist.": 0.1616228647478427,
    "WER": 0.6130790190735694,
    "CER": 0.5,
    "Cosine Dist.": 0.11462669760724853
  },
  "occ_eval_res": {
    "precision": 79.7872,
    "recall": 40.8719,
    "f-score": 54.0541
  },
  "clean_eval": {
    "f-score": 51.19705340699815,
    "precision": 38.504155124653735,
    "recall": 76.37362637362637,
    "tp": 139,
    "fp": 222,
    "fn": 43
  },
  "jaccard": [
    0.5077399380804953
  ],
  "braycurtis": [
    0.3220169745381927
  ],
  "dice": [
    0.34024896265560167
  ],
  "cosinus": [
    0.08251924943981503
  ]
}