{
  "voc_eval_res": {
    "precision": 82.4176,
    "recall": 44.6429,
    "f-score": 57.9151
  },
  "KL_res": {
    "KL divergence": 2.590971765266275,
    "Euclidean Dist.": 0.2604519655376894,
    "WER": 0.5941043083900227,
    "CER": 0.6354701809247264,
    "Cosine Dist.": 0.30389401019040685
  },
  "occ_eval_res": {
    "precision": 84.1667,
    "recall": 45.805,
    "f-score": 59.3245
  },
  "clean_eval": {
    "f-score": 34.873323397913566,
    "precision": 26.95852534562212,
    "recall": 49.36708860759494,
    "tp": 117,
    "fp": 317,
    "fn": 120
  },
  "jaccard": [
    0.48931771192281187
  ],
  "braycurtis": [
    0.47335471064284623
  ],
  "dice": [
    0.3239051094890511
  ],
  "cosinus": [
    0.48959013172397725
  ]
}