{
  "voc_eval_res": {
    "precision": 51.1628,
    "recall": 62.8571,
    "f-score": 56.4103
  },
  "KL_res": {
    "KL divergence": 1.6265686170058433,
    "Euclidean Dist.": 0.18325194011751678,
    "WER": 0.94,
    "CER": 0.6687898089171974,
    "Cosine Dist.": 0.11661153484144904
  },
  "occ_eval_res": {
    "precision": 46.4789,
    "recall": 66.0,
    "f-score": 54.5455
  },
  "clean_eval": {
    "f-score": 26.31578947368421,
    "precision": 31.914893617021278,
    "recall": 22.388059701492537,
    "tp": 15,
    "fp": 32,
    "fn": 52
  },
  "jaccard": [
    0.5164644714038128
  ],
  "braycurtis": [
    0.39348710990502034
  ],
  "dice": [
    0.34813084112149534
  ],
  "cosinus": [
    0.22958440903814092
  ]
}