{
  "voc_eval_res": {
    "precision": 66.6667,
    "recall": 54.5455,
    "f-score": 60.0
  },
  "KL_res": {
    "KL divergence": 2.400297901924814,
    "Euclidean Dist.": 0.2573924189614377,
    "WER": 0.6296296296296297,
    "CER": 0.6185185185185185,
    "Cosine Dist.": 0.3262513743990062
  },
  "occ_eval_res": {
    "precision": 58.3333,
    "recall": 51.8519,
    "f-score": 54.902
  },
  "clean_eval": {
    "f-score": 53.06122448979592,
    "precision": 50.0,
    "recall": 56.52173913043478,
    "tp": 13,
    "fp": 13,
    "fn": 10
  },
  "jaccard": [
    0.5508684863523573
  ],
  "braycurtis": [
    0.45958429561200925
  ],
  "dice": [
    0.3801369863013699
  ],
  "cosinus": [
    0.41710225235104104
  ]
}