{
  "voc_eval_res": {
    "precision": 54.5455,
    "recall": 37.5,
    "f-score": 44.4444
  },
  "KL_res": {
    "KL divergence": 4.375466930178669,
    "Euclidean Dist.": 0.372024866157981,
    "WER": 0.8095238095238095,
    "CER": 0.601010101010101,
    "Cosine Dist.": 0.4353402974267201
  },
  "occ_eval_res": {
    "precision": 53.8462,
    "recall": 33.3333,
    "f-score": 41.1765
  },
  "clean_eval": {
    "f-score": 43.75,
    "precision": 35.0,
    "recall": 58.333333333333336,
    "tp": 7,
    "fp": 13,
    "fn": 5
  },
  "jaccard": [
    0.5159010600706714
  ],
  "braycurtis": [
    0.38699690402476783
  ],
  "dice": [
    0.3476190476190476
  ],
  "cosinus": [
    0.28177122039521507
  ]
}