{
  "voc_eval_res": {
    "precision": 54.5455,
    "recall": 42.8571,
    "f-score": 48.0
  },
  "KL_res": {
    "KL divergence": 2.311746124533311,
    "Euclidean Dist.": 0.36905468169443323,
    "WER": 0.7659574468085106,
    "CER": 0.6346666666666667,
    "Cosine Dist.": 0.4070806005970091
  },
  "occ_eval_res": {
    "precision": 56.0,
    "recall": 29.7872,
    "f-score": 38.8889
  },
  "clean_eval": {
    "f-score": 28.169014084507044,
    "precision": 21.27659574468085,
    "recall": 41.66666666666667,
    "tp": 10,
    "fp": 37,
    "fn": 14
  },
  "jaccard": [
    0.5593607305936074
  ],
  "braycurtis": [
    0.4672268907563025
  ],
  "dice": [
    0.38827258320126784
  ],
  "cosinus": [
    0.3127000219753038
  ]
}