{
  "voc_eval_res": {
    "precision": 60.4651,
    "recall": 20.3922,
    "f-score": 30.4985
  },
  "KL_res": {
    "KL divergence": 3.513277757158914,
    "Euclidean Dist.": 0.2786770827161173,
    "WER": 0.758095238095238,
    "CER": 0.7166258708341179,
    "Cosine Dist.": 0.5133373573143142
  },
  "occ_eval_res": {
    "precision": 53.7634,
    "recall": 28.5714,
    "f-score": 37.3134
  },
  "clean_eval": {
    "f-score": 15.283267457180502,
    "precision": 11.646586345381527,
    "recall": 22.22222222222222,
    "tp": 58,
    "fp": 440,
    "fn": 203
  },
  "jaccard": [
    0.5851285615010424
  ],
  "braycurtis": [
    0.544963543073184
  ],
  "dice": [
    0.41355599214145383
  ],
  "cosinus": [
    0.39491023784335777
  ]
}