{
  "voc_eval_res": {
    "precision": 43.75,
    "recall": 36.5217,
    "f-score": 39.8104
  },
  "KL_res": {
    "KL divergence": 1.2113161382984015,
    "Euclidean Dist.": 0.07309166010136393,
    "WER": 0.7731277533039648,
    "CER": 0.5863837724411285,
    "Cosine Dist.": 0.03483503981827729
  },
  "occ_eval_res": {
    "precision": 54.1586,
    "recall": 61.674,
    "f-score": 57.6725
  },
  "clean_eval": {
    "f-score": 15.094339622641506,
    "precision": 15.74074074074074,
    "recall": 14.498933901918976,
    "tp": 68,
    "fp": 364,
    "fn": 401
  },
  "jaccard": [
    0.41907692307692307
  ],
  "braycurtis": [
    0.17702657622595352
  ],
  "dice": [
    0.26508369015181005
  ],
  "cosinus": [
    0.024288280875304213
  ]
}