{
  "voc_eval_res": {
    "precision": 86.8132,
    "recall": 43.8889,
    "f-score": 58.3026
  },
  "KL_res": {
    "KL divergence": 2.503971280204059,
    "Euclidean Dist.": 0.2596496579102312,
    "WER": 0.5754923413566739,
    "CER": 0.633362676056338,
    "Cosine Dist.": 0.3020872665796055
  },
  "occ_eval_res": {
    "precision": 88.75,
    "recall": 46.6083,
    "f-score": 61.1191
  },
  "clean_eval": {
    "f-score": 36.627906976744185,
    "precision": 27.93791574279379,
    "recall": 53.16455696202531,
    "tp": 126,
    "fp": 325,
    "fn": 111
  },
  "jaccard": [
    0.47892190739460955
  ],
  "braycurtis": [
    0.4737001209189843
  ],
  "dice": [
    0.31485688323489325
  ],
  "cosinus": [
    0.4842614777691391
  ]
}