{
  "voc_eval_res": {
    "precision": 39.6923,
    "recall": 42.2951,
    "f-score": 40.9524
  },
  "KL_res": {
    "KL divergence": 1.5435813131481733,
    "Euclidean Dist.": 0.11677602566967486,
    "WER": 0.8745148771021992,
    "CER": 0.6523098791755508,
    "Cosine Dist.": 0.11773820504761578
  },
  "occ_eval_res": {
    "precision": 42.76,
    "recall": 56.9211,
    "f-score": 48.8346
  },
  "clean_eval": {
    "f-score": 26.8018018018018,
    "precision": 31.523178807947023,
    "recall": 23.310479921645445,
    "tp": 238,
    "fp": 517,
    "fn": 783
  },
  "jaccard": [
    0.448006576243321
  ],
  "braycurtis": [
    0.2810569453789223
  ],
  "dice": [
    0.2886652542372881
  ],
  "cosinus": [
    0.06675240124547954
  ]
}