{
  "voc_eval_res": {
    "precision": 76.6667,
    "recall": 45.4545,
    "f-score": 57.072
  },
  "KL_res": {
    "KL divergence": 1.052126922905872,
    "Euclidean Dist.": 0.1061273962868072,
    "WER": 0.463768115942029,
    "CER": 0.3267080745341615,
    "Cosine Dist.": 0.07760353032876222
  },
  "occ_eval_res": {
    "precision": 76.5595,
    "recall": 65.2174,
    "f-score": 70.4348
  },
  "clean_eval": {
    "f-score": 42.368177613321,
    "precision": 39.27958833619211,
    "recall": 45.98393574297189,
    "tp": 229,
    "fp": 354,
    "fn": 269
  },
  "jaccard": [
    0.3760139049826188
  ],
  "braycurtis": [
    0.14235716988270905
  ],
  "dice": [
    0.23153763824473778
  ],
  "cosinus": [
    0.02281080914212663
  ]
}