{
  "voc_eval_res": {
    "precision": 70.7207,
    "recall": 51.4754,
    "f-score": 59.5825
  },
  "KL_res": {
    "KL divergence": 1.0619783330560064,
    "Euclidean Dist.": 0.09246759479480815,
    "WER": 0.4489003880983182,
    "CER": 0.33802416488983655,
    "Cosine Dist.": 0.03786575908297396
  },
  "occ_eval_res": {
    "precision": 74.6686,
    "recall": 65.5886,
    "f-score": 69.8347
  },
  "clean_eval": {
    "f-score": 47.82608695652174,
    "precision": 45.16556291390729,
    "recall": 50.81967213114754,
    "tp": 341,
    "fp": 414,
    "fn": 330
  },
  "jaccard": [
    0.37517764092846995
  ],
  "braycurtis": [
    0.1541022416216616
  ],
  "dice": [
    0.23090379008746356
  ],
  "cosinus": [
    0.025021436795757968
  ]
}