{
  "voc_eval_res": {
    "precision": 81.2117,
    "recall": 91.8646,
    "f-score": 86.2103
  },
  "KL_res": {
    "KL divergence": 0.030170419149127145,
    "Euclidean Dist.": 0.008869440056929518,
    "WER": 0.10671910741027202,
    "CER": 0.06006456754937929,
    "Cosine Dist.": 0.003966559724314256
  },
  "occ_eval_res": {
    "precision": 92.2126,
    "recall": 96.633,
    "f-score": 94.3711
  },
  "clean_eval": {
    "f-score": 84.16124387230795,
    "precision": 85.37515964240102,
    "recall": 82.98136453209614,
    "tp": 53479,
    "fp": 9161,
    "fn": 10968
  },
  "jaccard": [
    0.47878787878787876
  ],
  "braycurtis": [
    0.08610927263552583
  ],
  "dice": [
    0.3147410358565737
  ],
  "cosinus": [
    0.010121142863673716
  ]
}