{
  "voc_eval_res": {
    "precision": 55.5556,
    "recall": 8.427,
    "f-score": 14.6341
  },
  "KL_res": {
    "KL divergence": 4.685480135537837,
    "Euclidean Dist.": 0.3221168185497284,
    "WER": 0.9251101321585903,
    "CER": 0.8221428571428572,
    "Cosine Dist.": 0.4729310356198161
  },
  "occ_eval_res": {
    "precision": 61.5385,
    "recall": 10.5727,
    "f-score": 18.0451
  },
  "clean_eval": {
    "f-score": 11.583011583011583,
    "precision": 6.787330316742081,
    "recall": 39.473684210526315,
    "tp": 15,
    "fp": 206,
    "fn": 23
  },
  "jaccard": [
    0.8161106590724166
  ],
  "braycurtis": [
    0.6948955916473318
  ],
  "dice": [
    0.6893470790378007
  ],
  "cosinus": [
    0.2546150157939434
  ]
}