{
  "voc_eval_res": {
    "precision": 45.6897,
    "recall": 26.8354,
    "f-score": 33.8118
  },
  "KL_res": {
    "KL divergence": 2.0012556807494124,
    "Euclidean Dist.": 0.12920572886731435,
    "WER": 0.8118131868131868,
    "CER": 0.6461720366538575,
    "Cosine Dist.": 0.11074514088670362
  },
  "occ_eval_res": {
    "precision": 57.1709,
    "recall": 39.9725,
    "f-score": 47.0493
  },
  "clean_eval": {
    "f-score": 20.783645655877343,
    "precision": 17.604617604617605,
    "recall": 25.363825363825367,
    "tp": 122,
    "fp": 571,
    "fn": 359
  },
  "jaccard": [
    0.5139067180145486
  ],
  "braycurtis": [
    0.2561601210999916
  ],
  "dice": [
    0.3458105384393896
  ],
  "cosinus": [
    0.05529480614464555
  ]
}