{
  "voc_eval_res": {
    "precision": 54.0541,
    "recall": 16.8067,
    "f-score": 25.641
  },
  "KL_res": {
    "KL divergence": 2.142552925161474,
    "Euclidean Dist.": 0.1276737470846801,
    "WER": 0.7921311475409836,
    "CER": 0.639734414072605,
    "Cosine Dist.": 0.13575776086049363
  },
  "occ_eval_res": {
    "precision": 62.4495,
    "recall": 30.4262,
    "f-score": 40.9171
  },
  "clean_eval": {
    "f-score": 21.80094786729858,
    "precision": 16.678752719361857,
    "recall": 31.463748290013683,
    "tp": 230,
    "fp": 1149,
    "fn": 501
  },
  "jaccard": [
    0.6742237555446032
  ],
  "braycurtis": [
    0.33876203874039607
  ],
  "dice": [
    0.5085501858736059
  ],
  "cosinus": [
    0.058837491983070755
  ]
}