{
  "voc_eval_res": {
    "precision": 29.5775,
    "recall": 6.422,
    "f-score": 10.5528
  },
  "KL_res": {
    "KL divergence": 4.333068778634907,
    "Euclidean Dist.": 0.19215018713868898,
    "WER": 0.9238845144356955,
    "CER": 0.7567654639175257,
    "Cosine Dist.": 0.4850621379341886
  },
  "occ_eval_res": {
    "precision": 31.6547,
    "recall": 11.5486,
    "f-score": 16.9231
  },
  "clean_eval": {
    "f-score": 11.904761904761905,
    "precision": 8.174386920980927,
    "recall": 21.897810218978105,
    "tp": 30,
    "fp": 337,
    "fn": 107
  },
  "jaccard": [
    0.6866977829638273
  ],
  "braycurtis": [
    0.571988924780803
  ],
  "dice": [
    0.5228787205686362
  ],
  "cosinus": [
    0.25694782223679347
  ]
}