{
  "voc_eval_res": {
    "precision": 17.8571,
    "recall": 3.7209,
    "f-score": 6.1586
  },
  "KL_res": {
    "KL divergence": 3.9105592153067077,
    "Euclidean Dist.": 0.14147196499048317,
    "WER": 0.956989247311828,
    "CER": 0.8187266653566516,
    "Cosine Dist.": 0.6173838750846123
  },
  "occ_eval_res": {
    "precision": 22.5464,
    "recall": 6.0932,
    "f-score": 9.5937
  },
  "clean_eval": {
    "f-score": 0.8805031446540881,
    "precision": 0.5658852061438965,
    "recall": 1.9830028328611897,
    "tp": 7,
    "fp": 1230,
    "fn": 346
  },
  "jaccard": [
    0.7654016757023164
  ],
  "braycurtis": [
    0.6755681383426428
  ],
  "dice": [
    0.6199600798403193
  ],
  "cosinus": [
    0.24223894697113735
  ]
}