{
  "voc_eval_res": {
    "precision": 27.619,
    "recall": 6.1311,
    "f-score": 10.0346
  },
  "KL_res": {
    "KL divergence": 4.24924043296534,
    "Euclidean Dist.": 0.1907513539236068,
    "WER": 0.9263157894736842,
    "CER": 0.7699194270367055,
    "Cosine Dist.": 0.4262920295534506
  },
  "occ_eval_res": {
    "precision": 29.703,
    "recall": 10.5263,
    "f-score": 15.544
  },
  "clean_eval": {
    "f-score": 7.002801120448179,
    "precision": 4.752851711026616,
    "recall": 13.297872340425531,
    "tp": 25,
    "fp": 501,
    "fn": 163
  },
  "jaccard": [
    0.7849588719153937
  ],
  "braycurtis": [
    0.6032501641497046
  ],
  "dice": [
    0.6460348162475822
  ],
  "cosinus": [
    0.21338348678477514
  ]
}