{
  "voc_eval_res": {
    "precision": 18.75,
    "recall": 4.0923,
    "f-score": 6.7183
  },
  "KL_res": {
    "KL divergence": 3.9713274315619667,
    "Euclidean Dist.": 0.1842148049095455,
    "WER": 0.9515201314708299,
    "CER": 0.7887610020311442,
    "Cosine Dist.": 0.6885868159752955
  },
  "occ_eval_res": {
    "precision": 21.6216,
    "recall": 7.2309,
    "f-score": 10.8374
  },
  "clean_eval": {
    "f-score": 3.3400133600534407,
    "precision": 2.256317689530686,
    "recall": 6.426735218508997,
    "tp": 25,
    "fp": 1083,
    "fn": 364
  },
  "jaccard": [
    0.7544283413848631
  ],
  "braycurtis": [
    0.6583367811336367
  ],
  "dice": [
    0.6056884292178409
  ],
  "cosinus": [
    0.4429837920356072
  ]
}