{
  "voc_eval_res": {
    "precision": 16.0,
    "recall": 0.7018,
    "f-score": 1.3445
  },
  "KL_res": {
    "KL divergence": 4.141465921926097,
    "Euclidean Dist.": 0.23021594819629407,
    "WER": 0.9839104582021686,
    "CER": 0.8899160401369102,
    "Cosine Dist.": 0.8136369518782672
  },
  "occ_eval_res": {
    "precision": 22.3062,
    "recall": 2.0637,
    "f-score": 3.7778
  },
  "clean_eval": {
    "f-score": 0.5397200202395006,
    "precision": 0.2946050451113975,
    "recall": 3.2128514056224895,
    "tp": 16,
    "fp": 5415,
    "fn": 482
  },
  "jaccard": [
    0.8638676844783715
  ],
  "braycurtis": [
    0.7984568446002168
  ],
  "dice": [
    0.7603583426651735
  ],
  "cosinus": [
    0.30191780303451
  ]
}