{
  "voc_eval_res": {
    "precision": 54.8077,
    "recall": 17.5926,
    "f-score": 26.6355
  },
  "KL_res": {
    "KL divergence": 3.9315351092754516,
    "Euclidean Dist.": 0.2219925456455187,
    "WER": 0.8264014466546112,
    "CER": 0.7087827426810478,
    "Cosine Dist.": 0.3510371942106858
  },
  "occ_eval_res": {
    "precision": 57.8378,
    "recall": 19.349,
    "f-score": 28.9973
  },
  "clean_eval": {
    "f-score": 30.349013657056144,
    "precision": 20.876826722338205,
    "recall": 55.55555555555556,
    "tp": 100,
    "fp": 379,
    "fn": 80
  },
  "jaccard": [
    0.6676646706586826
  ],
  "braycurtis": [
    0.5398197535405554
  ],
  "dice": [
    0.501123595505618
  ],
  "cosinus": [
    0.28113472171705567
  ]
}