{
  "voc_eval_res": {
    "precision": 16.9014,
    "recall": 0.9238,
    "f-score": 1.7518
  },
  "KL_res": {
    "KL divergence": 4.8086241384114805,
    "Euclidean Dist.": 0.3296422886236049,
    "WER": 0.9793650793650793,
    "CER": 0.8763623978201635,
    "Cosine Dist.": 0.8594308029827147
  },
  "occ_eval_res": {
    "precision": 21.1268,
    "recall": 2.381,
    "f-score": 4.2796
  },
  "clean_eval": {
    "f-score": 0.30272452068617556,
    "precision": 0.1695873374788016,
    "recall": 1.4084507042253522,
    "tp": 3,
    "fp": 1766,
    "fn": 210
  },
  "jaccard": [
    0.8651010376843256
  ],
  "braycurtis": [
    0.7923608584939978
  ],
  "dice": [
    0.7622714148219442
  ],
  "cosinus": [
    0.4045625037114192
  ]
}