{
  "voc_eval_res": {
    "precision": 78.0488,
    "recall": 38.0952,
    "f-score": 51.2
  },
  "KL_res": {
    "KL divergence": 2.8422484293263603,
    "Euclidean Dist.": 0.1623381899037308,
    "WER": 0.6635514018691588,
    "CER": 0.4717514124293785,
    "Cosine Dist.": 0.27231220325641736
  },
  "occ_eval_res": {
    "precision": 76.9231,
    "recall": 37.3832,
    "f-score": 50.3145
  },
  "clean_eval": {
    "f-score": 42.5531914893617,
    "precision": 31.57894736842105,
    "recall": 65.21739130434783,
    "tp": 30,
    "fp": 65,
    "fn": 16
  },
  "jaccard": [
    0.43448275862068964
  ],
  "braycurtis": [
    0.3221070811744387
  ],
  "dice": [
    0.2775330396475771
  ],
  "cosinus": [
    0.13314331698358806
  ]
}