{
  "voc_eval_res": {
    "precision": 74.026,
    "recall": 52.7778,
    "f-score": 61.6216
  },
  "KL_res": {
    "KL divergence": 1.0234113220596077,
    "Euclidean Dist.": 0.2557059489756325,
    "WER": 0.5681818181818182,
    "CER": 0.40454545454545454,
    "Cosine Dist.": 0.009259468058327336
  },
  "occ_eval_res": {
    "precision": 64.3777,
    "recall": 68.1818,
    "f-score": 66.2252
  },
  "clean_eval": {
    "f-score": 46.46017699115044,
    "precision": 48.38709677419355,
    "recall": 44.680851063829785,
    "tp": 105,
    "fp": 112,
    "fn": 130
  },
  "jaccard": [
    0.3637274549098196
  ],
  "braycurtis": [
    0.25710702341137126
  ],
  "dice": [
    0.2222902633190447
  ],
  "cosinus": [
    0.040705624062522094
  ]
}