{
  "voc_eval_res": {
    "precision": 28.4563,
    "recall": 48.5345,
    "f-score": 35.8773
  },
  "KL_res": {
    "KL divergence": 0.3203639611144819,
    "Euclidean Dist.": 0.03207552909384208,
    "WER": 0.45676746702541454,
    "CER": 0.1283036431335329,
    "Cosine Dist.": 0.033805827821952295
  },
  "occ_eval_res": {
    "precision": 64.539,
    "recall": 65.1435,
    "f-score": 64.8398
  },
  "clean_eval": {
    "f-score": 52.352013045349196,
    "precision": 51.811063626311224,
    "recall": 52.90437754619387,
    "tp": 69346,
    "fp": 64498,
    "fn": 61732
  },
  "jaccard": [
    0.6134266063135618
  ],
  "braycurtis": [
    0.13592223837987388
  ],
  "dice": [
    0.4424047144613558
  ],
  "cosinus": [
    0.0137476983862036
  ]
}