{
  "voc_eval_res": {
    "precision": 31.25,
    "recall": 3.554,
    "f-score": 6.3821
  },
  "KL_res": {
    "KL divergence": 3.3818684902068052,
    "Euclidean Dist.": 0.5200831040886132,
    "WER": 0.9366657199659187,
    "CER": 0.7507761229221519,
    "Cosine Dist.": 0.831849696754484
  },
  "occ_eval_res": {
    "precision": 15.391,
    "recall": 10.4516,
    "f-score": 12.4493
  },
  "clean_eval": {
    "f-score": 1.0919337794998238,
    "precision": 0.9402487109493479,
    "recall": 1.3019739605207896,
    "tp": 31,
    "fp": 3266,
    "fn": 2350
  },
  "jaccard": [
    0.756388046773495
  ],
  "braycurtis": [
    0.6752588154921436
  ],
  "dice": [
    0.6082187010273377
  ],
  "cosinus": [
    0.7151300814087385
  ]
}