{
  "voc_eval_res": {
    "precision": 38.6905,
    "recall": 3.0531,
    "f-score": 5.6596
  },
  "KL_res": {
    "KL divergence": 3.607983679200638,
    "Euclidean Dist.": 0.21550196116802928,
    "WER": 0.9505443234836704,
    "CER": 0.8354342042133729,
    "Cosine Dist.": 0.6499240257233514
  },
  "occ_eval_res": {
    "precision": 31.2966,
    "recall": 6.5319,
    "f-score": 10.808
  },
  "clean_eval": {
    "f-score": 2.4397005822012754,
    "precision": 1.494057724957555,
    "recall": 6.646525679758309,
    "tp": 44,
    "fp": 2901,
    "fn": 618
  },
  "jaccard": [
    0.7984154929577465
  ],
  "braycurtis": [
    0.7139592123769339
  ],
  "dice": [
    0.6644688644688644
  ],
  "cosinus": [
    0.416733386281833
  ]
}