{
  "voc_eval_res": {
    "precision": 59.4203,
    "recall": 36.1917,
    "f-score": 44.9843
  },
  "KL_res": {
    "KL divergence": 1.4756178595866893,
    "Euclidean Dist.": 0.07893580009557126,
    "WER": 0.6181575433911882,
    "CER": 0.46669498725573494,
    "Cosine Dist.": 0.0971423135092172
  },
  "occ_eval_res": {
    "precision": 65.4955,
    "recall": 48.5314,
    "f-score": 55.7515
  },
  "clean_eval": {
    "f-score": 46.65565648224608,
    "precision": 42.41741741741742,
    "recall": 51.8348623853211,
    "tp": 565,
    "fp": 767,
    "fn": 525
  },
  "jaccard": [
    0.46495255586164674
  ],
  "braycurtis": [
    0.19865258557902404
  ],
  "dice": [
    0.3028913260219342
  ],
  "cosinus": [
    0.056883703963672816
  ]
}