{
  "voc_eval_res": {
    "precision": 54.641,
    "recall": 26.8966,
    "f-score": 36.0485
  },
  "KL_res": {
    "KL divergence": 1.9982881467607068,
    "Euclidean Dist.": 0.1403840122143637,
    "WER": 0.7005453644025781,
    "CER": 0.4985216608818614,
    "Cosine Dist.": 0.18633385310784356
  },
  "occ_eval_res": {
    "precision": 54.6607,
    "recall": 36.3411,
    "f-score": 43.6569
  },
  "clean_eval": {
    "f-score": 33.87703889585947,
    "precision": 28.662420382165603,
    "recall": 41.41104294478527,
    "tp": 540,
    "fp": 1344,
    "fn": 764
  },
  "jaccard": [
    0.5309712586719524
  ],
  "braycurtis": [
    0.24769895213820448
  ],
  "dice": [
    0.36144375105414067
  ],
  "cosinus": [
    0.07326750611857413
  ]
}