{
  "voc_eval_res": {
    "precision": 66.1972,
    "recall": 22.9268,
    "f-score": 34.058
  },
  "KL_res": {
    "KL divergence": 2.357768238769049,
    "Euclidean Dist.": 0.23292708577865123,
    "WER": 0.6621621621621622,
    "CER": 0.4680232558139535,
    "Cosine Dist.": 0.13307831623303878
  },
  "occ_eval_res": {
    "precision": 67.6056,
    "recall": 38.9189,
    "f-score": 49.3997
  },
  "clean_eval": {
    "f-score": 19.444444444444446,
    "precision": 15.426997245179063,
    "recall": 26.291079812206576,
    "tp": 56,
    "fp": 307,
    "fn": 157
  },
  "jaccard": [
    0.607898448519041
  ],
  "braycurtis": [
    0.29725963771481656
  ],
  "dice": [
    0.43667679837892603
  ],
  "cosinus": [
    0.08298784414995142
  ]
}