{
  "voc_eval_res": {
    "precision": 61.5385,
    "recall": 9.4118,
    "f-score": 16.3265
  },
  "KL_res": {
    "KL divergence": 4.000686601117265,
    "Euclidean Dist.": 0.32441755909884457,
    "WER": 0.8312958435207825,
    "CER": 0.6395589248793935,
    "Cosine Dist.": 0.2933788469049218
  },
  "occ_eval_res": {
    "precision": 65.5172,
    "recall": 18.5819,
    "f-score": 28.9524
  },
  "clean_eval": {
    "f-score": 25.454545454545453,
    "precision": 16.449086161879894,
    "recall": 56.25,
    "tp": 63,
    "fp": 320,
    "fn": 49
  },
  "jaccard": [
    0.7263088137839628
  ],
  "braycurtis": [
    0.46450989859971026
  ],
  "dice": [
    0.5702393340270552
  ],
  "cosinus": [
    0.22038177184506114
  ]
}