{
  "voc_eval_res": {
    "precision": 8.0,
    "recall": 0.4399,
    "f-score": 0.834
  },
  "KL_res": {
    "KL divergence": 4.166264456917757,
    "Euclidean Dist.": 0.22422263839330164,
    "WER": 0.9916359986617598,
    "CER": 0.9278662568687716,
    "Cosine Dist.": 0.8127638845915914
  },
  "occ_eval_res": {
    "precision": 14.0969,
    "recall": 1.0706,
    "f-score": 1.99
  },
  "clean_eval": {
    "f-score": 0.06482982171799027,
    "precision": 0.034891835310537335,
    "recall": 0.45662100456621,
    "tp": 1,
    "fp": 2865,
    "fn": 218
  },
  "jaccard": [
    0.8501165995336019
  ],
  "braycurtis": [
    0.8743331357439241
  ],
  "dice": [
    0.7393067846607669
  ],
  "cosinus": [
    0.26569052226223944
  ]
}