{
  "voc_eval_res": {
    "precision": 7.6923,
    "recall": 0.466,
    "f-score": 0.8788
  },
  "KL_res": {
    "KL divergence": 4.431049710079845,
    "Euclidean Dist.": 0.286835848389051,
    "WER": 0.9896854048478597,
    "CER": 0.9187915742793792,
    "Cosine Dist.": 0.8152686655438572
  },
  "occ_eval_res": {
    "precision": 10.0,
    "recall": 1.2378,
    "f-score": 2.2028
  },
  "clean_eval": {
    "f-score": 0.3988035892323031,
    "precision": 0.22611644997173544,
    "recall": 1.6877637130801686,
    "tp": 4,
    "fp": 1765,
    "fn": 233
  },
  "jaccard": [
    0.8834269662921348
  ],
  "braycurtis": [
    0.8570155019563171
  ],
  "dice": [
    0.7911949685534592
  ],
  "cosinus": [
    0.393935789644993
  ]
}