{
  "voc_eval_res": {
    "precision": 18.75,
    "recall": 0.538,
    "f-score": 1.046
  },
  "KL_res": {
    "KL divergence": 3.3028739733732526,
    "Euclidean Dist.": 0.25506856447733184,
    "WER": 0.9854014598540146,
    "CER": 0.9031949227134453,
    "Cosine Dist.": 0.7925496091112739
  },
  "occ_eval_res": {
    "precision": 16.8563,
    "recall": 1.919,
    "f-score": 3.4457
  },
  "clean_eval": {
    "f-score": 0.09029345372460496,
    "precision": 0.04996252810392206,
    "recall": 0.468384074941452,
    "tp": 4,
    "fp": 8002,
    "fn": 850
  },
  "jaccard": [
    0.8680282796543598
  ],
  "braycurtis": [
    0.8263119900843106
  ],
  "dice": [
    0.7668285912560722
  ],
  "cosinus": [
    0.3998450571557869
  ]
}