{
  "voc_eval_res": {
    "precision": 29.9145,
    "recall": 4.4304,
    "f-score": 7.7178
  },
  "KL_res": {
    "KL divergence": 4.908528634651369,
    "Euclidean Dist.": 0.2269951658874355,
    "WER": 0.9584877687175686,
    "CER": 0.7823022709475332,
    "Cosine Dist.": 0.8528240033444232
  },
  "occ_eval_res": {
    "precision": 24.3243,
    "recall": 5.3373,
    "f-score": 8.7538
  },
  "clean_eval": {
    "f-score": 1.4102564102564104,
    "precision": 0.8695652173913043,
    "recall": 3.728813559322034,
    "tp": 11,
    "fp": 1254,
    "fn": 284
  },
  "jaccard": [
    0.7573378839590443
  ],
  "braycurtis": [
    0.6331537425437752
  ],
  "dice": [
    0.60944795385883
  ],
  "cosinus": [
    0.3178351719649555
  ]
}