{
  "voc_eval_res": {
    "precision": 18.2891,
    "recall": 52.9915,
    "f-score": 27.193
  },
  "KL_res": {
    "KL divergence": 1.6897392717822362,
    "Euclidean Dist.": 0.1008219153321784,
    "WER": 2.8415841584158414,
    "CER": 2.299899193548387,
    "Cosine Dist.": 0.3817638640527613
  },
  "occ_eval_res": {
    "precision": 18.1818,
    "recall": 56.4356,
    "f-score": 27.503
  },
  "clean_eval": {
    "f-score": 13.202084539664158,
    "precision": 31.843575418994412,
    "recall": 8.327246165084002,
    "tp": 114,
    "fp": 244,
    "fn": 1255
  },
  "jaccard": [
    0.7797303803562831
  ],
  "braycurtis": [
    0.6467170886769703
  ],
  "dice": [
    0.6389820477411718
  ],
  "cosinus": [
    0.22300475369990003
  ]
}