{
  "voc_eval_res": {
    "precision": 80.543,
    "recall": 50.1408,
    "f-score": 61.8056
  },
  "KL_res": {
    "KL divergence": 0.50157685559825,
    "Euclidean Dist.": 0.06250643372408086,
    "WER": 0.5577507598784195,
    "CER": 0.5093951324266285,
    "Cosine Dist.": 0.018275499607408485
  },
  "occ_eval_res": {
    "precision": 90.8163,
    "recall": 54.1033,
    "f-score": 67.8095
  },
  "clean_eval": {
    "f-score": 28.654970760233923,
    "precision": 22.843822843822846,
    "recall": 38.43137254901961,
    "tp": 294,
    "fp": 993,
    "fn": 471
  },
  "jaccard": [
    0.34201077199281865
  ],
  "braycurtis": [
    0.2746829077499022
  ],
  "dice": [
    0.20628045479155388
  ],
  "cosinus": [
    0.014030649124439076
  ]
}