{
  "voc_eval_res": {
    "precision": 65.1163,
    "recall": 38.3562,
    "f-score": 48.2759
  },
  "KL_res": {
    "KL divergence": 0.9153410592904758,
    "Euclidean Dist.": 0.06161181511121045,
    "WER": 0.6127090301003344,
    "CER": 0.49289670117987,
    "Cosine Dist.": 0.04755059972960807
  },
  "occ_eval_res": {
    "precision": 80.0221,
    "recall": 48.495,
    "f-score": 60.3915
  },
  "clean_eval": {
    "f-score": 28.523489932885905,
    "precision": 22.834116856950974,
    "recall": 37.988826815642454,
    "tp": 340,
    "fp": 1149,
    "fn": 555
  },
  "jaccard": [
    0.3715651135005974
  ],
  "braycurtis": [
    0.2718147485589346
  ],
  "dice": [
    0.22817314746881878
  ],
  "cosinus": [
    0.020206830370741113
  ]
}