{
  "voc_eval_res": {
    "precision": 78.0488,
    "recall": 48.2412,
    "f-score": 59.6273
  },
  "KL_res": {
    "KL divergence": 0.6236480837380893,
    "Euclidean Dist.": 0.054210401444621095,
    "WER": 0.5686125852918877,
    "CER": 0.4945829750644884,
    "Cosine Dist.": 0.030108266233548675
  },
  "occ_eval_res": {
    "precision": 88.2724,
    "recall": 53.0705,
    "f-score": 66.2879
  },
  "clean_eval": {
    "f-score": 34.92217898832685,
    "precision": 27.89432789432789,
    "recall": 46.68400520156047,
    "tp": 359,
    "fp": 928,
    "fn": 410
  },
  "jaccard": [
    0.2965867158671587
  ],
  "braycurtis": [
    0.2658187259512612
  ],
  "dice": [
    0.17411318711075008
  ],
  "cosinus": [
    0.014936263541409645
  ]
}