{
  "voc_eval_res": {
    "precision": 36.2832,
    "recall": 33.3333,
    "f-score": 34.7458
  },
  "KL_res": {
    "KL divergence": 1.476127252014561,
    "Euclidean Dist.": 0.1452884793420197,
    "WER": 1.1224489795918366,
    "CER": 0.9771490750816104,
    "Cosine Dist.": 0.08179595530227501
  },
  "occ_eval_res": {
    "precision": 39.3701,
    "recall": 61.2245,
    "f-score": 47.9233
  },
  "clean_eval": {
    "f-score": 12.459016393442624,
    "precision": 15.899581589958158,
    "recall": 10.242587601078167,
    "tp": 38,
    "fp": 201,
    "fn": 333
  },
  "jaccard": [
    0.5164644714038128
  ],
  "braycurtis": [
    0.34856907556104594
  ],
  "dice": [
    0.34813084112149534
  ],
  "cosinus": [
    0.05413935871974307
  ]
}