{
  "voc_eval_res": {
    "precision": 38.7097,
    "recall": 9.3023,
    "f-score": 15.0
  },
  "KL_res": {
    "KL divergence": 4.612678060360757,
    "Euclidean Dist.": 0.4472497633487757,
    "WER": 0.8245614035087719,
    "CER": 0.516260162601626,
    "Cosine Dist.": 0.21320890801239156
  },
  "occ_eval_res": {
    "precision": 37.9747,
    "recall": 17.5439,
    "f-score": 24.0
  },
  "clean_eval": {
    "f-score": 24.786324786324787,
    "precision": 18.471337579617835,
    "recall": 37.66233766233766,
    "tp": 29,
    "fp": 128,
    "fn": 48
  },
  "jaccard": [
    0.7085828343313373
  ],
  "braycurtis": [
    0.39513381995133817
  ],
  "dice": [
    0.5486862442040186
  ],
  "cosinus": [
    0.11918382413848028
  ]
}