{
  "voc_eval_res": {
    "precision": 45.4545,
    "recall": 7.8431,
    "f-score": 13.3779
  },
  "KL_res": {
    "KL divergence": 4.612071131749735,
    "Euclidean Dist.": 0.37313803161224407,
    "WER": 0.8881578947368421,
    "CER": 0.6886882129277566,
    "Cosine Dist.": 0.28659398115669876
  },
  "occ_eval_res": {
    "precision": 38.3838,
    "recall": 12.5,
    "f-score": 18.8586
  },
  "clean_eval": {
    "f-score": 17.52577319587629,
    "precision": 11.724137931034482,
    "recall": 34.69387755102041,
    "tp": 34,
    "fp": 256,
    "fn": 64
  },
  "jaccard": [
    0.764540995094604
  ],
  "braycurtis": [
    0.5378040762656148
  ],
  "dice": [
    0.6188315371525809
  ],
  "cosinus": [
    0.24623838897851047
  ]
}