{
  "voc_eval_res": {
    "precision": 76.2332,
    "recall": 31.8949,
    "f-score": 44.9735
  },
  "KL_res": {
    "KL divergence": 0.9795703433964078,
    "Euclidean Dist.": 0.08496030470542991,
    "WER": 0.4594594594594595,
    "CER": 0.33878524576198993,
    "Cosine Dist.": 0.030951638036768148
  },
  "occ_eval_res": {
    "precision": 85.4225,
    "recall": 60.646,
    "f-score": 70.9329
  },
  "clean_eval": {
    "f-score": 39.151712887438826,
    "precision": 33.14917127071823,
    "recall": 47.808764940239044,
    "tp": 480,
    "fp": 968,
    "fn": 524
  },
  "jaccard": [
    0.5094210346008907
  ],
  "braycurtis": [
    0.15085260453165147
  ],
  "dice": [
    0.34176051482417835
  ],
  "cosinus": [
    0.015362932016427355
  ]
}