{
  "voc_eval_res": {
    "precision": 83.3333,
    "recall": 29.1096,
    "f-score": 43.1472
  },
  "KL_res": {
    "KL divergence": 1.6894166333234444,
    "Euclidean Dist.": 0.1500347301280133,
    "WER": 0.537122969837587,
    "CER": 0.5020655270655271,
    "Cosine Dist.": 0.188055832447376
  },
  "occ_eval_res": {
    "precision": 88.0553,
    "recall": 51.7401,
    "f-score": 65.1809
  },
  "clean_eval": {
    "f-score": 35.263157894736835,
    "precision": 27.88347205707491,
    "recall": 47.95501022494887,
    "tp": 469,
    "fp": 1213,
    "fn": 509
  },
  "jaccard": [
    0.5081180811808118
  ],
  "braycurtis": [
    0.30199558538672916
  ],
  "dice": [
    0.34058867177838237
  ],
  "cosinus": [
    0.2435557280058448
  ]
}