{
  "voc_eval_res": {
    "precision": 58.5227,
    "recall": 48.8152,
    "f-score": 53.23
  },
  "KL_res": {
    "KL divergence": 0.825664840481343,
    "Euclidean Dist.": 0.049486824536389806,
    "WER": 0.561284046692607,
    "CER": 0.4616528574463565,
    "Cosine Dist.": 0.02984110749663582
  },
  "occ_eval_res": {
    "precision": 71.7058,
    "recall": 68.2879,
    "f-score": 69.9552
  },
  "clean_eval": {
    "f-score": 39.8941798941799,
    "precision": 39.107883817427386,
    "recall": 40.71274298056156,
    "tp": 377,
    "fp": 587,
    "fn": 549
  },
  "jaccard": [
    0.34747899159663864
  ],
  "braycurtis": [
    0.1374331845484102
  ],
  "dice": [
    0.21027205695397916
  ],
  "cosinus": [
    0.02597810318131144
  ]
}