{
  "voc_eval_res": {
    "precision": 42.963,
    "recall": 41.4286,
    "f-score": 42.1818
  },
  "KL_res": {
    "KL divergence": 1.746983133254105,
    "Euclidean Dist.": 0.10315722439459037,
    "WER": 0.7540983606557377,
    "CER": 0.6548302872062663,
    "Cosine Dist.": 0.13105945831643417
  },
  "occ_eval_res": {
    "precision": 52.0325,
    "recall": 52.459,
    "f-score": 52.2449
  },
  "clean_eval": {
    "f-score": 23.779193205944797,
    "precision": 23.829787234042556,
    "recall": 23.728813559322035,
    "tp": 56,
    "fp": 179,
    "fn": 180
  },
  "jaccard": [
    0.48729121278140886
  ],
  "braycurtis": [
    0.24661912957954266
  ],
  "dice": [
    0.32213154104656744
  ],
  "cosinus": [
    0.052799326171416805
  ]
}