{
  "voc_eval_res": {
    "precision": 64.2045,
    "recall": 32.0113,
    "f-score": 42.7221
  },
  "KL_res": {
    "KL divergence": 2.1891543058667335,
    "Euclidean Dist.": 0.11068747048056833,
    "WER": 0.6425925925925926,
    "CER": 0.4791666666666667,
    "Cosine Dist.": 0.19564696090210054
  },
  "occ_eval_res": {
    "precision": 61.5607,
    "recall": 39.4444,
    "f-score": 48.0813
  },
  "clean_eval": {
    "f-score": 30.034924330616995,
    "precision": 24.71264367816092,
    "recall": 38.27893175074184,
    "tp": 129,
    "fp": 393,
    "fn": 208
  },
  "jaccard": [
    0.5011990407673861
  ],
  "braycurtis": [
    0.2511563367252544
  ],
  "dice": [
    0.3344
  ],
  "cosinus": [
    0.05216630380908882
  ]
}