{
  "voc_eval_res": {
    "precision": 65.9091,
    "recall": 36.4017,
    "f-score": 46.9003
  },
  "KL_res": {
    "KL divergence": 4.1538661773788625,
    "Euclidean Dist.": 0.398908693302225,
    "WER": 0.7250859106529209,
    "CER": 0.5273529411764706,
    "Cosine Dist.": 0.7864381054767876
  },
  "occ_eval_res": {
    "precision": 58.8816,
    "recall": 30.756,
    "f-score": 40.4063
  },
  "clean_eval": {
    "f-score": 25.42955326460481,
    "precision": 19.3717277486911,
    "recall": 37.0,
    "tp": 111,
    "fp": 462,
    "fn": 189
  },
  "jaccard": [
    0.4491525423728814
  ],
  "braycurtis": [
    0.3349290780141844
  ],
  "dice": [
    0.2896174863387978
  ],
  "cosinus": [
    0.404607864453145
  ]
}