{
  "voc_eval_res": {
    "precision": 61.9565,
    "recall": 41.9118,
    "f-score": 50.0
  },
  "KL_res": {
    "KL divergence": 2.0114918332490537,
    "Euclidean Dist.": 0.14270490359234753,
    "WER": 0.5984251968503937,
    "CER": 0.4572944297082228,
    "Cosine Dist.": 0.09784823522951491
  },
  "occ_eval_res": {
    "precision": 64.467,
    "recall": 50.0,
    "f-score": 56.3193
  },
  "clean_eval": {
    "f-score": 43.52331606217617,
    "precision": 39.81042654028436,
    "recall": 48.0,
    "tp": 84,
    "fp": 127,
    "fn": 91
  },
  "jaccard": [
    0.44612644701691895
  ],
  "braycurtis": [
    0.29469606674612636
  ],
  "dice": [
    0.2871060171919771
  ],
  "cosinus": [
    0.12741774606789646
  ]
}