{
  "voc_eval_res": {
    "precision": 41.6,
    "recall": 20.7171,
    "f-score": 27.6596
  },
  "KL_res": {
    "KL divergence": 4.1559406689060765,
    "Euclidean Dist.": 0.20236784720621348,
    "WER": 0.8202020202020202,
    "CER": 0.6675782436949256,
    "Cosine Dist.": 0.4477130916785764
  },
  "occ_eval_res": {
    "precision": 47.1366,
    "recall": 21.6162,
    "f-score": 29.6399
  },
  "clean_eval": {
    "f-score": 21.18780096308186,
    "precision": 16.33663366336634,
    "recall": 30.136986301369863,
    "tp": 66,
    "fp": 338,
    "fn": 153
  },
  "jaccard": [
    0.6198208286674132
  ],
  "braycurtis": [
    0.4793002915451895
  ],
  "dice": [
    0.44908722109533467
  ],
  "cosinus": [
    0.3169087482782357
  ]
}