{
  "voc_eval_res": {
    "precision": 37.931,
    "recall": 36.9748,
    "f-score": 37.4468
  },
  "KL_res": {
    "KL divergence": 1.0022341173062759,
    "Euclidean Dist.": 0.0684122848017813,
    "WER": 0.6200607902735562,
    "CER": 0.5257693733778273,
    "Cosine Dist.": 0.010093069755017003
  },
  "occ_eval_res": {
    "precision": 66.9591,
    "recall": 69.6049,
    "f-score": 68.2563
  },
  "clean_eval": {
    "f-score": 10.16949152542373,
    "precision": 10.377358490566039,
    "recall": 9.969788519637463,
    "tp": 33,
    "fp": 285,
    "fn": 298
  },
  "jaccard": [
    0.48890714872637636
  ],
  "braycurtis": [
    0.18810051736881006
  ],
  "dice": [
    0.3235454051114736
  ],
  "cosinus": [
    0.016869177769417987
  ]
}