{
  "voc_eval_res": {
    "precision": 10.0,
    "recall": 1.0582,
    "f-score": 1.9139
  },
  "KL_res": {
    "KL divergence": 6.102606278012452,
    "Euclidean Dist.": 0.24020792973842553,
    "WER": 0.990521327014218,
    "CER": 0.930870083432658,
    "Cosine Dist.": 0.8996702511267716
  },
  "occ_eval_res": {
    "precision": 10.0,
    "recall": 0.9479,
    "f-score": 1.7316
  },
  "clean_eval": {
    "f-score": 1.8518518518518516,
    "precision": 1.015228426395939,
    "recall": 10.526315789473683,
    "tp": 2,
    "fp": 195,
    "fn": 17
  },
  "jaccard": [
    0.9061538461538462
  ],
  "braycurtis": [
    0.9083885209713024
  ],
  "dice": [
    0.8284106891701828
  ],
  "cosinus": [
    0.6477463876725202
  ]
}