{
  "voc_eval_res": {
    "precision": 62.6016,
    "recall": 29.1667,
    "f-score": 39.7933
  },
  "KL_res": {
    "KL divergence": 2.3681097856951476,
    "Euclidean Dist.": 0.1897721262197125,
    "WER": 0.6612318840579711,
    "CER": 0.5529656127394414,
    "Cosine Dist.": 0.2796763361704958
  },
  "occ_eval_res": {
    "precision": 72.1683,
    "recall": 40.3986,
    "f-score": 51.8002
  },
  "clean_eval": {
    "f-score": 29.550827423167846,
    "precision": 23.062730627306273,
    "recall": 41.118421052631575,
    "tp": 125,
    "fp": 417,
    "fn": 179
  },
  "jaccard": [
    0.5522066738428417
  ],
  "braycurtis": [
    0.34332030684614273
  ],
  "dice": [
    0.3814126394052045
  ],
  "cosinus": [
    0.2553793972354148
  ]
}