{
  "voc_eval_res": {
    "precision": 63.2124,
    "recall": 36.2018,
    "f-score": 46.0377
  },
  "KL_res": {
    "KL divergence": 1.4780248424157056,
    "Euclidean Dist.": 0.2699076716497116,
    "WER": 0.6890660592255126,
    "CER": 0.4931134469010511,
    "Cosine Dist.": 0.07628406190929071
  },
  "occ_eval_res": {
    "precision": 53.6117,
    "recall": 54.1002,
    "f-score": 53.8549
  },
  "clean_eval": {
    "f-score": 24.25629290617849,
    "precision": 24.480369515011546,
    "recall": 24.03628117913832,
    "tp": 212,
    "fp": 654,
    "fn": 670
  },
  "jaccard": [
    0.4735349716446125
  ],
  "braycurtis": [
    0.3071507965913301
  ],
  "dice": [
    0.31021671826625385
  ],
  "cosinus": [
    0.17975254850831401
  ]
}