{
  "voc_eval_res": {
    "precision": 21.2766,
    "recall": 3.1746,
    "f-score": 5.5249
  },
  "KL_res": {
    "KL divergence": 4.320952907656229,
    "Euclidean Dist.": 0.26556515684102133,
    "WER": 0.9539325842696629,
    "CER": 0.7835867204467887,
    "Cosine Dist.": 0.6859323260756408
  },
  "occ_eval_res": {
    "precision": 20.6278,
    "recall": 5.1685,
    "f-score": 8.2659
  },
  "clean_eval": {
    "f-score": 2.391904323827047,
    "precision": 1.5011547344110854,
    "recall": 5.88235294117647,
    "tp": 13,
    "fp": 853,
    "fn": 208
  },
  "jaccard": [
    0.7832783278327833
  ],
  "braycurtis": [
    0.642806352216165
  ],
  "dice": [
    0.64376130198915
  ],
  "cosinus": [
    0.31718752676449646
  ]
}