{
  "voc_eval_res": {
    "precision": 71.9745,
    "recall": 45.3451,
    "f-score": 55.6376
  },
  "KL_res": {
    "KL divergence": 1.150892951632744,
    "Euclidean Dist.": 0.26385884569043305,
    "WER": 0.5596435100548446,
    "CER": 0.4607625948030962,
    "Cosine Dist.": 0.5130233296665306
  },
  "occ_eval_res": {
    "precision": 82.5233,
    "recall": 54.7075,
    "f-score": 65.7963
  },
  "clean_eval": {
    "f-score": 40.79078367230835,
    "precision": 33.741176470588236,
    "recall": 51.56418554476807,
    "tp": 1434,
    "fp": 2816,
    "fn": 1347
  },
  "jaccard": [
    0.39236939085194017
  ],
  "braycurtis": [
    0.18983106790290155
  ],
  "dice": [
    0.24406688241639699
  ],
  "cosinus": [
    0.09548064159055514
  ]
}