{
  "voc_eval_res": {
    "precision": 68.9388,
    "recall": 42.5837,
    "f-score": 52.6471
  },
  "KL_res": {
    "KL divergence": 0.5211757105547689,
    "Euclidean Dist.": 0.05053969710981028,
    "WER": 0.5136310419802642,
    "CER": 0.3275191320706471,
    "Cosine Dist.": 0.04582344086845391
  },
  "occ_eval_res": {
    "precision": 75.5959,
    "recall": 66.8339,
    "f-score": 70.9454
  },
  "clean_eval": {
    "f-score": 49.552838109144005,
    "precision": 46.346876066917034,
    "recall": 53.23529411764706,
    "tp": 2715,
    "fp": 3143,
    "fn": 2385
  },
  "jaccard": [
    0.3385873902633679
  ],
  "braycurtis": [
    0.09103950879407799
  ],
  "dice": [
    0.20379488411192506
  ],
  "cosinus": [
    0.007591518668405239
  ]
}