{
  "voc_eval_res": {
    "precision": 71.2313,
    "recall": 48.473,
    "f-score": 57.6887
  },
  "KL_res": {
    "KL divergence": 0.9582517089493615,
    "Euclidean Dist.": 0.2156825385183066,
    "WER": 0.5256018341612534,
    "CER": 0.43516587039903104,
    "Cosine Dist.": 0.43869561118442857
  },
  "occ_eval_res": {
    "precision": 77.8774,
    "recall": 63.0875,
    "f-score": 69.7066
  },
  "clean_eval": {
    "f-score": 43.84847468990948,
    "precision": 39.21647011792924,
    "recall": 49.72123669538773,
    "tp": 1962,
    "fp": 3041,
    "fn": 1984
  },
  "jaccard": [
    0.3573131094257855
  ],
  "braycurtis": [
    0.1620409575039061
  ],
  "dice": [
    0.21751747790528955
  ],
  "cosinus": [
    0.10122247071910839
  ]
}