{
  "voc_eval_res": {
    "precision": 63.5593,
    "recall": 42.3729,
    "f-score": 50.8475
  },
  "KL_res": {
    "KL divergence": 1.5097218462237763,
    "Euclidean Dist.": 0.10549043546433999,
    "WER": 0.5671641791044776,
    "CER": 0.3820364238410596,
    "Cosine Dist.": 0.09703609386188972
  },
  "occ_eval_res": {
    "precision": 62.6667,
    "recall": 56.1194,
    "f-score": 59.2126
  },
  "clean_eval": {
    "f-score": 33.45070422535211,
    "precision": 31.561461794019934,
    "recall": 35.580524344569284,
    "tp": 95,
    "fp": 206,
    "fn": 172
  },
  "jaccard": [
    0.41965566714490676
  ],
  "braycurtis": [
    0.21629094002552104
  ],
  "dice": [
    0.265546981389015
  ],
  "cosinus": [
    0.0495320494470427
  ]
}