{
  "voc_eval_res": {
    "precision": 72.4138,
    "recall": 25.0,
    "f-score": 37.1681
  },
  "KL_res": {
    "KL divergence": 2.8689723245467023,
    "Euclidean Dist.": 0.26922624271260437,
    "WER": 0.6495327102803738,
    "CER": 0.6212370005473454,
    "Cosine Dist.": 0.16741133595565594
  },
  "occ_eval_res": {
    "precision": 77.0642,
    "recall": 39.2523,
    "f-score": 52.0124
  },
  "clean_eval": {
    "f-score": 45.367412140575084,
    "precision": 34.46601941747573,
    "recall": 66.35514018691589,
    "tp": 71,
    "fp": 135,
    "fn": 36
  },
  "jaccard": [
    0.6082036775106082
  ],
  "braycurtis": [
    0.46142208774583965
  ],
  "dice": [
    0.4369918699186992
  ],
  "cosinus": [
    0.3434141191703777
  ]
}