{
  "voc_eval_res": {
    "precision": 51.0145,
    "recall": 20.0456,
    "f-score": 28.7817
  },
  "KL_res": {
    "KL divergence": 2.8863059638698916,
    "Euclidean Dist.": 0.3485613765984297,
    "WER": 0.7755956213779781,
    "CER": 0.5251177394034537,
    "Cosine Dist.": 0.7502568199164912
  },
  "occ_eval_res": {
    "precision": 58.0686,
    "recall": 29.4269,
    "f-score": 39.0598
  },
  "clean_eval": {
    "f-score": 18.679119412941965,
    "precision": 14.112903225806454,
    "recall": 27.613412228796847,
    "tp": 420,
    "fp": 2556,
    "fn": 1101
  },
  "jaccard": [
    0.6239958538481472
  ],
  "braycurtis": [
    0.29146447679482396
  ],
  "dice": [
    0.4534839924670433
  ],
  "cosinus": [
    0.27059907565068575
  ]
}