{
  "voc_eval_res": {
    "precision": 30.7246,
    "recall": 12.9743,
    "f-score": 18.2444
  },
  "KL_res": {
    "KL divergence": 3.2295725487850264,
    "Euclidean Dist.": 0.3301320487277151,
    "WER": 0.8494496855345912,
    "CER": 0.6321674507397559,
    "Cosine Dist.": 0.7944226093668839
  },
  "occ_eval_res": {
    "precision": 36.4676,
    "recall": 22.5629,
    "f-score": 27.8776
  },
  "clean_eval": {
    "f-score": 9.812847749114821,
    "precision": 7.973695026715988,
    "recall": 12.754766600920448,
    "tp": 194,
    "fp": 2239,
    "fn": 1327
  },
  "jaccard": [
    0.6397432468574485
  ],
  "braycurtis": [
    0.36306931038087603
  ],
  "dice": [
    0.47031065670467953
  ],
  "cosinus": [
    0.2728060731375538
  ]
}