{
  "voc_eval_res": {
    "precision": 0,
    "recall": 0,
    "f-score": 0
  },
  "KL_res": {
    "KL divergence": 9.899654171814605,
    "Euclidean Dist.": 0.5,
    "WER": 4.0,
    "CER": 1.9298245614035088,
    "Cosine Dist.": 1.0
  },
  "occ_eval_res": {
    "precision": 0,
    "recall": 0,
    "f-score": 0
  },
  "clean_eval": {
    "f-score": 0.0,
    "precision": 0.0,
    "recall": 0.0,
    "tp": 0,
    "fp": 5,
    "fn": 19
  },
  "jaccard": [
    0.9326241134751773
  ],
  "braycurtis": [
    0.8842105263157894
  ],
  "dice": [
    0.8737541528239202
  ],
  "cosinus": [
    0.8551836340438657
  ]
}