{
  "voc_eval_res": {
    "precision": 2.399,
    "recall": 10.4396,
    "f-score": 3.9014
  },
  "KL_res": {
    "KL divergence": 3.201335955962615,
    "Euclidean Dist.": 0.22274685605338213,
    "WER": 3.673716012084592,
    "CER": 3.9992277992277994,
    "Cosine Dist.": 0.4469642534849336
  },
  "occ_eval_res": {
    "precision": 6.8696,
    "recall": 26.5861,
    "f-score": 10.9181
  },
  "clean_eval": {
    "f-score": 0.7336757153338225,
    "precision": 1.5625,
    "recall": 0.4793863854266539,
    "tp": 5,
    "fp": 315,
    "fn": 1038
  },
  "jaccard": [
    0.88765359859567
  ],
  "braycurtis": [
    0.782438259506076
  ],
  "dice": [
    0.7980010520778538
  ],
  "cosinus": [
    0.36581400439647127
  ]
}