{
  "voc_eval_res": {
    "precision": 49.7159,
    "recall": 44.0806,
    "f-score": 46.729
  },
  "KL_res": {
    "KL divergence": 1.1013702133502894,
    "Euclidean Dist.": 0.059594844244718975,
    "WER": 0.6638655462184874,
    "CER": 0.5323550637478951,
    "Cosine Dist.": 0.044402796547112544
  },
  "occ_eval_res": {
    "precision": 61.0827,
    "recall": 62.8151,
    "f-score": 61.9368
  },
  "clean_eval": {
    "f-score": 25.218340611353714,
    "precision": 25.496688741721858,
    "recall": 24.946004319654428,
    "tp": 231,
    "fp": 675,
    "fn": 695
  },
  "jaccard": [
    0.3938886563415655
  ],
  "braycurtis": [
    0.16257111019881532
  ],
  "dice": [
    0.24524367995830076
  ],
  "cosinus": [
    0.02809374577208268
  ]
}