{
  "voc_eval_res": {
    "precision": 75.4902,
    "recall": 35.7309,
    "f-score": 48.5039
  },
  "KL_res": {
    "KL divergence": 1.386758849108615,
    "Euclidean Dist.": 0.10908359641693316,
    "WER": 0.5287356321839081,
    "CER": 0.4209418070444104,
    "Cosine Dist.": 0.078591121591847
  },
  "occ_eval_res": {
    "precision": 78.381,
    "recall": 57.0402,
    "f-score": 66.0291
  },
  "clean_eval": {
    "f-score": 33.78016085790884,
    "precision": 30.0,
    "recall": 38.65030674846626,
    "tp": 378,
    "fp": 882,
    "fn": 600
  },
  "jaccard": [
    0.48148148148148145
  ],
  "braycurtis": [
    0.23158347214013217
  ],
  "dice": [
    0.3170731707317073
  ],
  "cosinus": [
    0.14869279994554885
  ]
}