{
  "voc_eval_res": {
    "precision": 66.3768,
    "recall": 22.7408,
    "f-score": 33.8757
  },
  "KL_res": {
    "KL divergence": 2.2973461735531373,
    "Euclidean Dist.": 0.2991282154709287,
    "WER": 0.7248571428571429,
    "CER": 0.48914654807285046,
    "Cosine Dist.": 0.6670363797373918
  },
  "occ_eval_res": {
    "precision": 71.7916,
    "recall": 32.2857,
    "f-score": 44.5408
  },
  "clean_eval": {
    "f-score": 22.09619827767276,
    "precision": 16.234567901234566,
    "recall": 34.58251150558843,
    "tp": 526,
    "fp": 2714,
    "fn": 995
  },
  "jaccard": [
    0.6650246305418719
  ],
  "braycurtis": [
    0.30213555098374434
  ],
  "dice": [
    0.4981549815498155
  ],
  "cosinus": [
    0.33027963219146794
  ]
}