{
  "voc_eval_res": {
    "precision": 81.8182,
    "recall": 33.0275,
    "f-score": 47.0588
  },
  "KL_res": {
    "KL divergence": 3.7469611886826213,
    "Euclidean Dist.": 0.331674473567973,
    "WER": 0.7188755020080321,
    "CER": 0.6427911275415896,
    "Cosine Dist.": 0.31085816584954573
  },
  "occ_eval_res": {
    "precision": 77.7778,
    "recall": 30.9237,
    "f-score": 44.2529
  },
  "clean_eval": {
    "f-score": 34.78260869565218,
    "precision": 24.291497975708502,
    "recall": 61.224489795918366,
    "tp": 60,
    "fp": 187,
    "fn": 38
  },
  "jaccard": [
    0.6190476190476191
  ],
  "braycurtis": [
    0.48491584630041284
  ],
  "dice": [
    0.4482758620689655
  ],
  "cosinus": [
    0.37255551317150815
  ]
}