{
  "voc_eval_res": {
    "precision": 1.6266,
    "recall": 15.2174,
    "f-score": 2.9391
  },
  "KL_res": {
    "KL divergence": 5.545650471722365,
    "Euclidean Dist.": 0.19495073773616167,
    "WER": 30.63372093023256,
    "CER": 36.676783004552355,
    "Cosine Dist.": 0.8853541312676804
  },
  "occ_eval_res": {
    "precision": 0.4162,
    "recall": 12.7907,
    "f-score": 0.8062
  },
  "clean_eval": {
    "f-score": 0.11383039271485487,
    "precision": 1.7543859649122806,
    "recall": 0.0588235294117647,
    "tp": 3,
    "fp": 168,
    "fn": 5097
  },
  "jaccard": [
    0.784623486045287
  ],
  "braycurtis": [
    0.9558855259802671
  ],
  "dice": [
    0.645580589254766
  ],
  "cosinus": [
    0.4697065137005537
  ]
}