{
  "voc_eval_res": {
    "precision": 1.3809,
    "recall": 13.7931,
    "f-score": 2.5105
  },
  "KL_res": {
    "KL divergence": 5.455597574916028,
    "Euclidean Dist.": 0.1814924394962125,
    "WER": 44.96808510638298,
    "CER": 60.53492063492064,
    "Cosine Dist.": 0.8247280712481991
  },
  "occ_eval_res": {
    "precision": 0.3302,
    "recall": 14.8936,
    "f-score": 0.6461
  },
  "clean_eval": {
    "f-score": 0.29821073558648115,
    "precision": 7.6923076923076925,
    "recall": 0.15205271160669032,
    "tp": 6,
    "fp": 72,
    "fn": 3940
  },
  "jaccard": [
    0.8500273672687466
  ],
  "braycurtis": [
    0.9742513012648042
  ],
  "dice": [
    0.7391718229414564
  ],
  "cosinus": [
    0.2805829389525506
  ]
}