{
  "voc_eval_res": {
    "precision": 19.7674,
    "recall": 1.1757,
    "f-score": 2.2193
  },
  "KL_res": {
    "KL divergence": 4.275936943237882,
    "Euclidean Dist.": 0.2881328848671757,
    "WER": 0.9751191106405506,
    "CER": 0.8892925692349877,
    "Cosine Dist.": 0.7418400923636709
  },
  "occ_eval_res": {
    "precision": 22.5806,
    "recall": 3.3351,
    "f-score": 5.8118
  },
  "clean_eval": {
    "f-score": 0.5805515239477503,
    "precision": 0.33222591362126247,
    "recall": 2.2988505747126435,
    "tp": 6,
    "fp": 1800,
    "fn": 255
  },
  "jaccard": [
    0.8448180815876516
  ],
  "braycurtis": [
    0.7980498893342107
  ],
  "dice": [
    0.7313290384156526
  ],
  "cosinus": [
    0.2950042429017461
  ]
}