{
  "voc_eval_res": {
    "precision": 29.6296,
    "recall": 22.2222,
    "f-score": 25.3968
  },
  "KL_res": {
    "KL divergence": 5.145269070439328,
    "Euclidean Dist.": 0.23283953338332603,
    "WER": 0.8157894736842105,
    "CER": 0.535175879396985,
    "Cosine Dist.": 0.5874315014964825
  },
  "occ_eval_res": {
    "precision": 27.5862,
    "recall": 21.0526,
    "f-score": 23.8806
  },
  "clean_eval": {
    "f-score": 21.875000000000004,
    "precision": 19.444444444444446,
    "recall": 25.0,
    "tp": 7,
    "fp": 29,
    "fn": 21
  },
  "jaccard": [
    0.5508317929759704
  ],
  "braycurtis": [
    0.3892128279883382
  ],
  "dice": [
    0.38010204081632654
  ],
  "cosinus": [
    0.20148019602558964
  ]
}