{
  "voc_eval_res": {
    "precision": 50.0,
    "recall": 8.5443,
    "f-score": 14.5946
  },
  "KL_res": {
    "KL divergence": 4.267634777634852,
    "Euclidean Dist.": 0.1915311200407233,
    "WER": 0.9314159292035398,
    "CER": 0.8233009708737864,
    "Cosine Dist.": 0.6349272010262376
  },
  "occ_eval_res": {
    "precision": 53.125,
    "recall": 7.5221,
    "f-score": 13.1783
  },
  "clean_eval": {
    "f-score": 10.38961038961039,
    "precision": 5.970149253731343,
    "recall": 40.0,
    "tp": 24,
    "fp": 378,
    "fn": 36
  },
  "jaccard": [
    0.7669211195928753
  ],
  "braycurtis": [
    0.7042825883088465
  ],
  "dice": [
    0.621956252579447
  ],
  "cosinus": [
    0.23797787663386238
  ]
}