{
  "voc_eval_res": {
    "precision": 45.4545,
    "recall": 10.0575,
    "f-score": 16.4706
  },
  "KL_res": {
    "KL divergence": 4.515128129441626,
    "Euclidean Dist.": 0.69899026309572,
    "WER": 0.9563492063492064,
    "CER": 0.7773876404494382,
    "Cosine Dist.": 0.8689471759212926
  },
  "occ_eval_res": {
    "precision": 18.8841,
    "recall": 8.7302,
    "f-score": 11.9403
  },
  "clean_eval": {
    "f-score": 6.986899563318776,
    "precision": 5.3097345132743365,
    "recall": 10.212765957446807,
    "tp": 24,
    "fp": 428,
    "fn": 211
  },
  "jaccard": [
    0.7636363636363637
  ],
  "braycurtis": [
    0.724188075618032
  ],
  "dice": [
    0.6176470588235294
  ],
  "cosinus": [
    0.761095065355946
  ]
}