{
  "voc_eval_res": {
    "precision": 45.3658,
    "recall": 63.4543,
    "f-score": 52.9067
  },
  "KL_res": {
    "KL divergence": 0.2696195838041366,
    "Euclidean Dist.": 0.036788690455324194,
    "WER": 0.2809236586244148,
    "CER": 0.09491969114319632,
    "Cosine Dist.": 0.058935283191509646
  },
  "occ_eval_res": {
    "precision": 77.9619,
    "recall": 78.6348,
    "f-score": 78.2969
  },
  "clean_eval": {
    "f-score": 70.70318775388428,
    "precision": 70.49932492734388,
    "recall": 70.90823301954104,
    "tp": 61615,
    "fp": 25783,
    "fn": 25279
  },
  "jaccard": [
    0.6357971804657684
  ],
  "braycurtis": [
    0.13583949288784614
  ],
  "dice": [
    0.46605766485869254
  ],
  "cosinus": [
    0.022576456219953855
  ]
}