{
  "voc_eval_res": {
    "precision": 70.2703,
    "recall": 25.2427,
    "f-score": 37.1429
  },
  "KL_res": {
    "KL divergence": 2.0543092235377194,
    "Euclidean Dist.": 0.18170234850836106,
    "WER": 0.6349206349206349,
    "CER": 0.48139711465451784,
    "Cosine Dist.": 0.07338895155645664
  },
  "occ_eval_res": {
    "precision": 70.9957,
    "recall": 43.3862,
    "f-score": 53.8588
  },
  "clean_eval": {
    "f-score": 23.372287145242073,
    "precision": 19.021739130434785,
    "recall": 30.303030303030305,
    "tp": 70,
    "fp": 298,
    "fn": 161
  },
  "jaccard": [
    0.6089238845144357
  ],
  "braycurtis": [
    0.27018368218709954
  ],
  "dice": [
    0.4377358490566038
  ],
  "cosinus": [
    0.052469475788985864
  ]
}