{
  "voc_eval_res": {
    "precision": 77.1339,
    "recall": 78.8064,
    "f-score": 77.9612
  },
  "KL_res": {
    "KL divergence": 0.11084532039357102,
    "Euclidean Dist.": 0.017437414604406183,
    "WER": 0.18431541950558622,
    "CER": 0.10086506248428549,
    "Cosine Dist.": 0.010914824107006171
  },
  "occ_eval_res": {
    "precision": 88.5209,
    "recall": 86.5951,
    "f-score": 87.5474
  },
  "clean_eval": {
    "f-score": 82.53352912383748,
    "precision": 83.03425453542656,
    "recall": 82.0388066091898,
    "tp": 42154,
    "fp": 8613,
    "fn": 9229
  },
  "jaccard": [
    0.43149481819778673
  ],
  "braycurtis": [
    0.07443440389758307
  ],
  "dice": [
    0.275099389663475
  ],
  "cosinus": [
    0.005735845797813277
  ]
}