{
  "voc_eval_res": {
    "precision": 21.2389,
    "recall": 1.6949,
    "f-score": 3.1393
  },
  "KL_res": {
    "KL divergence": 4.221121245775997,
    "Euclidean Dist.": 0.21269208810956902,
    "WER": 0.9764177428411005,
    "CER": 0.8706426811972829,
    "Cosine Dist.": 0.8080476170819905
  },
  "occ_eval_res": {
    "precision": 18.1507,
    "recall": 2.9759,
    "f-score": 5.1134
  },
  "clean_eval": {
    "f-score": 1.4470284237726097,
    "precision": 0.847457627118644,
    "recall": 4.946996466431095,
    "tp": 14,
    "fp": 1638,
    "fn": 269
  },
  "jaccard": [
    0.8015160022459292
  ],
  "braycurtis": [
    0.7678571428571429
  ],
  "dice": [
    0.6687748887327243
  ],
  "cosinus": [
    0.30441512265903536
  ]
}