{
  "voc_eval_res": {
    "precision": 27.907,
    "recall": 2.0253,
    "f-score": 3.7766
  },
  "KL_res": {
    "KL divergence": 4.16206470123582,
    "Euclidean Dist.": 0.2610635949195323,
    "WER": 0.9648541114058355,
    "CER": 0.8700980392156863,
    "Cosine Dist.": 0.6656161510090822
  },
  "occ_eval_res": {
    "precision": 26.8817,
    "recall": 4.9735,
    "f-score": 8.394
  },
  "clean_eval": {
    "f-score": 1.1799410029498525,
    "precision": 0.697350069735007,
    "recall": 3.8314176245210727,
    "tp": 10,
    "fp": 1424,
    "fn": 251
  },
  "jaccard": [
    0.8149197355996223
  ],
  "braycurtis": [
    0.7601748351963313
  ],
  "dice": [
    0.6876494023904383
  ],
  "cosinus": [
    0.30536644743732133
  ]
}