{
  "voc_eval_res": {
    "precision": 61.4038,
    "recall": 86.9832,
    "f-score": 71.9887
  },
  "KL_res": {
    "KL divergence": 0.09284960882964471,
    "Euclidean Dist.": 0.008594195375876586,
    "WER": 0.16353922350887654,
    "CER": 0.10565294666943578,
    "Cosine Dist.": 0.0016253546894272608
  },
  "occ_eval_res": {
    "precision": 91.9504,
    "recall": 96.1311,
    "f-score": 93.9943
  },
  "clean_eval": {
    "f-score": 81.29948787949655,
    "precision": 84.10072466361956,
    "recall": 78.67884374000433,
    "tp": 681358,
    "fp": 128811,
    "fn": 184641
  },
  "jaccard": [
    0.6001339348653603
  ],
  "braycurtis": [
    0.07316940409242631
  ],
  "dice": [
    0.4287081098773825
  ],
  "cosinus": [
    0.00785278886307561
  ]
}