{
  "voc_eval_res": {
    "precision": 55.2452,
    "recall": 68.3357,
    "f-score": 61.0971
  },
  "KL_res": {
    "KL divergence": 0.09045627523604123,
    "Euclidean Dist.": 0.01414389734332611,
    "WER": 0.2887024700496203,
    "CER": 0.10799939129552602,
    "Cosine Dist.": 0.006863292630521212
  },
  "occ_eval_res": {
    "precision": 81.1145,
    "recall": 86.3914,
    "f-score": 83.6699
  },
  "clean_eval": {
    "f-score": 65.41260541733442,
    "precision": 68.63869438165077,
    "recall": 62.47616179865503,
    "tp": 24898,
    "fp": 11376,
    "fn": 14954
  },
  "jaccard": [
    0.6382998819362455
  ],
  "braycurtis": [
    0.12354559563561116
  ],
  "dice": [
    0.46875216757994037
  ],
  "cosinus": [
    0.012782290088980353
  ]
}