{
  "voc_eval_res": {
    "precision": 39.8844,
    "recall": 2.9883,
    "f-score": 5.56
  },
  "KL_res": {
    "KL divergence": 3.412306844951583,
    "Euclidean Dist.": 0.2780950734598621,
    "WER": 0.9504391468005019,
    "CER": 0.8200560778492495,
    "Cosine Dist.": 0.5823570339674116
  },
  "occ_eval_res": {
    "precision": 26.9394,
    "recall": 5.9912,
    "f-score": 9.8024
  },
  "clean_eval": {
    "f-score": 1.9528071602929207,
    "precision": 1.183821111476488,
    "recall": 5.572755417956656,
    "tp": 36,
    "fp": 3005,
    "fn": 610
  },
  "jaccard": [
    0.7816857440166494
  ],
  "braycurtis": [
    0.6975837107063763
  ],
  "dice": [
    0.6416125725999317
  ],
  "cosinus": [
    0.37773879611313765
  ]
}