{
  "voc_eval_res": {
    "precision": 62.5936,
    "recall": 65.9029,
    "f-score": 64.2056
  },
  "KL_res": {
    "KL divergence": 0.18102964572001617,
    "Euclidean Dist.": 0.023319246151863343,
    "WER": 0.22479306202379581,
    "CER": 0.08738948001724282,
    "Cosine Dist.": 0.02936511122474661
  },
  "occ_eval_res": {
    "precision": 81.9529,
    "recall": 84.7878,
    "f-score": 83.3463
  },
  "clean_eval": {
    "f-score": 69.27241771630989,
    "precision": 68.52650063856962,
    "recall": 70.03475224747517,
    "tp": 42925,
    "fp": 19715,
    "fn": 18366
  },
  "jaccard": [
    0.6149447693307343
  ],
  "braycurtis": [
    0.1281197471513852
  ],
  "dice": [
    0.44398573841246014
  ],
  "cosinus": [
    0.017803640887690708
  ]
}