{
  "voc_eval_res": {
    "precision": 61.2903,
    "recall": 32.7586,
    "f-score": 42.6966
  },
  "KL_res": {
    "KL divergence": 4.064685037962877,
    "Euclidean Dist.": 0.5596730740911282,
    "WER": 0.7319587628865979,
    "CER": 0.38936959208899874,
    "Cosine Dist.": 0.7291833790137134
  },
  "occ_eval_res": {
    "precision": 39.2405,
    "recall": 31.9588,
    "f-score": 35.2273
  },
  "clean_eval": {
    "f-score": 33.33333333333333,
    "precision": 29.896907216494846,
    "recall": 37.66233766233766,
    "tp": 29,
    "fp": 68,
    "fn": 48
  },
  "jaccard": [
    0.48211243611584326
  ],
  "braycurtis": [
    0.2550335570469799
  ],
  "dice": [
    0.3176206509539843
  ],
  "cosinus": [
    0.14555850316745378
  ]
}