{
  "voc_eval_res": {
    "precision": 73.4694,
    "recall": 52.5547,
    "f-score": 61.2766
  },
  "KL_res": {
    "KL divergence": 0.9591092478704781,
    "Euclidean Dist.": 0.08793891007732747,
    "WER": 0.4197183098591549,
    "CER": 0.32139737991266376,
    "Cosine Dist.": 0.04882096125424151
  },
  "occ_eval_res": {
    "precision": 81.1644,
    "recall": 66.7606,
    "f-score": 73.2612
  },
  "clean_eval": {
    "f-score": 45.07936507936508,
    "precision": 41.27906976744186,
    "recall": 49.65034965034965,
    "tp": 142,
    "fp": 202,
    "fn": 144
  },
  "jaccard": [
    0.4205607476635514
  ],
  "braycurtis": [
    0.15767112509834777
  ],
  "dice": [
    0.26627218934911245
  ],
  "cosinus": [
    0.019477242702908293
  ]
}