{
  "voc_eval_res": {
    "precision": 70.5263,
    "recall": 36.2162,
    "f-score": 47.8571
  },
  "KL_res": {
    "KL divergence": 1.960467456008546,
    "Euclidean Dist.": 0.2015636738440311,
    "WER": 0.6411483253588517,
    "CER": 0.48822695035460995,
    "Cosine Dist.": 0.2668587730553754
  },
  "occ_eval_res": {
    "precision": 70.7031,
    "recall": 43.3014,
    "f-score": 53.7092
  },
  "clean_eval": {
    "f-score": 32.49211356466877,
    "precision": 26.89295039164491,
    "recall": 41.03585657370518,
    "tp": 103,
    "fp": 280,
    "fn": 148
  },
  "jaccard": [
    0.5191040843214756
  ],
  "braycurtis": [
    0.26621848739495796
  ],
  "dice": [
    0.3505338078291815
  ],
  "cosinus": [
    0.07007277801934775
  ]
}