{
  "voc_eval_res": {
    "precision": 69.6626,
    "recall": 87.4709,
    "f-score": 77.5576
  },
  "KL_res": {
    "KL divergence": 0.0773111142360481,
    "Euclidean Dist.": 0.01440316594506056,
    "WER": 0.15776917536910334,
    "CER": 0.0479316537638118,
    "Cosine Dist.": 0.008048008066858792
  },
  "occ_eval_res": {
    "precision": 87.0013,
    "recall": 92.6416,
    "f-score": 89.7329
  },
  "clean_eval": {
    "f-score": 77.9836990876188,
    "precision": 79.7535412709673,
    "recall": 76.29070212882395,
    "tp": 69703,
    "fp": 17695,
    "fn": 21662
  },
  "jaccard": [
    0.6139394337515601
  ],
  "braycurtis": [
    0.10076569001045216
  ],
  "dice": [
    0.4429383886255924
  ],
  "cosinus": [
    0.012408148215427128
  ]
}