{
  "voc_eval_res": {
    "precision": 32.9749,
    "recall": 5.3896,
    "f-score": 9.2649
  },
  "KL_res": {
    "KL divergence": 2.8384771888634175,
    "Euclidean Dist.": 0.12269241468948627,
    "WER": 0.9260536398467433,
    "CER": 0.7410129853623403,
    "Cosine Dist.": 0.7381090793497966
  },
  "occ_eval_res": {
    "precision": 23.3318,
    "recall": 9.7126,
    "f-score": 13.7157
  },
  "clean_eval": {
    "f-score": 7.3295371587093,
    "precision": 5.325694886484192,
    "recall": 11.750936329588015,
    "tp": 251,
    "fp": 4462,
    "fn": 1885
  },
  "jaccard": [
    0.6826801517067004
  ],
  "braycurtis": [
    0.5670254549815609
  ],
  "dice": [
    0.5182341650671785
  ],
  "cosinus": [
    0.3028983101731757
  ]
}