{
  "voc_eval_res": {
    "precision": 22.3235,
    "recall": 8.5366,
    "f-score": 12.3503
  },
  "KL_res": {
    "KL divergence": 3.367530315486034,
    "Euclidean Dist.": 0.08951131525479845,
    "WER": 0.9218134034165572,
    "CER": 0.7043586877917297,
    "Cosine Dist.": 0.5371778182908182
  },
  "occ_eval_res": {
    "precision": 27.1942,
    "recall": 12.4179,
    "f-score": 17.0501
  },
  "clean_eval": {
    "f-score": 5.228136882129278,
    "precision": 3.782668500687758,
    "recall": 8.461538461538462,
    "tp": 55,
    "fp": 1399,
    "fn": 595
  },
  "jaccard": [
    0.5641525187865294
  ],
  "braycurtis": [
    0.4727710628428705
  ],
  "dice": [
    0.39290560186082574
  ],
  "cosinus": [
    0.09493667768426739
  ]
}