{
  "voc_eval_res": {
    "precision": 31.223,
    "recall": 6.1823,
    "f-score": 10.321
  },
  "KL_res": {
    "KL divergence": 3.0766129791038512,
    "Euclidean Dist.": 0.4440393791993298,
    "WER": 0.9265966046887631,
    "CER": 0.727588765235824,
    "Cosine Dist.": 0.9319725762208938
  },
  "occ_eval_res": {
    "precision": 17.5007,
    "recall": 10.4608,
    "f-score": 13.0945
  },
  "clean_eval": {
    "f-score": 7.421790722761598,
    "precision": 6.118818925649236,
    "recall": 9.429824561403509,
    "tp": 344,
    "fp": 5278,
    "fn": 3304
  },
  "jaccard": [
    0.6635338345864662
  ],
  "braycurtis": [
    0.5983975753153633
  ],
  "dice": [
    0.4964838255977497
  ],
  "cosinus": [
    0.5838561196580547
  ]
}