{
  "voc_eval_res": {
    "precision": 62.2222,
    "recall": 58.3333,
    "f-score": 60.2151
  },
  "KL_res": {
    "KL divergence": 1.6026713410838869,
    "Euclidean Dist.": 0.11808335594418182,
    "WER": 0.6271186440677966,
    "CER": 0.5227629513343799,
    "Cosine Dist.": 0.12827394028570416
  },
  "occ_eval_res": {
    "precision": 66.0714,
    "recall": 62.7119,
    "f-score": 64.3478
  },
  "clean_eval": {
    "f-score": 57.407407407407405,
    "precision": 55.35714285714286,
    "recall": 59.61538461538461,
    "tp": 31,
    "fp": 25,
    "fn": 21
  },
  "jaccard": [
    0.4093333333333333
  ],
  "braycurtis": [
    0.23692551505546752
  ],
  "dice": [
    0.2573344509639564
  ],
  "cosinus": [
    0.07380276952769727
  ]
}