{
  "voc_eval_res": {
    "precision": 73.7705,
    "recall": 59.2105,
    "f-score": 65.6934
  },
  "KL_res": {
    "KL divergence": 1.373063776101799,
    "Euclidean Dist.": 0.11272962138992636,
    "WER": 0.5511811023622047,
    "CER": 0.3903654485049834,
    "Cosine Dist.": 0.1080839673758841
  },
  "occ_eval_res": {
    "precision": 74.0385,
    "recall": 60.6299,
    "f-score": 66.6667
  },
  "clean_eval": {
    "f-score": 57.27272727272727,
    "precision": 52.94117647058824,
    "recall": 62.37623762376238,
    "tp": 63,
    "fp": 56,
    "fn": 38
  },
  "jaccard": [
    0.3490683229813665
  ],
  "braycurtis": [
    0.2030616839261594
  ],
  "dice": [
    0.21143717080511662
  ],
  "cosinus": [
    0.04789100134963542
  ]
}