{
  "voc_eval_res": {
    "precision": 55.7377,
    "recall": 57.6271,
    "f-score": 56.6667
  },
  "KL_res": {
    "KL divergence": 0.5471884009369146,
    "Euclidean Dist.": 0.047870074757609384,
    "WER": 0.6005747126436781,
    "CER": 0.5232808022922636,
    "Cosine Dist.": 0.009287031543060542
  },
  "occ_eval_res": {
    "precision": 71.7172,
    "recall": 81.6092,
    "f-score": 76.3441
  },
  "clean_eval": {
    "f-score": 29.6398891966759,
    "precision": 31.65680473372781,
    "recall": 27.864583333333332,
    "tp": 107,
    "fp": 231,
    "fn": 277
  },
  "jaccard": [
    0.4008547008547009
  ],
  "braycurtis": [
    0.14908722109533468
  ],
  "dice": [
    0.2506680919294495
  ],
  "cosinus": [
    0.00935702120911408
  ]
}