{
  "voc_eval_res": {
    "precision": 72.1591,
    "recall": 18.4058,
    "f-score": 29.3303
  },
  "KL_res": {
    "KL divergence": 1.430584090793019,
    "Euclidean Dist.": 0.13808649067400183,
    "WER": 0.6104417670682731,
    "CER": 0.5546190155091032,
    "Cosine Dist.": 0.08210676556969698
  },
  "occ_eval_res": {
    "precision": 87.4871,
    "recall": 48.537,
    "f-score": 62.4354
  },
  "clean_eval": {
    "f-score": 20.826446280991735,
    "precision": 16.091954022988507,
    "recall": 29.508196721311474,
    "tp": 252,
    "fp": 1314,
    "fn": 602
  },
  "jaccard": [
    0.6509015666568134
  ],
  "braycurtis": [
    0.3231014980788326
  ],
  "dice": [
    0.4824715162138475
  ],
  "cosinus": [
    0.17814316416623566
  ]
}