{
  "voc_eval_res": {
    "precision": 54.3165,
    "recall": 44.8071,
    "f-score": 49.1057
  },
  "KL_res": {
    "KL divergence": 0.7496600281205427,
    "Euclidean Dist.": 0.060027121061670956,
    "WER": 0.6226851851851852,
    "CER": 0.49564206856478793,
    "Cosine Dist.": 0.02934952068455532
  },
  "occ_eval_res": {
    "precision": 68.4978,
    "recall": 70.7176,
    "f-score": 69.59
  },
  "clean_eval": {
    "f-score": 31.167268351383875,
    "precision": 32.01483312731768,
    "recall": 30.363423212192263,
    "tp": 259,
    "fp": 550,
    "fn": 594
  },
  "jaccard": [
    0.39495390587093643
  ],
  "braycurtis": [
    0.14167716645667086
  ],
  "dice": [
    0.2460701330108827
  ],
  "cosinus": [
    0.015405563352053675
  ]
}