{
  "voc_eval_res": {
    "precision": 40.4762,
    "recall": 16.242,
    "f-score": 23.1818
  },
  "KL_res": {
    "KL divergence": 3.321157550723624,
    "Euclidean Dist.": 0.11572015429075523,
    "WER": 0.888030888030888,
    "CER": 0.7262228260869565,
    "Cosine Dist.": 0.3965885982842383
  },
  "occ_eval_res": {
    "precision": 45.3039,
    "recall": 15.8301,
    "f-score": 23.4621
  },
  "clean_eval": {
    "f-score": 19.298245614035086,
    "precision": 13.095238095238097,
    "recall": 36.666666666666664,
    "tp": 66,
    "fp": 438,
    "fn": 114
  },
  "jaccard": [
    0.5536895674300254
  ],
  "braycurtis": [
    0.500653167864141
  ],
  "dice": [
    0.3828289936664321
  ],
  "cosinus": [
    0.1205298463481066
  ]
}