{
  "voc_eval_res": {
    "precision": 67.5,
    "recall": 41.1168,
    "f-score": 51.1041
  },
  "KL_res": {
    "KL divergence": 1.382472005807524,
    "Euclidean Dist.": 0.11333760210036867,
    "WER": 0.576,
    "CER": 0.4161184210526316,
    "Cosine Dist.": 0.10671638890247948
  },
  "occ_eval_res": {
    "precision": 67.4342,
    "recall": 54.6667,
    "f-score": 60.3829
  },
  "clean_eval": {
    "f-score": 37.60399334442596,
    "precision": 34.13897280966767,
    "recall": 41.85185185185185,
    "tp": 113,
    "fp": 218,
    "fn": 157
  },
  "jaccard": [
    0.4492084432717678
  ],
  "braycurtis": [
    0.21264971632695945
  ],
  "dice": [
    0.28966397277754147
  ],
  "cosinus": [
    0.04216756223298057
  ]
}