{
  "voc_eval_res": {
    "precision": 70.6422,
    "recall": 37.931,
    "f-score": 49.359
  },
  "KL_res": {
    "KL divergence": 2.514412850999694,
    "Euclidean Dist.": 0.35609269160234075,
    "WER": 0.7142857142857143,
    "CER": 0.5076978159684926,
    "Cosine Dist.": 0.759532460664888
  },
  "occ_eval_res": {
    "precision": 68.9516,
    "recall": 32.3557,
    "f-score": 44.0438
  },
  "clean_eval": {
    "f-score": 27.590759075907588,
    "precision": 20.330739299610894,
    "recall": 42.91581108829568,
    "tp": 209,
    "fp": 819,
    "fn": 278
  },
  "jaccard": [
    0.46532045654082527
  ],
  "braycurtis": [
    0.3056637698531615
  ],
  "dice": [
    0.30320366132723114
  ],
  "cosinus": [
    0.3845864897119028
  ]
}