{
  "voc_eval_res": {
    "precision": 19.403,
    "recall": 20.3125,
    "f-score": 19.8473
  },
  "KL_res": {
    "KL divergence": 4.3661986544547675,
    "Euclidean Dist.": 0.1605088957559103,
    "WER": 1.0140845070422535,
    "CER": 0.8327359617682198,
    "Cosine Dist.": 0.42938963870280644
  },
  "occ_eval_res": {
    "precision": 22.7848,
    "recall": 25.3521,
    "f-score": 24.0
  },
  "clean_eval": {
    "f-score": 25.174825174825177,
    "precision": 26.865671641791046,
    "recall": 23.684210526315788,
    "tp": 18,
    "fp": 49,
    "fn": 58
  },
  "jaccard": [
    0.6031904287138584
  ],
  "braycurtis": [
    0.4044885177453027
  ],
  "dice": [
    0.4318344039971449
  ],
  "cosinus": [
    0.17233791344899463
  ]
}