{
  "voc_eval_res": {
    "precision": 35.7143,
    "recall": 24.6914,
    "f-score": 29.1971
  },
  "KL_res": {
    "KL divergence": 1.8140991155190125,
    "Euclidean Dist.": 0.3242550885022881,
    "WER": 0.7253731343283583,
    "CER": 0.5398200599800067,
    "Cosine Dist.": 0.2878508174942124
  },
  "occ_eval_res": {
    "precision": 67.2414,
    "recall": 34.9254,
    "f-score": 45.9725
  },
  "clean_eval": {
    "f-score": 20.28397565922921,
    "precision": 15.384615384615385,
    "recall": 29.761904761904763,
    "tp": 50,
    "fp": 275,
    "fn": 118
  },
  "jaccard": [
    0.6181630546955624
  ],
  "braycurtis": [
    0.34771162413932766
  ],
  "dice": [
    0.44734876773711724
  ],
  "cosinus": [
    0.14491129808072822
  ]
}