{
  "voc_eval_res": {
    "precision": 36.5714,
    "recall": 2.4335,
    "f-score": 4.5633
  },
  "KL_res": {
    "KL divergence": 3.6887159824836333,
    "Euclidean Dist.": 0.1614763097703309,
    "WER": 0.9761969164187179,
    "CER": 0.9088939703935491,
    "Cosine Dist.": 0.8700740145208697
  },
  "occ_eval_res": {
    "precision": 34.1853,
    "recall": 2.8942,
    "f-score": 5.3367
  },
  "clean_eval": {
    "f-score": 2.389169100079639,
    "precision": 1.2987012987012987,
    "recall": 14.90066225165563,
    "tp": 45,
    "fp": 3420,
    "fn": 257
  },
  "jaccard": [
    0.8148481035412547
  ],
  "braycurtis": [
    0.8277911878084807
  ],
  "dice": [
    0.6875473987562566
  ],
  "cosinus": [
    0.16784668254553126
  ]
}