{
  "voc_eval_res": {
    "precision": 34.8624,
    "recall": 2.9757,
    "f-score": 5.4834
  },
  "KL_res": {
    "KL divergence": 3.775682288802269,
    "Euclidean Dist.": 0.2123819299057984,
    "WER": 0.9647979139504563,
    "CER": 0.869211564790207,
    "Cosine Dist.": 0.8940718404712836
  },
  "occ_eval_res": {
    "precision": 32.4597,
    "recall": 4.1982,
    "f-score": 7.4348
  },
  "clean_eval": {
    "f-score": 2.302228753367622,
    "precision": 1.307007786429366,
    "recall": 9.650924024640657,
    "tp": 47,
    "fp": 3549,
    "fn": 440
  },
  "jaccard": [
    0.7874493927125507
  ],
  "braycurtis": [
    0.7548894923177396
  ],
  "dice": [
    0.6494156928213689
  ],
  "cosinus": [
    0.23007244306506658
  ]
}