{
  "voc_eval_res": {
    "precision": 67.033,
    "recall": 32.973,
    "f-score": 44.2029
  },
  "KL_res": {
    "KL divergence": 3.752116030104258,
    "Euclidean Dist.": 0.2989891090677811,
    "WER": 0.7218430034129693,
    "CER": 0.606212161095025,
    "Cosine Dist.": 0.4287875212890624
  },
  "occ_eval_res": {
    "precision": 75.0,
    "recall": 30.7167,
    "f-score": 43.5835
  },
  "clean_eval": {
    "f-score": 26.13803230543319,
    "precision": 20.045045045045047,
    "recall": 37.552742616033754,
    "tp": 89,
    "fp": 355,
    "fn": 148
  },
  "jaccard": [
    0.5146245059288538
  ],
  "braycurtis": [
    0.44407198306280876
  ],
  "dice": [
    0.3464608834486429
  ],
  "cosinus": [
    0.37552228042446634
  ]
}