{
  "voc_eval_res": {
    "precision": 33.4758,
    "recall": 53.5308,
    "f-score": 41.1919
  },
  "KL_res": {
    "KL divergence": 0.5588164502996437,
    "Euclidean Dist.": 0.0675445691800576,
    "WER": 0.7536662703131193,
    "CER": 0.30008899964400143,
    "Cosine Dist.": 0.1466111683096034
  },
  "occ_eval_res": {
    "precision": 52.1416,
    "recall": 70.8086,
    "f-score": 60.058
  },
  "clean_eval": {
    "f-score": 43.34046031945667,
    "precision": 50.805976017298995,
    "recall": 37.787849989034285,
    "tp": 5169,
    "fp": 5005,
    "fn": 8510
  },
  "jaccard": [
    0.6519505233111322
  ],
  "braycurtis": [
    0.23373992990760548
  ],
  "dice": [
    0.4836250705815923
  ],
  "cosinus": [
    0.039753468970077366
  ]
}