{
  "voc_eval_res": {
    "precision": 18.9189,
    "recall": 1.2556,
    "f-score": 2.3549
  },
  "KL_res": {
    "KL divergence": 5.0224502041252155,
    "Euclidean Dist.": 0.3262437010262767,
    "WER": 0.9747292418772563,
    "CER": 0.8547376664056382,
    "Cosine Dist.": 0.868522818150251
  },
  "occ_eval_res": {
    "precision": 21.645,
    "recall": 3.0084,
    "f-score": 5.2826
  },
  "clean_eval": {
    "f-score": 0.5614823133071308,
    "precision": 0.3225806451612903,
    "recall": 2.1645021645021645,
    "tp": 5,
    "fp": 1545,
    "fn": 226
  },
  "jaccard": [
    0.8505847953216374
  ],
  "braycurtis": [
    0.7516816597779399
  ],
  "dice": [
    0.7400152632917832
  ],
  "cosinus": [
    0.4061922877389519
  ]
}