{
  "voc_eval_res": {
    "precision": 46.3158,
    "recall": 28.9474,
    "f-score": 35.6275
  },
  "KL_res": {
    "KL divergence": 2.3234545636513926,
    "Euclidean Dist.": 0.1508822258356318,
    "WER": 0.8079470198675497,
    "CER": 0.6646464646464646,
    "Cosine Dist.": 0.10515294935510255
  },
  "occ_eval_res": {
    "precision": 51.5625,
    "recall": 43.7086,
    "f-score": 47.3118
  },
  "clean_eval": {
    "f-score": 14.022140221402216,
    "precision": 13.058419243986256,
    "recall": 15.139442231075698,
    "tp": 38,
    "fp": 253,
    "fn": 213
  },
  "jaccard": [
    0.5343680709534369
  ],
  "braycurtis": [
    0.2797217106609372
  ],
  "dice": [
    0.36459909228441756
  ],
  "cosinus": [
    0.06512249926642644
  ]
}