{
  "voc_eval_res": {
    "precision": 45.7143,
    "recall": 39.0244,
    "f-score": 42.1053
  },
  "KL_res": {
    "KL divergence": 1.6075487028469377,
    "Euclidean Dist.": 0.11930461291584536,
    "WER": 0.9922178988326849,
    "CER": 0.7963895885810244,
    "Cosine Dist.": 0.09290186776136544
  },
  "occ_eval_res": {
    "precision": 44.5748,
    "recall": 59.144,
    "f-score": 50.8361
  },
  "clean_eval": {
    "f-score": 18.81533101045296,
    "precision": 22.040816326530614,
    "recall": 16.41337386018237,
    "tp": 54,
    "fp": 191,
    "fn": 275
  },
  "jaccard": [
    0.4560067681895093
  ],
  "braycurtis": [
    0.27989646246764455
  ],
  "dice": [
    0.29534246575342465
  ],
  "cosinus": [
    0.027176488655549447
  ]
}