{
  "voc_eval_res": {
    "precision": 55.5556,
    "recall": 26.3158,
    "f-score": 35.7143
  },
  "KL_res": {
    "KL divergence": 4.477632782289966,
    "Euclidean Dist.": 0.37565370020717065,
    "WER": 0.7,
    "CER": 0.6611111111111111,
    "Cosine Dist.": 0.33333333333333337
  },
  "occ_eval_res": {
    "precision": 54.5455,
    "recall": 30.0,
    "f-score": 38.7097
  },
  "clean_eval": {
    "f-score": 38.70967741935483,
    "precision": 30.0,
    "recall": 54.54545454545454,
    "tp": 6,
    "fp": 14,
    "fn": 5
  },
  "jaccard": [
    0.7575757575757576
  ],
  "braycurtis": [
    0.5736434108527132
  ],
  "dice": [
    0.6097560975609756
  ],
  "cosinus": [
    0.3621701719223924
  ]
}