{
  "voc_eval_res": {
    "precision": 55.1887,
    "recall": 45.3488,
    "f-score": 49.7872
  },
  "KL_res": {
    "KL divergence": 1.2301025545858866,
    "Euclidean Dist.": 0.06715989459784684,
    "WER": 0.6470588235294118,
    "CER": 0.5201218185773331,
    "Cosine Dist.": 0.048902929194792666
  },
  "occ_eval_res": {
    "precision": 66.7431,
    "recall": 57.0588,
    "f-score": 61.5222
  },
  "clean_eval": {
    "f-score": 32.37250554323726,
    "precision": 30.04115226337449,
    "recall": 35.09615384615385,
    "tp": 146,
    "fp": 340,
    "fn": 270
  },
  "jaccard": [
    0.40105820105820106
  ],
  "braycurtis": [
    0.18032025992109538
  ],
  "dice": [
    0.25082726671078753
  ],
  "cosinus": [
    0.02398815484780137
  ]
}