{
  "voc_eval_res": {
    "precision": 25.641,
    "recall": 11.4068,
    "f-score": 15.7895
  },
  "KL_res": {
    "KL divergence": 3.8233159100829646,
    "Euclidean Dist.": 0.19778457537174277,
    "WER": 0.865546218487395,
    "CER": 0.6299929922915207,
    "Cosine Dist.": 0.4789096050151582
  },
  "occ_eval_res": {
    "precision": 30.4054,
    "recall": 18.9076,
    "f-score": 23.3161
  },
  "clean_eval": {
    "f-score": 4.761904761904762,
    "precision": 4.05727923627685,
    "recall": 5.762711864406779,
    "tp": 17,
    "fp": 402,
    "fn": 278
  },
  "jaccard": [
    0.746157224418094
  ],
  "braycurtis": [
    0.422882096069869
  ],
  "dice": [
    0.5950963222416813
  ],
  "cosinus": [
    0.1701338814162665
  ]
}