{
  "voc_eval_res": {
    "precision": 37.6344,
    "recall": 44.3038,
    "f-score": 40.6977
  },
  "KL_res": {
    "KL divergence": 2.348768291768224,
    "Euclidean Dist.": 0.15588768192538766,
    "WER": 1.0075187969924813,
    "CER": 0.9046692607003891,
    "Cosine Dist.": 0.30256529600712345
  },
  "occ_eval_res": {
    "precision": 36.3636,
    "recall": 51.1278,
    "f-score": 42.5
  },
  "clean_eval": {
    "f-score": 35.94771241830066,
    "precision": 44.0,
    "recall": 30.386740331491712,
    "tp": 55,
    "fp": 70,
    "fn": 126
  },
  "jaccard": [
    0.5303921568627451
  ],
  "braycurtis": [
    0.3559061177375914
  ],
  "dice": [
    0.3609072715143429
  ],
  "cosinus": [
    0.11515727687949595
  ]
}