{
  "voc_eval_res": {
    "precision": 52.9915,
    "recall": 17.7143,
    "f-score": 26.5525
  },
  "KL_res": {
    "KL divergence": 4.339607683474991,
    "Euclidean Dist.": 0.2714818675190403,
    "WER": 0.8378048780487805,
    "CER": 0.5834820290593933,
    "Cosine Dist.": 0.771684957645697
  },
  "occ_eval_res": {
    "precision": 51.6892,
    "recall": 18.6585,
    "f-score": 27.4194
  },
  "clean_eval": {
    "f-score": 12.830188679245285,
    "precision": 8.88888888888889,
    "recall": 23.050847457627118,
    "tp": 68,
    "fp": 697,
    "fn": 227
  },
  "jaccard": [
    0.6941747572815534
  ],
  "braycurtis": [
    0.4612700628053036
  ],
  "dice": [
    0.5315985130111525
  ],
  "cosinus": [
    0.440185464357844
  ]
}