{
  "voc_eval_res": {
    "precision": 48.7179,
    "recall": 19.3878,
    "f-score": 27.7372
  },
  "KL_res": {
    "KL divergence": 4.518327271541599,
    "Euclidean Dist.": 0.3587706069037713,
    "WER": 0.7854077253218884,
    "CER": 0.44735240413877053,
    "Cosine Dist.": 0.5599177992768878
  },
  "occ_eval_res": {
    "precision": 48.2759,
    "recall": 24.0343,
    "f-score": 32.0917
  },
  "clean_eval": {
    "f-score": 29.87012987012987,
    "precision": 23.46938775510204,
    "recall": 41.07142857142857,
    "tp": 46,
    "fp": 150,
    "fn": 66
  },
  "jaccard": [
    0.6467391304347826
  ],
  "braycurtis": [
    0.33055555555555555
  ],
  "dice": [
    0.4779116465863454
  ],
  "cosinus": [
    0.2361832956830261
  ]
}