{
  "voc_eval_res": {
    "precision": 58.9466,
    "recall": 38.9657,
    "f-score": 46.9174
  },
  "KL_res": {
    "KL divergence": 0.7416026744137862,
    "Euclidean Dist.": 0.05862349946629392,
    "WER": 0.5860093733726783,
    "CER": 0.35884923111842476,
    "Cosine Dist.": 0.074514930973818
  },
  "occ_eval_res": {
    "precision": 66.9315,
    "recall": 61.4129,
    "f-score": 64.0536
  },
  "clean_eval": {
    "f-score": 43.284555876596144,
    "precision": 41.25066619292947,
    "recall": 45.529411764705884,
    "tp": 2322,
    "fp": 3307,
    "fn": 2778
  },
  "jaccard": [
    0.35825105782792666
  ],
  "braycurtis": [
    0.11171611696635561
  ],
  "dice": [
    0.218213058419244
  ],
  "cosinus": [
    0.016939073263240845
  ]
}