{
  "voc_eval_res": {
    "precision": 54.1667,
    "recall": 42.7984,
    "f-score": 47.8161
  },
  "KL_res": {
    "KL divergence": 1.1291908369133887,
    "Euclidean Dist.": 0.08931597605352748,
    "WER": 0.6561338289962825,
    "CER": 0.545095717387014,
    "Cosine Dist.": 0.059304246566654006
  },
  "occ_eval_res": {
    "precision": 66.9246,
    "recall": 64.3123,
    "f-score": 65.5924
  },
  "clean_eval": {
    "f-score": 20.639834881320947,
    "precision": 20.0,
    "recall": 21.321961620469082,
    "tp": 100,
    "fp": 400,
    "fn": 369
  },
  "jaccard": [
    0.38475499092558985
  ],
  "braycurtis": [
    0.1772113022113022
  ],
  "dice": [
    0.23820224719101124
  ],
  "cosinus": [
    0.05456160533230525
  ]
}