{
  "voc_eval_res": {
    "precision": 74.4186,
    "recall": 31.2195,
    "f-score": 43.9863
  },
  "KL_res": {
    "KL divergence": 3.698369402997785,
    "Euclidean Dist.": 0.33523090668907013,
    "WER": 0.7094281298299846,
    "CER": 0.7388847583643122,
    "Cosine Dist.": 0.6345703273026376
  },
  "occ_eval_res": {
    "precision": 73.8351,
    "recall": 31.8393,
    "f-score": 44.4924
  },
  "clean_eval": {
    "f-score": 17.787913340935006,
    "precision": 12.662337662337661,
    "recall": 29.88505747126437,
    "tp": 78,
    "fp": 538,
    "fn": 183
  },
  "jaccard": [
    0.5145985401459854
  ],
  "braycurtis": [
    0.5774025385312783
  ],
  "dice": [
    0.3464373464373464
  ],
  "cosinus": [
    0.42957817277032107
  ]
}