{
  "voc_eval_res": {
    "precision": 30.1921,
    "recall": 15.7143,
    "f-score": 20.6702
  },
  "KL_res": {
    "KL divergence": 1.7102630036088924,
    "Euclidean Dist.": 0.07991697972522312,
    "WER": 0.8532522474881016,
    "CER": 0.6642274588182199,
    "Cosine Dist.": 0.10664491122760511
  },
  "occ_eval_res": {
    "precision": 36.5015,
    "recall": 35.6425,
    "f-score": 36.0669
  },
  "clean_eval": {
    "f-score": 3.540069686411149,
    "precision": 3.5209315220404767,
    "recall": 3.559417040358744,
    "tp": 127,
    "fp": 3480,
    "fn": 3441
  },
  "jaccard": [
    0.5897526501766784
  ],
  "braycurtis": [
    0.22738974531858164
  ],
  "dice": [
    0.41819092959158105
  ],
  "cosinus": [
    0.03725812398421546
  ]
}