{
  "voc_eval_res": {
    "precision": 33.247,
    "recall": 19.3467,
    "f-score": 24.46
  },
  "KL_res": {
    "KL divergence": 1.6707377056645172,
    "Euclidean Dist.": 0.08993804890340872,
    "WER": 0.9273240883410375,
    "CER": 0.7184055087021068,
    "Cosine Dist.": 0.18398217635706415
  },
  "occ_eval_res": {
    "precision": 33.3108,
    "recall": 38.0329,
    "f-score": 35.5156
  },
  "clean_eval": {
    "f-score": 15.10229386236826,
    "precision": 16.23134328358209,
    "recall": 14.120102017157432,
    "tp": 609,
    "fp": 3143,
    "fn": 3704
  },
  "jaccard": [
    0.5605884630274874
  ],
  "braycurtis": [
    0.2502287155887001
  ],
  "dice": [
    0.3894566971490048
  ],
  "cosinus": [
    0.046146860011125446
  ]
}