{
  "voc_eval_res": {
    "precision": 76.0684,
    "recall": 30.6897,
    "f-score": 43.7346
  },
  "KL_res": {
    "KL divergence": 3.0870600409819775,
    "Euclidean Dist.": 0.21238599446600975,
    "WER": 0.7265625,
    "CER": 0.49325782092772386,
    "Cosine Dist.": 0.5057501422255261
  },
  "occ_eval_res": {
    "precision": 70.6081,
    "recall": 32.6562,
    "f-score": 44.6581
  },
  "clean_eval": {
    "f-score": 21.90889370932755,
    "precision": 16.108452950558213,
    "recall": 34.23728813559322,
    "tp": 101,
    "fp": 526,
    "fn": 194
  },
  "jaccard": [
    0.5176198729058348
  ],
  "braycurtis": [
    0.31080452643001083
  ],
  "dice": [
    0.34918160561184725
  ],
  "cosinus": [
    0.20961556231238676
  ]
}