{
  "voc_eval_res": {
    "precision": 25.3731,
    "recall": 3.0853,
    "f-score": 5.5016
  },
  "KL_res": {
    "KL divergence": 5.329578688198933,
    "Euclidean Dist.": 0.373342534149703,
    "WER": 0.9585389930898321,
    "CER": 0.7286145056340263,
    "Cosine Dist.": 0.9371262987320806
  },
  "occ_eval_res": {
    "precision": 15.4386,
    "recall": 4.3435,
    "f-score": 6.7797
  },
  "clean_eval": {
    "f-score": 1.5734265734265733,
    "precision": 1.0416666666666665,
    "recall": 3.214285714285714,
    "tp": 9,
    "fp": 855,
    "fn": 271
  },
  "jaccard": [
    0.7849124382577458
  ],
  "braycurtis": [
    0.6551092925594918
  ],
  "dice": [
    0.6459719142645972
  ],
  "cosinus": [
    0.4512814996825367
  ]
}