{
  "voc_eval_res": {
    "precision": 15.2778,
    "recall": 11.3402,
    "f-score": 13.0178
  },
  "KL_res": {
    "KL divergence": 4.927129503068384,
    "Euclidean Dist.": 0.17839407172693872,
    "WER": 0.92,
    "CER": 0.7540983606557377,
    "Cosine Dist.": 0.647487007040454
  },
  "occ_eval_res": {
    "precision": 15.9292,
    "recall": 14.4,
    "f-score": 15.1261
  },
  "clean_eval": {
    "f-score": 13.100436681222705,
    "precision": 12.295081967213115,
    "recall": 14.018691588785046,
    "tp": 15,
    "fp": 107,
    "fn": 92
  },
  "jaccard": [
    0.6199004975124378
  ],
  "braycurtis": [
    0.4005749880210829
  ],
  "dice": [
    0.44917087238644554
  ],
  "cosinus": [
    0.1418529759662588
  ]
}