{
  "voc_eval_res": {
    "precision": 35.3211,
    "recall": 3.2599,
    "f-score": 5.969
  },
  "KL_res": {
    "KL divergence": 3.8363139527085215,
    "Euclidean Dist.": 0.2035779274678673,
    "WER": 0.961371194678946,
    "CER": 0.8675810270226141,
    "Cosine Dist.": 0.8538406403488584
  },
  "occ_eval_res": {
    "precision": 35.2113,
    "recall": 4.4768,
    "f-score": 7.9437
  },
  "clean_eval": {
    "f-score": 1.5583150718285852,
    "precision": 0.8842221608179055,
    "recall": 6.557377049180328,
    "tp": 32,
    "fp": 3587,
    "fn": 456
  },
  "jaccard": [
    0.7768479776847977
  ],
  "braycurtis": [
    0.7535642256067877
  ],
  "dice": [
    0.6351197263397947
  ],
  "cosinus": [
    0.20667809317387353
  ]
}