{
  "voc_eval_res": {
    "precision": 29.6296,
    "recall": 6.0423,
    "f-score": 10.0376
  },
  "KL_res": {
    "KL divergence": 3.743330892157202,
    "Euclidean Dist.": 0.17040985096828604,
    "WER": 0.9247572815533981,
    "CER": 0.777665414620052,
    "Cosine Dist.": 0.3460590385718636
  },
  "occ_eval_res": {
    "precision": 39.4309,
    "recall": 11.7718,
    "f-score": 18.1308
  },
  "clean_eval": {
    "f-score": 1.5533980582524272,
    "precision": 1.0075566750629723,
    "recall": 3.389830508474576,
    "tp": 8,
    "fp": 786,
    "fn": 228
  },
  "jaccard": [
    0.667066346922462
  ],
  "braycurtis": [
    0.5808791208791209
  ],
  "dice": [
    0.5004497751124438
  ],
  "cosinus": [
    0.12120816131643952
  ]
}