{
  "voc_eval_res": {
    "precision": 43.1373,
    "recall": 68.75,
    "f-score": 53.012
  },
  "KL_res": {
    "KL divergence": 2.3644321623857776,
    "Euclidean Dist.": 0.3020806070179773,
    "WER": 1.2105263157894737,
    "CER": 0.7811634349030471,
    "Cosine Dist.": 0.5336004850552434
  },
  "occ_eval_res": {
    "precision": 33.6842,
    "recall": 56.1404,
    "f-score": 42.1053
  },
  "clean_eval": {
    "f-score": 39.473684210526315,
    "precision": 52.63157894736842,
    "recall": 31.57894736842105,
    "tp": 30,
    "fp": 27,
    "fn": 65
  },
  "jaccard": [
    0.47285067873303166
  ],
  "braycurtis": [
    0.3842159916926272
  ],
  "dice": [
    0.30962962962962964
  ],
  "cosinus": [
    0.2668349932966305
  ]
}