{
  "voc_eval_res": {
    "precision": 35.0649,
    "recall": 16.0079,
    "f-score": 21.981
  },
  "KL_res": {
    "KL divergence": 3.461552255071517,
    "Euclidean Dist.": 0.1152332205852525,
    "WER": 0.8315132605304212,
    "CER": 0.6218057921635435,
    "Cosine Dist.": 0.42869079795966225
  },
  "occ_eval_res": {
    "precision": 35.376,
    "recall": 19.8128,
    "f-score": 25.4
  },
  "clean_eval": {
    "f-score": 16.597510373443985,
    "precision": 13.093289689034371,
    "recall": 22.6628895184136,
    "tp": 80,
    "fp": 531,
    "fn": 273
  },
  "jaccard": [
    0.6120970662803332
  ],
  "braycurtis": [
    0.35950460174980114
  ],
  "dice": [
    0.4410229645093946
  ],
  "cosinus": [
    0.08819018891067787
  ]
}