{
  "voc_eval_res": {
    "precision": 38.835,
    "recall": 20.3562,
    "f-score": 26.7112
  },
  "KL_res": {
    "KL divergence": 3.121459922572932,
    "Euclidean Dist.": 0.1523400441367759,
    "WER": 0.8075471698113208,
    "CER": 0.5936470588235294,
    "Cosine Dist.": 0.22835972649113978
  },
  "occ_eval_res": {
    "precision": 40.0,
    "recall": 26.4151,
    "f-score": 31.8182
  },
  "clean_eval": {
    "f-score": 19.74148061104583,
    "precision": 16.470588235294116,
    "recall": 24.633431085043988,
    "tp": 84,
    "fp": 426,
    "fn": 257
  },
  "jaccard": [
    0.609832227857979
  ],
  "braycurtis": [
    0.30592316587434154
  ],
  "dice": [
    0.4386752736458041
  ],
  "cosinus": [
    0.06703457172617278
  ]
}