{
  "voc_eval_res": {
    "precision": 45.7014,
    "recall": 24.6944,
    "f-score": 32.0635
  },
  "KL_res": {
    "KL divergence": 2.554162795273731,
    "Euclidean Dist.": 0.19279310092778817,
    "WER": 0.7881773399014779,
    "CER": 0.6053248136315229,
    "Cosine Dist.": 0.42654542233226234
  },
  "occ_eval_res": {
    "precision": 41.3793,
    "recall": 33.4975,
    "f-score": 37.0236
  },
  "clean_eval": {
    "f-score": 19.94408201304753,
    "precision": 18.32191780821918,
    "recall": 21.881390593047033,
    "tp": 107,
    "fp": 477,
    "fn": 382
  },
  "jaccard": [
    0.5577178239716939
  ],
  "braycurtis": [
    0.3130528586839266
  ],
  "dice": [
    0.3866911990187059
  ],
  "cosinus": [
    0.16684342374729477
  ]
}