{
  "voc_eval_res": {
    "precision": 42.6069,
    "recall": 47.201,
    "f-score": 44.7865
  },
  "KL_res": {
    "KL divergence": 0.4990941001248019,
    "Euclidean Dist.": 0.06302627967548409,
    "WER": 0.5963843045949463,
    "CER": 0.23442830685251975,
    "Cosine Dist.": 0.13030654380247486
  },
  "occ_eval_res": {
    "precision": 61.3611,
    "recall": 71.4374,
    "f-score": 66.017
  },
  "clean_eval": {
    "f-score": 43.462406131215424,
    "precision": 45.826001955034215,
    "recall": 41.330668860938054,
    "tp": 7032,
    "fp": 8313,
    "fn": 9982
  },
  "jaccard": [
    0.6825139146567718
  ],
  "braycurtis": [
    0.22808319560946708
  ],
  "dice": [
    0.5180425981341313
  ],
  "cosinus": [
    0.04435485783430537
  ]
}