{
  "voc_eval_res": {
    "precision": 48.3806,
    "recall": 53.5874,
    "f-score": 50.8511
  },
  "KL_res": {
    "KL divergence": 0.7695076360461791,
    "Euclidean Dist.": 0.04172780574666366,
    "WER": 0.7406593406593407,
    "CER": 0.6255787761231385,
    "Cosine Dist.": 0.013202139904138432
  },
  "occ_eval_res": {
    "precision": 60.6032,
    "recall": 70.6593,
    "f-score": 65.2461
  },
  "clean_eval": {
    "f-score": 36.906666666666666,
    "precision": 40.092699884125146,
    "recall": 34.18972332015811,
    "tp": 346,
    "fp": 517,
    "fn": 666
  },
  "jaccard": [
    0.32302025782688765
  ],
  "braycurtis": [
    0.15804195804195803
  ],
  "dice": [
    0.19262025038436195
  ],
  "cosinus": [
    0.008202385988974714
  ]
}