{
  "voc_eval_res": {
    "precision": 77.4327,
    "recall": 57.5385,
    "f-score": 66.0194
  },
  "KL_res": {
    "KL divergence": 0.6552074329071705,
    "Euclidean Dist.": 0.045943591815551015,
    "WER": 0.39672131147540984,
    "CER": 0.2731898238747554,
    "Cosine Dist.": 0.019278762984457964
  },
  "occ_eval_res": {
    "precision": 78.9189,
    "recall": 71.8033,
    "f-score": 75.1931
  },
  "clean_eval": {
    "f-score": 66.69595782073814,
    "precision": 63.99662731871838,
    "recall": 69.63302752293578,
    "tp": 759,
    "fp": 427,
    "fn": 331
  },
  "jaccard": [
    0.2780979827089337
  ],
  "braycurtis": [
    0.09279819217921007
  ],
  "dice": [
    0.16150627615062763
  ],
  "cosinus": [
    0.0065638264676418645
  ]
}