{
  "voc_eval_res": {
    "precision": 80.035,
    "recall": 58.2166,
    "f-score": 67.4041
  },
  "KL_res": {
    "KL divergence": 0.4385322540504921,
    "Euclidean Dist.": 0.04460611172054377,
    "WER": 0.33877741483901075,
    "CER": 0.25478605130430065,
    "Cosine Dist.": 0.03697421647169019
  },
  "occ_eval_res": {
    "precision": 81.3016,
    "recall": 78.1148,
    "f-score": 79.6763
  },
  "clean_eval": {
    "f-score": 71.02848865282472,
    "precision": 69.98097050428164,
    "recall": 72.1078431372549,
    "tp": 1471,
    "fp": 631,
    "fn": 569
  },
  "jaccard": [
    0.3265073947667804
  ],
  "braycurtis": [
    0.08592301820957365
  ],
  "dice": [
    0.19510537049626106
  ],
  "cosinus": [
    0.008451703995581594
  ]
}