{
  "voc_eval_res": {
    "precision": 56.7198,
    "recall": 56.0811,
    "f-score": 56.3986
  },
  "KL_res": {
    "KL divergence": 0.9497777062565531,
    "Euclidean Dist.": 0.041514166028395444,
    "WER": 0.6086956521739131,
    "CER": 0.4689675174013921,
    "Cosine Dist.": 0.07078952979817854
  },
  "occ_eval_res": {
    "precision": 63.1655,
    "recall": 63.6232,
    "f-score": 63.3935
  },
  "clean_eval": {
    "f-score": 46.68721109399076,
    "precision": 46.75925925925926,
    "recall": 46.61538461538461,
    "tp": 303,
    "fp": 345,
    "fn": 347
  },
  "jaccard": [
    0.30244625648628615
  ],
  "braycurtis": [
    0.12752677494857792
  ],
  "dice": [
    0.1781659388646288
  ],
  "cosinus": [
    0.010782573847722077
  ]
}