{
  "voc_eval_res": {
    "precision": 79.4245,
    "recall": 64.0371,
    "f-score": 70.9056
  },
  "KL_res": {
    "KL divergence": 0.2619339083928339,
    "Euclidean Dist.": 0.1409274890553205,
    "WER": 0.4386687797147385,
    "CER": 0.2805795486207857,
    "Cosine Dist.": 0.007837559315596154
  },
  "occ_eval_res": {
    "precision": 73.0322,
    "recall": 85.5784,
    "f-score": 78.8091
  },
  "clean_eval": {
    "f-score": 63.52871521610419,
    "precision": 69.04761904761905,
    "recall": 58.82675438596491,
    "tp": 2146,
    "fp": 962,
    "fn": 1502
  },
  "jaccard": [
    0.28751677852348995
  ],
  "braycurtis": [
    0.10855504290457504
  ],
  "dice": [
    0.16789465433453518
  ],
  "cosinus": [
    0.036950522789158
  ]
}