{
  "voc_eval_res": {
    "precision": 55.5556,
    "recall": 27.7778,
    "f-score": 37.037
  },
  "KL_res": {
    "KL divergence": 4.1146164796778155,
    "Euclidean Dist.": 0.2959845225798768,
    "WER": 0.7435897435897436,
    "CER": 0.6,
    "Cosine Dist.": 0.3898297841522478
  },
  "occ_eval_res": {
    "precision": 50.0,
    "recall": 30.7692,
    "f-score": 38.0952
  },
  "clean_eval": {
    "f-score": 35.483870967741936,
    "precision": 28.205128205128204,
    "recall": 47.82608695652174,
    "tp": 11,
    "fp": 28,
    "fn": 12
  },
  "jaccard": [
    0.6351648351648351
  ],
  "braycurtis": [
    0.5022421524663677
  ],
  "dice": [
    0.46537842190016104
  ],
  "cosinus": [
    0.34493342879640987
  ]
}