{
  "voc_eval_res": {
    "precision": 69.2526,
    "recall": 93.3151,
    "f-score": 79.503
  },
  "KL_res": {
    "KL divergence": 0.034981121589054955,
    "Euclidean Dist.": 0.011384573839060101,
    "WER": 0.6342234887433043,
    "CER": 0.6098409673104329,
    "Cosine Dist.": 0.003852524410027147
  },
  "occ_eval_res": {
    "precision": 61.6161,
    "recall": 98.678,
    "f-score": 75.8625
  },
  "clean_eval": {
    "f-score": 69.88232744285463,
    "precision": 91.86971900176853,
    "recall": 56.38707809946511,
    "tp": 93505,
    "fp": 8275,
    "fn": 72322
  },
  "jaccard": [
    0.42291872326423163
  ],
  "braycurtis": [
    0.24830527814444164
  ],
  "dice": [
    0.26816545824422305
  ],
  "cosinus": [
    0.00989115905261384
  ]
}