{
  "voc_eval_res": {
    "precision": 49.5495,
    "recall": 27.7078,
    "f-score": 35.5412
  },
  "KL_res": {
    "KL divergence": 2.2882344282254703,
    "Euclidean Dist.": 0.1540992529395015,
    "WER": 0.66359918200409,
    "CER": 0.45448496140537664,
    "Cosine Dist.": 0.1260901483160548
  },
  "occ_eval_res": {
    "precision": 59.2047,
    "recall": 41.1043,
    "f-score": 48.5214
  },
  "clean_eval": {
    "f-score": 27.586206896551722,
    "precision": 23.504721930745013,
    "recall": 33.383010432190765,
    "tp": 224,
    "fp": 729,
    "fn": 447
  },
  "jaccard": [
    0.5425183973834833
  ],
  "braycurtis": [
    0.24073941902790663
  ],
  "dice": [
    0.3722300140252454
  ],
  "cosinus": [
    0.057262341326354216
  ]
}