{
  "voc_eval_res": {
    "precision": 56.0,
    "recall": 23.9316,
    "f-score": 33.5329
  },
  "KL_res": {
    "KL divergence": 2.5039245469178377,
    "Euclidean Dist.": 0.161491544932316,
    "WER": 0.7268232385661311,
    "CER": 0.45239294710327455,
    "Cosine Dist.": 0.20843807610245513
  },
  "occ_eval_res": {
    "precision": 56.1437,
    "recall": 36.712,
    "f-score": 44.3946
  },
  "clean_eval": {
    "f-score": 21.90247801758593,
    "precision": 18.193891102257638,
    "recall": 27.510040160642568,
    "tp": 137,
    "fp": 616,
    "fn": 361
  },
  "jaccard": [
    0.5660731021555764
  ],
  "braycurtis": [
    0.2535224153705398
  ],
  "dice": [
    0.39477124183006534
  ],
  "cosinus": [
    0.06924277214726782
  ]
}