{
  "voc_eval_res": {
    "precision": 52.7638,
    "recall": 27.3438,
    "f-score": 36.0206
  },
  "KL_res": {
    "KL divergence": 2.1026502181640097,
    "Euclidean Dist.": 0.129213010671652,
    "WER": 0.6990521327014217,
    "CER": 0.4842757047417305,
    "Cosine Dist.": 0.1360579336287291
  },
  "occ_eval_res": {
    "precision": 58.557,
    "recall": 41.3507,
    "f-score": 48.4722
  },
  "clean_eval": {
    "f-score": 21.418234442836468,
    "precision": 18.66330390920555,
    "recall": 25.127334465195243,
    "tp": 148,
    "fp": 645,
    "fn": 441
  },
  "jaccard": [
    0.5870646766169154
  ],
  "braycurtis": [
    0.2541599570585078
  ],
  "dice": [
    0.4154929577464789
  ],
  "cosinus": [
    0.05443772033433669
  ]
}