{
  "voc_eval_res": {
    "precision": 86.4,
    "recall": 37.1134,
    "f-score": 51.9231
  },
  "KL_res": {
    "KL divergence": 2.903713505585747,
    "Euclidean Dist.": 0.5651885158373859,
    "WER": 0.8148505303760849,
    "CER": 0.623015873015873,
    "Cosine Dist.": 0.7784053908997843
  },
  "occ_eval_res": {
    "precision": 86.7841,
    "recall": 18.9971,
    "f-score": 31.1709
  },
  "clean_eval": {
    "f-score": 21.46892655367232,
    "precision": 13.039215686274511,
    "recall": 60.73059360730594,
    "tp": 133,
    "fp": 887,
    "fn": 86
  },
  "jaccard": [
    0.4828786999419617
  ],
  "braycurtis": [
    0.49910501193317425
  ],
  "dice": [
    0.3182861514919663
  ],
  "cosinus": [
    0.6945185029743983
  ]
}