{
  "voc_eval_res": {
    "precision": 27.5862,
    "recall": 19.1617,
    "f-score": 22.6148
  },
  "KL_res": {
    "KL divergence": 3.103176105462313,
    "Euclidean Dist.": 0.16808629402554953,
    "WER": 0.9844660194174757,
    "CER": 0.7875935828877005,
    "Cosine Dist.": 0.4261589279103163
  },
  "occ_eval_res": {
    "precision": 28.4872,
    "recall": 28.1553,
    "f-score": 28.3203
  },
  "clean_eval": {
    "f-score": 5.555555555555555,
    "precision": 5.4989816700611,
    "recall": 5.613305613305614,
    "tp": 27,
    "fp": 464,
    "fn": 454
  },
  "jaccard": [
    0.5499322187076366
  ],
  "braycurtis": [
    0.29669320269442745
  ],
  "dice": [
    0.3792458709878467
  ],
  "cosinus": [
    0.09417850569921038
  ]
}