{
  "voc_eval_res": {
    "precision": 35.9073,
    "recall": 8.2083,
    "f-score": 13.3621
  },
  "KL_res": {
    "KL divergence": 3.17556933707513,
    "Euclidean Dist.": 0.1495932031968265,
    "WER": 0.9214536928487691,
    "CER": 0.7415116622379687,
    "Cosine Dist.": 0.39793193704395735
  },
  "occ_eval_res": {
    "precision": 36.4738,
    "recall": 15.8851,
    "f-score": 22.1315
  },
  "clean_eval": {
    "f-score": 6.291946308724833,
    "precision": 4.537205081669692,
    "recall": 10.259917920656635,
    "tp": 75,
    "fp": 1578,
    "fn": 656
  },
  "jaccard": [
    0.6956195244055069
  ],
  "braycurtis": [
    0.45250873996750207
  ],
  "dice": [
    0.5332949529840721
  ],
  "cosinus": [
    0.15209467692619194
  ]
}