{
  "voc_eval_res": {
    "precision": 82.1429,
    "recall": 67.6471,
    "f-score": 74.1935
  },
  "KL_res": {
    "KL divergence": 0.7483708022352267,
    "Euclidean Dist.": 0.08180350461721252,
    "WER": 0.3333333333333333,
    "CER": 0.2832535885167464,
    "Cosine Dist.": 0.03016941569941023
  },
  "occ_eval_res": {
    "precision": 83.6735,
    "recall": 75.9259,
    "f-score": 79.6117
  },
  "clean_eval": {
    "f-score": 75.62189054726367,
    "precision": 73.07692307692307,
    "recall": 78.35051546391753,
    "tp": 76,
    "fp": 28,
    "fn": 21
  },
  "jaccard": [
    0.3069577080491132
  ],
  "braycurtis": [
    0.12236710130391174
  ],
  "dice": [
    0.18130539887187752
  ],
  "cosinus": [
    0.016552334369882793
  ]
}