{
  "voc_eval_res": {
    "precision": 53.3333,
    "recall": 63.1579,
    "f-score": 57.8313
  },
  "KL_res": {
    "KL divergence": 1.5414019420736262,
    "Euclidean Dist.": 0.13990587525067333,
    "WER": 0.7021276595744681,
    "CER": 0.6564551422319475,
    "Cosine Dist.": 0.16278742899142484
  },
  "occ_eval_res": {
    "precision": 55.3571,
    "recall": 65.9574,
    "f-score": 60.1942
  },
  "clean_eval": {
    "f-score": 54.16666666666667,
    "precision": 59.09090909090909,
    "recall": 50.0,
    "tp": 26,
    "fp": 18,
    "fn": 26
  },
  "jaccard": [
    0.4244712990936556
  ],
  "braycurtis": [
    0.27264325323475047
  ],
  "dice": [
    0.2694151486097795
  ],
  "cosinus": [
    0.08653533395575497
  ]
}