{
  "voc_eval_res": {
    "precision": 73.7705,
    "recall": 55.5556,
    "f-score": 63.3803
  },
  "KL_res": {
    "KL divergence": 1.3964016773030141,
    "Euclidean Dist.": 0.11444301702480124,
    "WER": 0.5555555555555556,
    "CER": 0.38344594594594594,
    "Cosine Dist.": 0.11111085719048508
  },
  "occ_eval_res": {
    "precision": 73.0769,
    "recall": 60.3175,
    "f-score": 66.087
  },
  "clean_eval": {
    "f-score": 55.96330275229357,
    "precision": 52.13675213675214,
    "recall": 60.396039603960396,
    "tp": 61,
    "fp": 56,
    "fn": 40
  },
  "jaccard": [
    0.3691194209891435
  ],
  "braycurtis": [
    0.19717668488160292
  ],
  "dice": [
    0.22633136094674555
  ],
  "cosinus": [
    0.0445713424826355
  ]
}