{
  "voc_eval_res": {
    "precision": 41.1765,
    "recall": 8.3732,
    "f-score": 13.9165
  },
  "KL_res": {
    "KL divergence": 3.914019722062495,
    "Euclidean Dist.": 0.2560334814294344,
    "WER": 0.8818493150684932,
    "CER": 0.6833136094674557,
    "Cosine Dist.": 0.4271433039393093
  },
  "occ_eval_res": {
    "precision": 40.6926,
    "recall": 16.0959,
    "f-score": 23.0675
  },
  "clean_eval": {
    "f-score": 13.642564802182811,
    "precision": 9.293680297397769,
    "recall": 25.64102564102564,
    "tp": 50,
    "fp": 488,
    "fn": 145
  },
  "jaccard": [
    0.6982439926062847
  ],
  "braycurtis": [
    0.5145161290322581
  ],
  "dice": [
    0.5363862264820731
  ],
  "cosinus": [
    0.28131044545433115
  ]
}