{
  "voc_eval_res": {
    "precision": 42.4242,
    "recall": 8.4848,
    "f-score": 14.1414
  },
  "KL_res": {
    "KL divergence": 3.3489884334234388,
    "Euclidean Dist.": 0.19406162031213292,
    "WER": 0.8243831640058055,
    "CER": 0.6855887200146493,
    "Cosine Dist.": 0.1901501966637701
  },
  "occ_eval_res": {
    "precision": 53.7594,
    "recall": 20.7547,
    "f-score": 29.9476
  },
  "clean_eval": {
    "f-score": 9.28652321630804,
    "precision": 6.612903225806452,
    "recall": 15.5893536121673,
    "tp": 41,
    "fp": 579,
    "fn": 222
  },
  "jaccard": [
    0.7138810198300283
  ],
  "braycurtis": [
    0.4795853874352168
  ],
  "dice": [
    0.5550660792951542
  ],
  "cosinus": [
    0.1729597334962487
  ]
}