{
  "voc_eval_res": {
    "precision": 33.4572,
    "recall": 20.979,
    "f-score": 25.788
  },
  "KL_res": {
    "KL divergence": 2.54358058108835,
    "Euclidean Dist.": 0.26587166717273714,
    "WER": 0.9729477611940298,
    "CER": 0.7757269950869738,
    "Cosine Dist.": 0.576026397974118
  },
  "occ_eval_res": {
    "precision": 29.3301,
    "recall": 33.4888,
    "f-score": 31.2718
  },
  "clean_eval": {
    "f-score": 9.018036072144287,
    "precision": 9.054325955734406,
    "recall": 8.982035928143713,
    "tp": 90,
    "fp": 904,
    "fn": 912
  },
  "jaccard": [
    0.6195426195426196
  ],
  "braycurtis": [
    0.43797227345748796
  ],
  "dice": [
    0.44879518072289154
  ],
  "cosinus": [
    0.33575816102042644
  ]
}