{
  "voc_eval_res": {
    "precision": 55.4913,
    "recall": 17.3913,
    "f-score": 26.4828
  },
  "KL_res": {
    "KL divergence": 2.382939702394717,
    "Euclidean Dist.": 0.17826123678811667,
    "WER": 0.7399829497016198,
    "CER": 0.5738259084872631,
    "Cosine Dist.": 0.16981964736390343
  },
  "occ_eval_res": {
    "precision": 57.1227,
    "recall": 34.5269,
    "f-score": 43.0393
  },
  "clean_eval": {
    "f-score": 15.528312901342675,
    "precision": 12.46485473289597,
    "recall": 20.588235294117645,
    "tp": 133,
    "fp": 934,
    "fn": 513
  },
  "jaccard": [
    0.6536885245901639
  ],
  "braycurtis": [
    0.36278844825203815
  ],
  "dice": [
    0.4855403348554033
  ],
  "cosinus": [
    0.15569562150223504
  ]
}