{
  "voc_eval_res": {
    "precision": 45.4545,
    "recall": 34.4037,
    "f-score": 39.1645
  },
  "KL_res": {
    "KL divergence": 2.1223955453857153,
    "Euclidean Dist.": 0.1316291667912965,
    "WER": 0.7971428571428572,
    "CER": 0.6472513089005235,
    "Cosine Dist.": 0.28201970443349744
  },
  "occ_eval_res": {
    "precision": 49.0323,
    "recall": 43.4286,
    "f-score": 46.0606
  },
  "clean_eval": {
    "f-score": 23.920265780730894,
    "precision": 21.75226586102719,
    "recall": 26.56826568265683,
    "tp": 72,
    "fp": 259,
    "fn": 199
  },
  "jaccard": [
    0.4526795895096921
  ],
  "braycurtis": [
    0.2940048797490415
  ],
  "dice": [
    0.29255711127487105
  ],
  "cosinus": [
    0.14765151384263953
  ]
}