{
  "voc_eval_res": {
    "precision": 50.7463,
    "recall": 30.9091,
    "f-score": 38.4181
  },
  "KL_res": {
    "KL divergence": 1.138045163255001,
    "Euclidean Dist.": 0.11879567925634531,
    "WER": 0.6832298136645962,
    "CER": 0.49793792055567615,
    "Cosine Dist.": 0.06527614345264132
  },
  "occ_eval_res": {
    "precision": 60.96,
    "recall": 59.1615,
    "f-score": 60.0473
  },
  "clean_eval": {
    "f-score": 13.559322033898304,
    "precision": 13.465346534653467,
    "recall": 13.654618473895583,
    "tp": 68,
    "fp": 437,
    "fn": 430
  },
  "jaccard": [
    0.5456660849331006
  ],
  "braycurtis": [
    0.24229632756437317
  ],
  "dice": [
    0.3752
  ],
  "cosinus": [
    0.05052408107759776
  ]
}