{
  "voc_eval_res": {
    "precision": 52.8205,
    "recall": 45.3744,
    "f-score": 48.8152
  },
  "KL_res": {
    "KL divergence": 1.4169297627128647,
    "Euclidean Dist.": 0.136144904154316,
    "WER": 0.6522491349480969,
    "CER": 0.5522014676450967,
    "Cosine Dist.": 0.15635788467501244
  },
  "occ_eval_res": {
    "precision": 67.3745,
    "recall": 60.3806,
    "f-score": 63.6861
  },
  "clean_eval": {
    "f-score": 23.795476892822023,
    "precision": 22.120658135283364,
    "recall": 25.744680851063826,
    "tp": 121,
    "fp": 426,
    "fn": 349
  },
  "jaccard": [
    0.37030075187969924
  ],
  "braycurtis": [
    0.24502196877629243
  ],
  "dice": [
    0.22722029988465975
  ],
  "cosinus": [
    0.16692788884491327
  ]
}