{
  "voc_eval_res": {
    "precision": 77.6471,
    "recall": 34.555,
    "f-score": 47.8261
  },
  "KL_res": {
    "KL divergence": 3.8540736951409014,
    "Euclidean Dist.": 0.3267297726035574,
    "WER": 0.719551282051282,
    "CER": 0.7295749170937594,
    "Cosine Dist.": 0.6804092188805523
  },
  "occ_eval_res": {
    "precision": 69.2857,
    "recall": 31.0897,
    "f-score": 42.9204
  },
  "clean_eval": {
    "f-score": 17.715617715617718,
    "precision": 12.751677852348994,
    "recall": 29.00763358778626,
    "tp": 76,
    "fp": 520,
    "fn": 186
  },
  "jaccard": [
    0.47289866457187746
  ],
  "braycurtis": [
    0.5717236630709204
  ],
  "dice": [
    0.3096707818930041
  ],
  "cosinus": [
    0.4517532397864814
  ]
}