{
  "voc_eval_res": {
    "precision": 14.2857,
    "recall": 14.2857,
    "f-score": 14.2857
  },
  "KL_res": {
    "KL divergence": 6.146955904792137,
    "Euclidean Dist.": 0.49614284470119946,
    "WER": 1.0,
    "CER": 0.8253968253968254,
    "Cosine Dist.": 0.6570028297149824
  },
  "occ_eval_res": {
    "precision": 14.2857,
    "recall": 11.1111,
    "f-score": 12.5
  },
  "clean_eval": {
    "f-score": 12.5,
    "precision": 11.11111111111111,
    "recall": 14.285714285714285,
    "tp": 1,
    "fp": 8,
    "fn": 6
  },
  "jaccard": [
    0.7914110429447853
  ],
  "braycurtis": [
    0.680672268907563
  ],
  "dice": [
    0.6548223350253807
  ],
  "cosinus": [
    0.5739067607717039
  ]
}