{
  "voc_eval_res": {
    "precision": 78.644,
    "recall": 93.3484,
    "f-score": 85.3676
  },
  "KL_res": {
    "KL divergence": 0.01247306135125641,
    "Euclidean Dist.": 0.004100736202948795,
    "WER": 0.06502061825519843,
    "CER": 0.0189796514356637,
    "Cosine Dist.": 0.00025574227373081904
  },
  "occ_eval_res": {
    "precision": 94.683,
    "recall": 96.3216,
    "f-score": 95.4953
  },
  "clean_eval": {
    "f-score": 89.75279432161214,
    "precision": 90.41197214667822,
    "recall": 89.10315882482881,
    "tp": 121011,
    "fp": 12833,
    "fn": 14799
  },
  "jaccard": [
    0.3956326692175749
  ],
  "braycurtis": [
    0.044792121470668814
  ],
  "dice": [
    0.24659731074468522
  ],
  "cosinus": [
    0.0028655735106719593
  ]
}