{
  "voc_eval_res": {
    "precision": 82.9268,
    "recall": 26.1137,
    "f-score": 39.7196
  },
  "KL_res": {
    "KL divergence": 1.5207839013118543,
    "Euclidean Dist.": 0.13076994352380436,
    "WER": 0.6339483394833948,
    "CER": 0.5430765110258012,
    "Cosine Dist.": 0.08787885597714606
  },
  "occ_eval_res": {
    "precision": 79.2477,
    "recall": 45.0923,
    "f-score": 57.4788
  },
  "clean_eval": {
    "f-score": 34.38095238095239,
    "precision": 26.980568011958145,
    "recall": 47.3753280839895,
    "tp": 361,
    "fp": 977,
    "fn": 401
  },
  "jaccard": [
    0.5719557195571956
  ],
  "braycurtis": [
    0.2715184678522572
  ],
  "dice": [
    0.4005167958656331
  ],
  "cosinus": [
    0.049172382243419355
  ]
}