{
  "voc_eval_res": {
    "precision": 84.4221,
    "recall": 27.5862,
    "f-score": 41.5842
  },
  "KL_res": {
    "KL divergence": 1.4369278829845675,
    "Euclidean Dist.": 0.12026150431069413,
    "WER": 0.6256038647342995,
    "CER": 0.5414396887159533,
    "Cosine Dist.": 0.09693447736144212
  },
  "occ_eval_res": {
    "precision": 81.8841,
    "recall": 45.4911,
    "f-score": 58.4886
  },
  "clean_eval": {
    "f-score": 32.70637408568442,
    "precision": 25.405844155844154,
    "recall": 45.894428152492665,
    "tp": 313,
    "fp": 919,
    "fn": 369
  },
  "jaccard": [
    0.5606855543896467
  ],
  "braycurtis": [
    0.27533783783783783
  ],
  "dice": [
    0.38955042527339
  ],
  "cosinus": [
    0.0471569138162542
  ]
}