{
  "voc_eval_res": {
    "precision": 3.4602,
    "recall": 6.0976,
    "f-score": 4.415
  },
  "KL_res": {
    "KL divergence": 4.407912609315084,
    "Euclidean Dist.": 0.10138001298396283,
    "WER": 1.9780775716694772,
    "CER": 1.2778347870702924,
    "Cosine Dist.": 0.674734340168753
  },
  "occ_eval_res": {
    "precision": 3.8494,
    "recall": 7.7572,
    "f-score": 5.1454
  },
  "clean_eval": {
    "f-score": 0.9067357512953369,
    "precision": 1.2195121951219512,
    "recall": 0.7216494845360825,
    "tp": 7,
    "fp": 567,
    "fn": 963
  },
  "jaccard": [
    0.8348106365834005
  ],
  "braycurtis": [
    0.676115686650067
  ],
  "dice": [
    0.7164591977869986
  ],
  "cosinus": [
    0.48955409957164675
  ]
}