{
  "voc_eval_res": {
    "precision": 4.9242,
    "recall": 7.8788,
    "f-score": 6.0606
  },
  "KL_res": {
    "KL divergence": 4.162983150309402,
    "Euclidean Dist.": 0.14183767595341695,
    "WER": 2.111298482293423,
    "CER": 1.2206148282097649,
    "Cosine Dist.": 0.6632225377824037
  },
  "occ_eval_res": {
    "precision": 5.0742,
    "recall": 10.9612,
    "f-score": 6.937
  },
  "clean_eval": {
    "f-score": 0.9907120743034055,
    "precision": 1.3986013986013985,
    "recall": 0.7670182166826461,
    "tp": 8,
    "fp": 564,
    "fn": 1035
  },
  "jaccard": [
    0.835499316005472
  ],
  "braycurtis": [
    0.6581288493498876
  ],
  "dice": [
    0.7174743024963289
  ],
  "cosinus": [
    0.4726452184303499
  ]
}