{
  "voc_eval_res": {
    "precision": 3.3898,
    "recall": 6.0046,
    "f-score": 4.3333
  },
  "KL_res": {
    "KL divergence": 4.513856872240295,
    "Euclidean Dist.": 0.11600887716386295,
    "WER": 2.217741935483871,
    "CER": 1.3294814814814815,
    "Cosine Dist.": 0.7059712497594386
  },
  "occ_eval_res": {
    "precision": 3.8324,
    "recall": 8.6694,
    "f-score": 5.3152
  },
  "clean_eval": {
    "f-score": 0.8577555396711938,
    "precision": 1.2474012474012475,
    "recall": 0.6535947712418301,
    "tp": 6,
    "fp": 475,
    "fn": 912
  },
  "jaccard": [
    0.8291733050097362
  ],
  "braycurtis": [
    0.6701231367465975
  ],
  "dice": [
    0.7081947384336257
  ],
  "cosinus": [
    0.46057924724060506
  ]
}