{
  "voc_eval_res": {
    "precision": 3.3223,
    "recall": 2.3923,
    "f-score": 2.7816
  },
  "KL_res": {
    "KL divergence": 5.335157413764206,
    "Euclidean Dist.": 0.10354603128034286,
    "WER": 0.9907235621521335,
    "CER": 0.8177385651265382,
    "Cosine Dist.": 0.9467086983171338
  },
  "occ_eval_res": {
    "precision": 3.5398,
    "recall": 2.2263,
    "f-score": 2.7335
  },
  "clean_eval": {
    "f-score": 0.9803921568627451,
    "precision": 0.7648183556405354,
    "recall": 1.3651877133105803,
    "tp": 4,
    "fp": 519,
    "fn": 289
  },
  "jaccard": [
    0.8231759656652361
  ],
  "braycurtis": [
    0.724804992199688
  ],
  "dice": [
    0.6994894237782641
  ],
  "cosinus": [
    0.5172638528860607
  ]
}