{
  "voc_eval_res": {
    "precision": 55.814,
    "recall": 34.7826,
    "f-score": 42.8571
  },
  "KL_res": {
    "KL divergence": 1.8024840097000883,
    "Euclidean Dist.": 0.4014564740571193,
    "WER": 0.7695167286245354,
    "CER": 0.5292220878677952,
    "Cosine Dist.": 0.41865874487341015
  },
  "occ_eval_res": {
    "precision": 56.5217,
    "recall": 33.829,
    "f-score": 42.3256
  },
  "clean_eval": {
    "f-score": 16.46489104116223,
    "precision": 13.229571984435799,
    "recall": 21.794871794871796,
    "tp": 34,
    "fp": 223,
    "fn": 122
  },
  "jaccard": [
    0.5650969529085873
  ],
  "braycurtis": [
    0.32163053722902923
  ],
  "dice": [
    0.3938223938223938
  ],
  "cosinus": [
    0.1867328282320604
  ]
}