{
  "voc_eval_res": {
    "precision": 61.1111,
    "recall": 46.8085,
    "f-score": 53.012
  },
  "KL_res": {
    "KL divergence": 1.5594222364543997,
    "Euclidean Dist.": 0.41302094927496663,
    "WER": 0.665158371040724,
    "CER": 0.4259882253994954,
    "Cosine Dist.": 0.3356720820948713
  },
  "occ_eval_res": {
    "precision": 56.7416,
    "recall": 45.7014,
    "f-score": 50.6266
  },
  "clean_eval": {
    "f-score": 38.21989528795811,
    "precision": 34.27230046948357,
    "recall": 43.19526627218935,
    "tp": 73,
    "fp": 140,
    "fn": 96
  },
  "jaccard": [
    0.48742138364779874
  ],
  "braycurtis": [
    0.2618883528600965
  ],
  "dice": [
    0.32224532224532226
  ],
  "cosinus": [
    0.15559544734603836
  ]
}