{
  "voc_eval_res": {
    "precision": 46.8085,
    "recall": 27.8481,
    "f-score": 34.9206
  },
  "KL_res": {
    "KL divergence": 1.4020520656537032,
    "Euclidean Dist.": 0.31642571458227553,
    "WER": 0.729483282674772,
    "CER": 0.596537949400799,
    "Cosine Dist.": 0.23222517739349768
  },
  "occ_eval_res": {
    "precision": 74.8299,
    "recall": 33.4347,
    "f-score": 46.2185
  },
  "clean_eval": {
    "f-score": 20.734341252699785,
    "precision": 15.141955835962145,
    "recall": 32.87671232876712,
    "tp": 48,
    "fp": 269,
    "fn": 98
  },
  "jaccard": [
    0.5674470457079153
  ],
  "braycurtis": [
    0.4072028281042863
  ],
  "dice": [
    0.3961089494163424
  ],
  "cosinus": [
    0.13052413213651315
  ]
}