{
  "voc_eval_res": {
    "precision": 40.2985,
    "recall": 4.3513,
    "f-score": 7.8545
  },
  "KL_res": {
    "KL divergence": 3.5998170597073593,
    "Euclidean Dist.": 0.2154698563628191,
    "WER": 0.9236408063530849,
    "CER": 0.7825867719976468,
    "Cosine Dist.": 0.3815190866998326
  },
  "occ_eval_res": {
    "precision": 35.2941,
    "recall": 10.2627,
    "f-score": 15.9016
  },
  "clean_eval": {
    "f-score": 2.596105841238143,
    "precision": 1.6497461928934012,
    "recall": 6.0889929742388755,
    "tp": 26,
    "fp": 1550,
    "fn": 401
  },
  "jaccard": [
    0.7860845839017735
  ],
  "braycurtis": [
    0.6381421260607631
  ],
  "dice": [
    0.647561249719038
  ],
  "cosinus": [
    0.34073226446961347
  ]
}