{
  "voc_eval_res": {
    "precision": 82.7586,
    "recall": 28.2353,
    "f-score": 42.1053
  },
  "KL_res": {
    "KL divergence": 1.7821054567878967,
    "Euclidean Dist.": 0.19067477376606976,
    "WER": 0.5144508670520231,
    "CER": 0.43460490463215257,
    "Cosine Dist.": 0.058949644860475936
  },
  "occ_eval_res": {
    "precision": 85.1852,
    "recall": 53.1792,
    "f-score": 65.4804
  },
  "clean_eval": {
    "f-score": 61.77606177606177,
    "precision": 50.63291139240506,
    "recall": 79.20792079207921,
    "tp": 80,
    "fp": 78,
    "fn": 21
  },
  "jaccard": [
    0.5803571428571429
  ],
  "braycurtis": [
    0.2608695652173913
  ],
  "dice": [
    0.4088050314465409
  ],
  "cosinus": [
    0.05725178795899066
  ]
}