{
  "voc_eval_res": {
    "precision": 89.6552,
    "recall": 40.0,
    "f-score": 55.3191
  },
  "KL_res": {
    "KL divergence": 3.9290877634428036,
    "Euclidean Dist.": 0.5014723341323638,
    "WER": 0.6504065040650406,
    "CER": 0.7058579144162859,
    "Cosine Dist.": 0.6215446857490818
  },
  "occ_eval_res": {
    "precision": 84.4037,
    "recall": 37.3984,
    "f-score": 51.831
  },
  "clean_eval": {
    "f-score": 46.02272727272727,
    "precision": 33.06122448979592,
    "recall": 75.70093457943925,
    "tp": 81,
    "fp": 164,
    "fn": 26
  },
  "jaccard": [
    0.5057283142389526
  ],
  "braycurtis": [
    0.5485572448029786
  ],
  "dice": [
    0.3384446878422782
  ],
  "cosinus": [
    0.6118879063834595
  ]
}