{
  "voc_eval_res": {
    "precision": 55.5556,
    "recall": 54.7945,
    "f-score": 55.1724
  },
  "KL_res": {
    "KL divergence": 1.3272978233505504,
    "Euclidean Dist.": 0.13157415904826092,
    "WER": 0.6349206349206349,
    "CER": 0.4650132860938884,
    "Cosine Dist.": 0.17377602025658812
  },
  "occ_eval_res": {
    "precision": 63.7168,
    "recall": 57.1429,
    "f-score": 60.251
  },
  "clean_eval": {
    "f-score": 50.87719298245613,
    "precision": 47.93388429752066,
    "recall": 54.20560747663551,
    "tp": 58,
    "fp": 63,
    "fn": 49
  },
  "jaccard": [
    0.32951653944020354
  ],
  "braycurtis": [
    0.2191088654111162
  ],
  "dice": [
    0.19725818735719725
  ],
  "cosinus": [
    0.07632901660241109
  ]
}