{
  "voc_eval_res": {
    "precision": 43.5897,
    "recall": 36.9565,
    "f-score": 40.0
  },
  "KL_res": {
    "KL divergence": 1.192142292565755,
    "Euclidean Dist.": 0.07019772750065612,
    "WER": 0.7709251101321586,
    "CER": 0.5775238983446025,
    "Cosine Dist.": 0.0325452575455194
  },
  "occ_eval_res": {
    "precision": 54.6332,
    "recall": 62.3348,
    "f-score": 58.2305
  },
  "clean_eval": {
    "f-score": 15.07760532150776,
    "precision": 15.74074074074074,
    "recall": 14.468085106382977,
    "tp": 68,
    "fp": 364,
    "fn": 402
  },
  "jaccard": [
    0.4192756292203806
  ],
  "braycurtis": [
    0.17356015121191906
  ],
  "dice": [
    0.26524271844660197
  ],
  "cosinus": [
    0.023177473923868375
  ]
}