{
  "voc_eval_res": {
    "precision": 38.1818,
    "recall": 32.8125,
    "f-score": 35.2941
  },
  "KL_res": {
    "KL divergence": 2.624251869936885,
    "Euclidean Dist.": 0.159864353319838,
    "WER": 0.8066465256797583,
    "CER": 0.6240863209189002,
    "Cosine Dist.": 0.37861953889322353
  },
  "occ_eval_res": {
    "precision": 41.6129,
    "recall": 38.9728,
    "f-score": 40.2496
  },
  "clean_eval": {
    "f-score": 19.145299145299145,
    "precision": 17.8343949044586,
    "recall": 20.66420664206642,
    "tp": 56,
    "fp": 258,
    "fn": 215
  },
  "jaccard": [
    0.473780487804878
  ],
  "braycurtis": [
    0.30885529157667385
  ],
  "dice": [
    0.3104274870155813
  ],
  "cosinus": [
    0.18842500955171138
  ]
}