{
  "voc_eval_res": {
    "precision": 42.7746,
    "recall": 16.4444,
    "f-score": 23.756
  },
  "KL_res": {
    "KL divergence": 2.709158277816431,
    "Euclidean Dist.": 0.20121643902034153,
    "WER": 0.7639639639639639,
    "CER": 0.5776112185686654,
    "Cosine Dist.": 0.25990450829255896
  },
  "occ_eval_res": {
    "precision": 48.6601,
    "recall": 31.0811,
    "f-score": 37.9329
  },
  "clean_eval": {
    "f-score": 12.818991097922847,
    "precision": 10.39461020211742,
    "recall": 16.718266253869967,
    "tp": 108,
    "fp": 931,
    "fn": 538
  },
  "jaccard": [
    0.6230239156870693
  ],
  "braycurtis": [
    0.3731604765241766
  ],
  "dice": [
    0.45245805122166616
  ],
  "cosinus": [
    0.18225378716095575
  ]
}