{
  "voc_eval_res": {
    "precision": 38.0597,
    "recall": 21.4286,
    "f-score": 27.4194
  },
  "KL_res": {
    "KL divergence": 1.7178330148874918,
    "Euclidean Dist.": 0.1335442314587899,
    "WER": 0.7346041055718475,
    "CER": 0.4724894190073105,
    "Cosine Dist.": 0.09327779448168139
  },
  "occ_eval_res": {
    "precision": 52.48,
    "recall": 48.0938,
    "f-score": 50.1913
  },
  "clean_eval": {
    "f-score": 10.701107011070112,
    "precision": 9.897610921501707,
    "recall": 11.646586345381527,
    "tp": 58,
    "fp": 528,
    "fn": 440
  },
  "jaccard": [
    0.531547619047619
  ],
  "braycurtis": [
    0.2342896852973295
  ],
  "dice": [
    0.36197811106607214
  ],
  "cosinus": [
    0.04358353796873926
  ]
}