{
  "voc_eval_res": {
    "precision": 39.4052,
    "recall": 25.8537,
    "f-score": 31.2224
  },
  "KL_res": {
    "KL divergence": 2.26691382692482,
    "Euclidean Dist.": 0.2516565728219512,
    "WER": 0.9786407766990292,
    "CER": 0.7627681660899654,
    "Cosine Dist.": 0.5049471249458009
  },
  "occ_eval_res": {
    "precision": 34.8039,
    "recall": 41.3592,
    "f-score": 37.7995
  },
  "clean_eval": {
    "f-score": 16.157431382703262,
    "precision": 16.79224973089343,
    "recall": 15.568862275449103,
    "tp": 156,
    "fp": 773,
    "fn": 846
  },
  "jaccard": [
    0.5798479087452472
  ],
  "braycurtis": [
    0.3774878640776699
  ],
  "dice": [
    0.40829986613119146
  ],
  "cosinus": [
    0.29979267826763767
  ]
}