{
  "voc_eval_res": {
    "precision": 80.0,
    "recall": 44.4444,
    "f-score": 57.1429
  },
  "KL_res": {
    "KL divergence": 3.001328210518334,
    "Euclidean Dist.": 0.4465142774872938,
    "WER": 0.7,
    "CER": 0.5421686746987951,
    "Cosine Dist.": 0.3302891774710842
  },
  "occ_eval_res": {
    "precision": 62.5,
    "recall": 50.0,
    "f-score": 55.5556
  },
  "clean_eval": {
    "f-score": 58.82352941176471,
    "precision": 55.55555555555556,
    "recall": 62.5,
    "tp": 5,
    "fp": 4,
    "fn": 3
  },
  "jaccard": [
    0.5503875968992248
  ],
  "braycurtis": [
    0.43356643356643354
  ],
  "dice": [
    0.37967914438502676
  ],
  "cosinus": [
    0.330669111912112
  ]
}