{
  "voc_eval_res": {
    "precision": 55.0,
    "recall": 57.8947,
    "f-score": 56.4103
  },
  "KL_res": {
    "KL divergence": 1.8948693757674984,
    "Euclidean Dist.": 0.26510957204738006,
    "WER": 0.8260869565217391,
    "CER": 0.6944444444444444,
    "Cosine Dist.": 0.27478335850453073
  },
  "occ_eval_res": {
    "precision": 54.5455,
    "recall": 52.1739,
    "f-score": 53.3333
  },
  "clean_eval": {
    "f-score": 48.78048780487805,
    "precision": 43.47826086956522,
    "recall": 55.55555555555556,
    "tp": 10,
    "fp": 13,
    "fn": 8
  },
  "jaccard": [
    0.60625
  ],
  "braycurtis": [
    0.46273291925465837
  ],
  "dice": [
    0.4349775784753363
  ],
  "cosinus": [
    0.27182263687922603
  ]
}