{
  "voc_eval_res": {
    "precision": 78.5714,
    "recall": 64.7059,
    "f-score": 70.9677
  },
  "KL_res": {
    "KL divergence": 1.6761427397266582,
    "Euclidean Dist.": 0.21113235693089014,
    "WER": 0.8888888888888888,
    "CER": 0.7062937062937062,
    "Cosine Dist.": 0.1630947504544935
  },
  "occ_eval_res": {
    "precision": 70.5882,
    "recall": 66.6667,
    "f-score": 68.5714
  },
  "clean_eval": {
    "f-score": 50.0,
    "precision": 47.05882352941176,
    "recall": 53.333333333333336,
    "tp": 8,
    "fp": 9,
    "fn": 7
  },
  "jaccard": [
    0.41346153846153844
  ],
  "braycurtis": [
    0.24427480916030533
  ],
  "dice": [
    0.2606060606060606
  ],
  "cosinus": [
    0.11406362036391549
  ]
}