{
  "voc_eval_res": {
    "precision": 23.0769,
    "recall": 21.4286,
    "f-score": 22.2222
  },
  "KL_res": {
    "KL divergence": 4.56227641472655,
    "Euclidean Dist.": 0.29630244495935043,
    "WER": 0.875,
    "CER": 0.7152777777777778,
    "Cosine Dist.": 0.32299679961367
  },
  "occ_eval_res": {
    "precision": 33.3333,
    "recall": 31.25,
    "f-score": 32.2581
  },
  "clean_eval": {
    "f-score": 38.46153846153846,
    "precision": 35.714285714285715,
    "recall": 41.66666666666667,
    "tp": 5,
    "fp": 9,
    "fn": 7
  },
  "jaccard": [
    0.8260869565217391
  ],
  "braycurtis": [
    0.6254980079681275
  ],
  "dice": [
    0.7037037037037037
  ],
  "cosinus": [
    0.4366178331421675
  ]
}