{
  "voc_eval_res": {
    "precision": 48.4848,
    "recall": 40.6091,
    "f-score": 44.1989
  },
  "KL_res": {
    "KL divergence": 2.0410265983001543,
    "Euclidean Dist.": 0.14012632748333964,
    "WER": 0.7717717717717718,
    "CER": 0.6438167413021013,
    "Cosine Dist.": 0.31837430794933175
  },
  "occ_eval_res": {
    "precision": 50.0,
    "recall": 46.5465,
    "f-score": 48.2115
  },
  "clean_eval": {
    "f-score": 26.981450252951095,
    "precision": 24.84472049689441,
    "recall": 29.520295202952028,
    "tp": 80,
    "fp": 242,
    "fn": 191
  },
  "jaccard": [
    0.42840166369578137
  ],
  "braycurtis": [
    0.28497223714848646
  ],
  "dice": [
    0.2725897920604915
  ],
  "cosinus": [
    0.16604359939580793
  ]
}