{
  "voc_eval_res": {
    "precision": 81.407,
    "recall": 26.8657,
    "f-score": 40.399
  },
  "KL_res": {
    "KL divergence": 1.4671368623123957,
    "Euclidean Dist.": 0.11982514406654857,
    "WER": 0.6342062193126022,
    "CER": 0.5470219435736677,
    "Cosine Dist.": 0.09656403280500137
  },
  "occ_eval_res": {
    "precision": 80.0,
    "recall": 45.1718,
    "f-score": 57.7406
  },
  "clean_eval": {
    "f-score": 30.932203389830505,
    "precision": 24.212271973466002,
    "recall": 42.81524926686217,
    "tp": 292,
    "fp": 914,
    "fn": 390
  },
  "jaccard": [
    0.5554760200429492
  ],
  "braycurtis": [
    0.27334989999393905
  ],
  "dice": [
    0.38453914767096137
  ],
  "cosinus": [
    0.04722808636974207
  ]
}