{
  "voc_eval_res": {
    "precision": 80.4878,
    "recall": 25.661,
    "f-score": 38.9151
  },
  "KL_res": {
    "KL divergence": 1.5311575192728428,
    "Euclidean Dist.": 0.1292386133219959,
    "WER": 0.6349325337331334,
    "CER": 0.543216580686035,
    "Cosine Dist.": 0.08566641615228321
  },
  "occ_eval_res": {
    "precision": 77.821,
    "recall": 44.9775,
    "f-score": 57.0071
  },
  "clean_eval": {
    "f-score": 34.66538276360135,
    "precision": 27.376425855513308,
    "recall": 47.24409448818898,
    "tp": 360,
    "fp": 955,
    "fn": 402
  },
  "jaccard": [
    0.5647099210435976
  ],
  "braycurtis": [
    0.26651945901186863
  ],
  "dice": [
    0.3934465438890218
  ],
  "cosinus": [
    0.048546267759992046
  ]
}