{
  "voc_eval_res": {
    "precision": 37.037,
    "recall": 39.2157,
    "f-score": 38.0952
  },
  "KL_res": {
    "KL divergence": 3.3804892890688985,
    "Euclidean Dist.": 0.22275084693302677,
    "WER": 1.0169491525423728,
    "CER": 0.6519480519480519,
    "Cosine Dist.": 0.3432577047043758
  },
  "occ_eval_res": {
    "precision": 30.2632,
    "recall": 38.9831,
    "f-score": 34.0741
  },
  "clean_eval": {
    "f-score": 31.147540983606557,
    "precision": 34.54545454545455,
    "recall": 28.35820895522388,
    "tp": 19,
    "fp": 36,
    "fn": 48
  },
  "jaccard": [
    0.6108452950558214
  ],
  "braycurtis": [
    0.4847277556440903
  ],
  "dice": [
    0.4397244546498278
  ],
  "cosinus": [
    0.34937491189630254
  ]
}