{
  "voc_eval_res": {
    "precision": 38.4615,
    "recall": 40.5405,
    "f-score": 39.4737
  },
  "KL_res": {
    "KL divergence": 3.013835207445673,
    "Euclidean Dist.": 0.19387352305160568,
    "WER": 0.95,
    "CER": 0.5714285714285714,
    "Cosine Dist.": 0.36203822173688005
  },
  "occ_eval_res": {
    "precision": 36.7347,
    "recall": 45.0,
    "f-score": 40.4494
  },
  "clean_eval": {
    "f-score": 30.37974683544304,
    "precision": 33.33333333333333,
    "recall": 27.906976744186046,
    "tp": 12,
    "fp": 24,
    "fn": 31
  },
  "jaccard": [
    0.6372180451127819
  ],
  "braycurtis": [
    0.44521739130434784
  ],
  "dice": [
    0.4675862068965517
  ],
  "cosinus": [
    0.2635501941845204
  ]
}