{
  "voc_eval_res": {
    "precision": 23.2911,
    "recall": 4.4487,
    "f-score": 7.4706
  },
  "KL_res": {
    "KL divergence": 2.9634541040337212,
    "Euclidean Dist.": 0.10818208962208652,
    "WER": 0.9700524853349799,
    "CER": 0.8607442398534657,
    "Cosine Dist.": 0.5067530518659311
  },
  "occ_eval_res": {
    "precision": 31.7949,
    "recall": 5.7425,
    "f-score": 9.728
  },
  "clean_eval": {
    "f-score": 1.0436693216149409,
    "precision": 0.6203068886712374,
    "recall": 3.2871972318339098,
    "tp": 19,
    "fp": 3044,
    "fn": 559
  },
  "jaccard": [
    0.7332833864019479
  ],
  "braycurtis": [
    0.7356168804970548
  ],
  "dice": [
    0.5788851101582138
  ],
  "cosinus": [
    0.17830151637262048
  ]
}