{
  "voc_eval_res": {
    "precision": 60.2273,
    "recall": 26.3027,
    "f-score": 36.6149
  },
  "KL_res": {
    "KL divergence": 2.725677951893592,
    "Euclidean Dist.": 0.3190160397714918,
    "WER": 0.8027613412228797,
    "CER": 0.6149594694178334,
    "Cosine Dist.": 0.7565108577557353
  },
  "occ_eval_res": {
    "precision": 63.2948,
    "recall": 21.5976,
    "f-score": 32.2059
  },
  "clean_eval": {
    "f-score": 15.897047691143074,
    "precision": 10.670731707317072,
    "recall": 31.15727002967359,
    "tp": 105,
    "fp": 879,
    "fn": 232
  },
  "jaccard": [
    0.5314872711031711
  ],
  "braycurtis": [
    0.4192947748167113
  ],
  "dice": [
    0.3619221411192214
  ],
  "cosinus": [
    0.37735859495103696
  ]
}