{
  "voc_eval_res": {
    "precision": 68.3486,
    "recall": 36.9727,
    "f-score": 47.9871
  },
  "KL_res": {
    "KL divergence": 2.3851603605487046,
    "Euclidean Dist.": 0.3211717622697093,
    "WER": 0.7001972386587771,
    "CER": 0.4952100221075903,
    "Cosine Dist.": 0.7184938511411813
  },
  "occ_eval_res": {
    "precision": 69.5565,
    "recall": 34.0237,
    "f-score": 45.6954
  },
  "clean_eval": {
    "f-score": 29.09585316111489,
    "precision": 21.747967479674795,
    "recall": 43.94250513347023,
    "tp": 214,
    "fp": 770,
    "fn": 273
  },
  "jaccard": [
    0.4741532976827095
  ],
  "braycurtis": [
    0.2860643185298622
  ],
  "dice": [
    0.3107476635514019
  ],
  "cosinus": [
    0.3334785217405568
  ]
}