{
  "voc_eval_res": {
    "precision": 12.0,
    "recall": 0.5881,
    "f-score": 1.1212
  },
  "KL_res": {
    "KL divergence": 3.625116898591806,
    "Euclidean Dist.": 0.13777801874674145,
    "WER": 0.9932160271358914,
    "CER": 0.9332865579138163,
    "Cosine Dist.": 0.8929104725759873
  },
  "occ_eval_res": {
    "precision": 13.738,
    "recall": 0.9116,
    "f-score": 1.7097
  },
  "clean_eval": {
    "f-score": 0.04179728317659352,
    "precision": 0.022306491188935983,
    "recall": 0.33112582781456956,
    "tp": 1,
    "fp": 4482,
    "fn": 301
  },
  "jaccard": [
    0.8321325648414986
  ],
  "braycurtis": [
    0.8792722371967655
  ],
  "dice": [
    0.7125231338679827
  ],
  "cosinus": [
    0.23045498338253667
  ]
}