{
  "voc_eval_res": {
    "precision": 12.5,
    "recall": 0.8148,
    "f-score": 1.5299
  },
  "KL_res": {
    "KL divergence": 4.026120100971221,
    "Euclidean Dist.": 0.16365653560944082,
    "WER": 0.9922500645827952,
    "CER": 0.9104785639188505,
    "Cosine Dist.": 0.9280528008779738
  },
  "occ_eval_res": {
    "precision": 11.8497,
    "recall": 1.0592,
    "f-score": 1.9445
  },
  "clean_eval": {
    "f-score": 0.04975124378109452,
    "precision": 0.027151778441487917,
    "recall": 0.2967359050445104,
    "tp": 1,
    "fp": 3682,
    "fn": 336
  },
  "jaccard": [
    0.8151041666666666
  ],
  "braycurtis": [
    0.8396481263420378
  ],
  "dice": [
    0.6879120879120879
  ],
  "cosinus": [
    0.25497142148452423
  ]
}