{
  "voc_eval_res": {
    "precision": 72.5,
    "recall": 30.8511,
    "f-score": 43.2836
  },
  "KL_res": {
    "KL divergence": 2.144213626304663,
    "Euclidean Dist.": 0.2096773661161189,
    "WER": 0.5962732919254659,
    "CER": 0.4350515463917526,
    "Cosine Dist.": 0.08901902401887918
  },
  "occ_eval_res": {
    "precision": 70.0935,
    "recall": 46.5839,
    "f-score": 55.9701
  },
  "clean_eval": {
    "f-score": 54.117647058823536,
    "precision": 45.09803921568628,
    "recall": 67.64705882352942,
    "tp": 69,
    "fp": 84,
    "fn": 33
  },
  "jaccard": [
    0.5665529010238908
  ],
  "braycurtis": [
    0.24214907302307984
  ],
  "dice": [
    0.3952380952380952
  ],
  "cosinus": [
    0.04901974564545619
  ]
}