{
  "voc_eval_res": {
    "precision": 82.7586,
    "recall": 32.8767,
    "f-score": 47.0588
  },
  "KL_res": {
    "KL divergence": 4.127892372575898,
    "Euclidean Dist.": 0.5008056493887879,
    "WER": 0.684,
    "CER": 0.7167701863354037,
    "Cosine Dist.": 0.6343192673361657
  },
  "occ_eval_res": {
    "precision": 79.8165,
    "recall": 34.8,
    "f-score": 48.468
  },
  "clean_eval": {
    "f-score": 43.38028169014084,
    "precision": 31.048387096774192,
    "recall": 71.96261682242991,
    "tp": 77,
    "fp": 171,
    "fn": 30
  },
  "jaccard": [
    0.5501567398119123
  ],
  "braycurtis": [
    0.5582043343653251
  ],
  "dice": [
    0.37945945945945947
  ],
  "cosinus": [
    0.6163262941939854
  ]
}