{
  "voc_eval_res": {
    "precision": 57.1429,
    "recall": 53.3333,
    "f-score": 55.1724
  },
  "KL_res": {
    "KL divergence": 2.6810040793134444,
    "Euclidean Dist.": 0.2709006437516948,
    "WER": 0.9333333333333333,
    "CER": 0.7384615384615385,
    "Cosine Dist.": 0.314408829808939
  },
  "occ_eval_res": {
    "precision": 47.0588,
    "recall": 53.3333,
    "f-score": 50.0
  },
  "clean_eval": {
    "f-score": 53.333333333333336,
    "precision": 53.333333333333336,
    "recall": 53.333333333333336,
    "tp": 8,
    "fp": 7,
    "fn": 7
  },
  "jaccard": [
    0.5854700854700855
  ],
  "braycurtis": [
    0.4031620553359684
  ],
  "dice": [
    0.41389728096676737
  ],
  "cosinus": [
    0.22873840171855164
  ]
}