{
  "voc_eval_res": {
    "precision": 64.7059,
    "recall": 64.7059,
    "f-score": 64.7059
  },
  "KL_res": {
    "KL divergence": 1.49336451554053,
    "Euclidean Dist.": 0.2435389588747474,
    "WER": 0.6666666666666666,
    "CER": 0.7321428571428571,
    "Cosine Dist.": 0.17440701699632566
  },
  "occ_eval_res": {
    "precision": 58.3333,
    "recall": 66.6667,
    "f-score": 62.2222
  },
  "clean_eval": {
    "f-score": 59.09090909090908,
    "precision": 65.0,
    "recall": 54.166666666666664,
    "tp": 13,
    "fp": 7,
    "fn": 11
  },
  "jaccard": [
    0.452991452991453
  ],
  "braycurtis": [
    0.3492647058823529
  ],
  "dice": [
    0.292817679558011
  ],
  "cosinus": [
    0.20632888388184933
  ]
}