{
  "voc_eval_res": {
    "precision": 35.0,
    "recall": 63.6364,
    "f-score": 45.1613
  },
  "KL_res": {
    "KL divergence": 1.7373359573573859,
    "Euclidean Dist.": 0.35586390440349563,
    "WER": 1.2,
    "CER": 0.7913043478260869,
    "Cosine Dist.": 0.30269818617534583
  },
  "occ_eval_res": {
    "precision": 36.3636,
    "recall": 53.3333,
    "f-score": 43.2432
  },
  "clean_eval": {
    "f-score": 50.0,
    "precision": 57.14285714285714,
    "recall": 44.44444444444444,
    "tp": 8,
    "fp": 6,
    "fn": 10
  },
  "jaccard": [
    0.6403162055335968
  ],
  "braycurtis": [
    0.49224806201550386
  ],
  "dice": [
    0.47093023255813954
  ],
  "cosinus": [
    0.31123035115501096
  ]
}