{
  "voc_eval_res": {
    "precision": 37.1429,
    "recall": 25.0965,
    "f-score": 29.9539
  },
  "KL_res": {
    "KL divergence": 3.1592243375862887,
    "Euclidean Dist.": 0.2954022465302837,
    "WER": 0.9266304347826086,
    "CER": 0.6171035668242372,
    "Cosine Dist.": 0.6880040067248002
  },
  "occ_eval_res": {
    "precision": 31.2865,
    "recall": 29.0761,
    "f-score": 30.1408
  },
  "clean_eval": {
    "f-score": 12.949640287769784,
    "precision": 12.32876712328767,
    "recall": 13.636363636363635,
    "tp": 45,
    "fp": 320,
    "fn": 285
  },
  "jaccard": [
    0.6202270381836945
  ],
  "braycurtis": [
    0.3960441582336707
  ],
  "dice": [
    0.4495138369483919
  ],
  "cosinus": [
    0.3048963570020017
  ]
}