{
  "voc_eval_res": {
    "precision": 27.4648,
    "recall": 21.0811,
    "f-score": 23.8532
  },
  "KL_res": {
    "KL divergence": 3.5162551970817475,
    "Euclidean Dist.": 0.13847533732808603,
    "WER": 0.8830645161290323,
    "CER": 0.701628664495114,
    "Cosine Dist.": 0.3750791500878333
  },
  "occ_eval_res": {
    "precision": 31.068,
    "recall": 25.8065,
    "f-score": 28.1938
  },
  "clean_eval": {
    "f-score": 18.264840182648403,
    "precision": 16.528925619834713,
    "recall": 20.408163265306122,
    "tp": 40,
    "fp": 202,
    "fn": 156
  },
  "jaccard": [
    0.700374531835206
  ],
  "braycurtis": [
    0.42785403414797457
  ],
  "dice": [
    0.5389048991354467
  ],
  "cosinus": [
    0.14930845871829657
  ]
}