{
  "voc_eval_res": {
    "precision": 16.5775,
    "recall": 1.0302,
    "f-score": 1.9399
  },
  "KL_res": {
    "KL divergence": 3.632382032599189,
    "Euclidean Dist.": 0.2467770077058022,
    "WER": 0.9802719274860038,
    "CER": 0.8394139146325545,
    "Cosine Dist.": 0.7108047959186612
  },
  "occ_eval_res": {
    "precision": 9.8295,
    "recall": 2.6126,
    "f-score": 4.1281
  },
  "clean_eval": {
    "f-score": 0.18038331454340475,
    "precision": 0.11207621182404036,
    "recall": 0.4618937644341801,
    "tp": 4,
    "fp": 3565,
    "fn": 862
  },
  "jaccard": [
    0.8050389922015597
  ],
  "braycurtis": [
    0.7539172410232582
  ],
  "dice": [
    0.6736947791164659
  ],
  "cosinus": [
    0.44169576774178587
  ]
}