{
  "voc_eval_res": {
    "precision": 16.185,
    "recall": 0.7607,
    "f-score": 1.453
  },
  "KL_res": {
    "KL divergence": 3.5246519981381903,
    "Euclidean Dist.": 0.2698901349766204,
    "WER": 0.9838958746966688,
    "CER": 0.882122566054388,
    "Cosine Dist.": 0.6246511299729438
  },
  "occ_eval_res": {
    "precision": 12.976,
    "recall": 2.0296,
    "f-score": 3.5101
  },
  "clean_eval": {
    "f-score": 0.08049909438518818,
    "precision": 0.046264168401572985,
    "recall": 0.30959752321981426,
    "tp": 2,
    "fp": 4321,
    "fn": 644
  },
  "jaccard": [
    0.8161820964039785
  ],
  "braycurtis": [
    0.8058245547734896
  ],
  "dice": [
    0.6894490224592018
  ],
  "cosinus": [
    0.45503148029172014
  ]
}