{
  "voc_eval_res": {
    "precision": 2.7778,
    "recall": 1.7094,
    "f-score": 2.1164
  },
  "KL_res": {
    "KL divergence": 6.524360414766605,
    "Euclidean Dist.": 0.17701683298094728,
    "WER": 1.0,
    "CER": 0.7883895131086143,
    "Cosine Dist.": 0.9791697742430682
  },
  "occ_eval_res": {
    "precision": 1.7699,
    "recall": 1.6807,
    "f-score": 1.7241
  },
  "clean_eval": {
    "f-score": 1.8018018018018018,
    "precision": 1.7391304347826086,
    "recall": 1.8691588785046727,
    "tp": 2,
    "fp": 113,
    "fn": 105
  },
  "jaccard": [
    0.7316857899382171
  ],
  "braycurtis": [
    0.582703213610586
  ],
  "dice": [
    0.5768963117606124
  ],
  "cosinus": [
    0.3389136647129317
  ]
}