{
  "voc_eval_res": {
    "precision": 7.4627,
    "recall": 0.3931,
    "f-score": 0.7468
  },
  "KL_res": {
    "KL divergence": 4.488114988649063,
    "Euclidean Dist.": 0.359105206833866,
    "WER": 0.9962802231866088,
    "CER": 0.8472817133443163,
    "Cosine Dist.": 0.9888262255243545
  },
  "occ_eval_res": {
    "precision": 3.1579,
    "recall": 0.558,
    "f-score": 0.9484
  },
  "clean_eval": {
    "f-score": 0.11363636363636365,
    "precision": 0.06756756756756757,
    "recall": 0.35714285714285715,
    "tp": 1,
    "fp": 1479,
    "fn": 279
  },
  "jaccard": [
    0.8566493955094991
  ],
  "braycurtis": [
    0.8248826601441132
  ],
  "dice": [
    0.7492447129909365
  ],
  "cosinus": [
    0.6149396696707479
  ]
}