{
  "voc_eval_res": {
    "precision": 69.8462,
    "recall": 49.2408,
    "f-score": 57.7608
  },
  "KL_res": {
    "KL divergence": 2.528957158656132,
    "Euclidean Dist.": 0.4261996856653122,
    "WER": 0.6881338742393509,
    "CER": 0.43202202291093156,
    "Cosine Dist.": 0.7217869127741725
  },
  "occ_eval_res": {
    "precision": 69.7765,
    "recall": 36.4097,
    "f-score": 47.8507
  },
  "clean_eval": {
    "f-score": 28.44624199528143,
    "precision": 21.685508735868446,
    "recall": 41.33202742409402,
    "tp": 422,
    "fp": 1524,
    "fn": 599
  },
  "jaccard": [
    0.3779092702169625
  ],
  "braycurtis": [
    0.2709070590426523
  ],
  "dice": [
    0.23297665369649806
  ],
  "cosinus": [
    0.39715775870501646
  ]
}