{
  "voc_eval_res": {
    "precision": 52.8302,
    "recall": 43.2432,
    "f-score": 47.5584
  },
  "KL_res": {
    "KL divergence": 1.2610019489620887,
    "Euclidean Dist.": 0.06406522589459258,
    "WER": 0.63,
    "CER": 0.47149801148917364,
    "Cosine Dist.": 0.0436301864224834
  },
  "occ_eval_res": {
    "precision": 66.9725,
    "recall": 58.4,
    "f-score": 62.3932
  },
  "clean_eval": {
    "f-score": 31.46067415730337,
    "precision": 29.535864978902953,
    "recall": 33.65384615384615,
    "tp": 140,
    "fp": 334,
    "fn": 276
  },
  "jaccard": [
    0.3924387646432375
  ],
  "braycurtis": [
    0.16541793490985718
  ],
  "dice": [
    0.24412056972507454
  ],
  "cosinus": [
    0.01938787980333767
  ]
}