{
  "voc_eval_res": {
    "precision": 76.6667,
    "recall": 66.6667,
    "f-score": 71.3178
  },
  "KL_res": {
    "KL divergence": 0.9001055433625138,
    "Euclidean Dist.": 0.08987569779694957,
    "WER": 0.42990654205607476,
    "CER": 0.36553030303030304,
    "Cosine Dist.": 0.04993195537197692
  },
  "occ_eval_res": {
    "precision": 76.699,
    "recall": 73.8318,
    "f-score": 75.2381
  },
  "clean_eval": {
    "f-score": 70.53140096618358,
    "precision": 69.52380952380952,
    "recall": 71.56862745098039,
    "tp": 73,
    "fp": 32,
    "fn": 29
  },
  "jaccard": [
    0.30076142131979694
  ],
  "braycurtis": [
    0.14587332053742802
  ],
  "dice": [
    0.17699775952203137
  ],
  "cosinus": [
    0.025039562678915273
  ]
}