{
  "voc_eval_res": {
    "precision": 48.9855,
    "recall": 18.3896,
    "f-score": 26.7405
  },
  "KL_res": {
    "KL divergence": 3.158675582539659,
    "Euclidean Dist.": 0.3994399604001221,
    "WER": 0.804623179227359,
    "CER": 0.5450274523122205,
    "Cosine Dist.": 0.8144917665554614
  },
  "occ_eval_res": {
    "precision": 50.8895,
    "recall": 25.3642,
    "f-score": 33.8546
  },
  "clean_eval": {
    "f-score": 15.728368017524646,
    "precision": 11.793692509855454,
    "recall": 23.602892833662064,
    "tp": 359,
    "fp": 2685,
    "fn": 1162
  },
  "jaccard": [
    0.6253471345619793
  ],
  "braycurtis": [
    0.31573177988662343
  ],
  "dice": [
    0.4549127640036731
  ],
  "cosinus": [
    0.33240729630003685
  ]
}