{
  "voc_eval_res": {
    "precision": 28.8793,
    "recall": 8.6788,
    "f-score": 13.3466
  },
  "KL_res": {
    "KL divergence": 3.3613898911572218,
    "Euclidean Dist.": 0.17228421729347784,
    "WER": 0.9407114624505929,
    "CER": 0.7348658206781776,
    "Cosine Dist.": 0.42466520542344444
  },
  "occ_eval_res": {
    "precision": 31.0413,
    "recall": 15.6126,
    "f-score": 20.7758
  },
  "clean_eval": {
    "f-score": 2.7453671928620453,
    "precision": 2.0491803278688523,
    "recall": 4.158004158004158,
    "tp": 20,
    "fp": 956,
    "fn": 461
  },
  "jaccard": [
    0.6201175250604909
  ],
  "braycurtis": [
    0.43475311991318505
  ],
  "dice": [
    0.44939879759519036
  ],
  "cosinus": [
    0.15544286617945957
  ]
}