{
  "voc_eval_res": {
    "precision": 44.335,
    "recall": 9.6154,
    "f-score": 15.8033
  },
  "KL_res": {
    "KL divergence": 2.9471814845870385,
    "Euclidean Dist.": 0.18180547359280988,
    "WER": 0.9227306826706677,
    "CER": 0.7226051343522125,
    "Cosine Dist.": 0.4325636600399584
  },
  "occ_eval_res": {
    "precision": 34.9432,
    "recall": 18.4546,
    "f-score": 24.1532
  },
  "clean_eval": {
    "f-score": 7.039337474120082,
    "precision": 5.29595015576324,
    "recall": 10.493827160493826,
    "tp": 68,
    "fp": 1216,
    "fn": 580
  },
  "jaccard": [
    0.663401893568397
  ],
  "braycurtis": [
    0.4393103448275862
  ],
  "dice": [
    0.4963361016121153
  ],
  "cosinus": [
    0.22070059839729106
  ]
}