{
  "voc_eval_res": {
    "precision": 38.9961,
    "recall": 4.8651,
    "f-score": 8.651
  },
  "KL_res": {
    "KL divergence": 3.6085432200998993,
    "Euclidean Dist.": 0.1701228183045996,
    "WER": 0.9562673236834001,
    "CER": 0.8153307198265076,
    "Cosine Dist.": 0.655924202840463
  },
  "occ_eval_res": {
    "precision": 34.7241,
    "recall": 7.9458,
    "f-score": 12.9323
  },
  "clean_eval": {
    "f-score": 2.2435897435897436,
    "precision": 1.3939595087952208,
    "recall": 5.745554035567715,
    "tp": 42,
    "fp": 2971,
    "fn": 689
  },
  "jaccard": [
    0.7226775956284153
  ],
  "braycurtis": [
    0.6371080422420796
  ],
  "dice": [
    0.5657754010695187
  ],
  "cosinus": [
    0.2219595179569147
  ]
}