{
  "voc_eval_res": {
    "precision": 36.0544,
    "recall": 38.6861,
    "f-score": 37.3239
  },
  "KL_res": {
    "KL divergence": 1.760921225539999,
    "Euclidean Dist.": 0.09021066442033339,
    "WER": 0.9285714285714286,
    "CER": 0.781702374059062,
    "Cosine Dist.": 0.11071368708427876
  },
  "occ_eval_res": {
    "precision": 45.2471,
    "recall": 53.125,
    "f-score": 48.8706
  },
  "clean_eval": {
    "f-score": 10.278372591006423,
    "precision": 11.11111111111111,
    "recall": 9.56175298804781,
    "tp": 24,
    "fp": 192,
    "fn": 227
  },
  "jaccard": [
    0.5035971223021583
  ],
  "braycurtis": [
    0.2679018527791687
  ],
  "dice": [
    0.33653846153846156
  ],
  "cosinus": [
    0.04117257627945903
  ]
}