{
  "voc_eval_res": {
    "precision": 25.0,
    "recall": 42.7083,
    "f-score": 31.5385
  },
  "KL_res": {
    "KL divergence": 2.182806866179026,
    "Euclidean Dist.": 0.1807795696417355,
    "WER": 2.909090909090909,
    "CER": 2.660290742157613,
    "Cosine Dist.": 0.45936608083373476
  },
  "occ_eval_res": {
    "precision": 16.8421,
    "recall": 55.9441,
    "f-score": 25.89
  },
  "clean_eval": {
    "f-score": 14.736842105263156,
    "precision": 30.88235294117647,
    "recall": 9.67741935483871,
    "tp": 42,
    "fp": 94,
    "fn": 392
  },
  "jaccard": [
    0.5634352635003254
  ],
  "braycurtis": [
    0.5948753462603878
  ],
  "dice": [
    0.39221014492753625
  ],
  "cosinus": [
    0.2751848944791494
  ]
}