{
  "voc_eval_res": {
    "precision": 23.1527,
    "recall": 41.9643,
    "f-score": 29.8413
  },
  "KL_res": {
    "KL divergence": 2.1721629204708433,
    "Euclidean Dist.": 0.18301005358186523,
    "WER": 2.767857142857143,
    "CER": 2.2504604051565376,
    "Cosine Dist.": 0.46363311677052965
  },
  "occ_eval_res": {
    "precision": 17.3258,
    "recall": 54.7619,
    "f-score": 26.3233
  },
  "clean_eval": {
    "f-score": 17.313432835820898,
    "precision": 34.93975903614458,
    "recall": 11.507936507936508,
    "tp": 58,
    "fp": 108,
    "fn": 446
  },
  "jaccard": [
    0.5408653846153846
  ],
  "braycurtis": [
    0.5535026943802925
  ],
  "dice": [
    0.37067545304777594
  ],
  "cosinus": [
    0.2549000054746944
  ]
}