{
  "voc_eval_res": {
    "precision": 23.4375,
    "recall": 24.5902,
    "f-score": 24.0
  },
  "KL_res": {
    "KL divergence": 2.66925112500453,
    "Euclidean Dist.": 0.3869820898003961,
    "WER": 2.0553359683794468,
    "CER": 1.508984725965858,
    "Cosine Dist.": 0.0936093212616631
  },
  "occ_eval_res": {
    "precision": 18.7931,
    "recall": 43.083,
    "f-score": 26.1705
  },
  "clean_eval": {
    "f-score": 8.375634517766498,
    "precision": 13.636363636363635,
    "recall": 6.043956043956044,
    "tp": 33,
    "fp": 209,
    "fn": 513
  },
  "jaccard": [
    0.6424747174301011
  ],
  "braycurtis": [
    0.5759170174383644
  ],
  "dice": [
    0.4732690622261174
  ],
  "cosinus": [
    0.3625848466609042
  ]
}