{
  "voc_eval_res": {
    "precision": 34.6543,
    "recall": 44.2951,
    "f-score": 38.8861
  },
  "KL_res": {
    "KL divergence": 0.4450335253930582,
    "Euclidean Dist.": 0.045304498698585494,
    "WER": 0.5394942893533502,
    "CER": 0.20568619481700826,
    "Cosine Dist.": 0.08132276616699896
  },
  "occ_eval_res": {
    "precision": 60.9111,
    "recall": 69.0393,
    "f-score": 64.721
  },
  "clean_eval": {
    "f-score": 47.88172490818915,
    "precision": 51.53101762249159,
    "recall": 44.71511658740962,
    "tp": 25294,
    "fp": 23791,
    "fn": 31273
  },
  "jaccard": [
    0.6628455832771409
  ],
  "braycurtis": [
    0.19097202951197112
  ],
  "dice": [
    0.4957135653050933
  ],
  "cosinus": [
    0.03283837684890478
  ]
}