{
  "voc_eval_res": {
    "precision": 25.641,
    "recall": 15.7895,
    "f-score": 19.544
  },
  "KL_res": {
    "KL divergence": 3.3877898801421913,
    "Euclidean Dist.": 0.17025486154598407,
    "WER": 0.888,
    "CER": 0.711073398387781,
    "Cosine Dist.": 0.32763046137876717
  },
  "occ_eval_res": {
    "precision": 35.473,
    "recall": 28.0,
    "f-score": 31.2966
  },
  "clean_eval": {
    "f-score": 5.246913580246913,
    "precision": 4.815864022662889,
    "recall": 5.762711864406779,
    "tp": 17,
    "fp": 336,
    "fn": 278
  },
  "jaccard": [
    0.6464709556527171
  ],
  "braycurtis": [
    0.38393751251752456
  ],
  "dice": [
    0.477618827872635
  ],
  "cosinus": [
    0.14015667496630213
  ]
}