{
  "voc_eval_res": {
    "precision": 45.0704,
    "recall": 17.0213,
    "f-score": 24.7104
  },
  "KL_res": {
    "KL divergence": 3.1376455629536233,
    "Euclidean Dist.": 0.257131562796091,
    "WER": 0.7617728531855956,
    "CER": 0.5472458575906852,
    "Cosine Dist.": 0.23585739524608473
  },
  "occ_eval_res": {
    "precision": 52.1127,
    "recall": 30.7479,
    "f-score": 38.676
  },
  "clean_eval": {
    "f-score": 12.065813528336381,
    "precision": 9.880239520958083,
    "recall": 15.492957746478872,
    "tp": 33,
    "fp": 301,
    "fn": 180
  },
  "jaccard": [
    0.6593567251461988
  ],
  "braycurtis": [
    0.34808756314649986
  ],
  "dice": [
    0.49182115594329334
  ],
  "cosinus": [
    0.12939183745356575
  ]
}