{
  "voc_eval_res": {
    "precision": 50.0,
    "recall": 48.7395,
    "f-score": 49.3617
  },
  "KL_res": {
    "KL divergence": 0.8842162572307061,
    "Euclidean Dist.": 0.08133719272741391,
    "WER": 0.5331412103746398,
    "CER": 0.5187680461982676,
    "Cosine Dist.": 0.014275981691052375
  },
  "occ_eval_res": {
    "precision": 75.1462,
    "recall": 74.0634,
    "f-score": 74.6009
  },
  "clean_eval": {
    "f-score": 24.477611940298505,
    "precision": 24.188790560471976,
    "recall": 24.773413897280967,
    "tp": 82,
    "fp": 257,
    "fn": 249
  },
  "jaccard": [
    0.4266994266994267
  ],
  "braycurtis": [
    0.19201097205554604
  ],
  "dice": [
    0.27121290994273817
  ],
  "cosinus": [
    0.043297158563759375
  ]
}