{
  "voc_eval_res": {
    "precision": 10.9453,
    "recall": 1.753,
    "f-score": 3.022
  },
  "KL_res": {
    "KL divergence": 3.958402413504049,
    "Euclidean Dist.": 0.17778717203117134,
    "WER": 0.9723636363636363,
    "CER": 0.7902068965517242,
    "Cosine Dist.": 0.5874883315216621
  },
  "occ_eval_res": {
    "precision": 10.5339,
    "recall": 5.3091,
    "f-score": 7.06
  },
  "clean_eval": {
    "f-score": 1.4336917562724016,
    "precision": 1.1102299762093577,
    "recall": 2.023121387283237,
    "tp": 14,
    "fp": 1247,
    "fn": 678
  },
  "jaccard": [
    0.7824737344794651
  ],
  "braycurtis": [
    0.6179403609476091
  ],
  "dice": [
    0.642675034320455
  ],
  "cosinus": [
    0.27695838376139603
  ]
}