{
  "voc_eval_res": {
    "precision": 46.5517,
    "recall": 46.1538,
    "f-score": 46.3519
  },
  "KL_res": {
    "KL divergence": 0.7634320826327735,
    "Euclidean Dist.": 0.05478068419647718,
    "WER": 0.5380116959064327,
    "CER": 0.4954608938547486,
    "Cosine Dist.": 0.006350887431658903
  },
  "occ_eval_res": {
    "precision": 75.731,
    "recall": 75.731,
    "f-score": 75.731
  },
  "clean_eval": {
    "f-score": 19.90950226244344,
    "precision": 19.879518072289155,
    "recall": 19.939577039274926,
    "tp": 66,
    "fp": 266,
    "fn": 265
  },
  "jaccard": [
    0.4368932038834951
  ],
  "braycurtis": [
    0.15516932449381832
  ],
  "dice": [
    0.2795031055900621
  ],
  "cosinus": [
    0.017276678260639167
  ]
}