{
  "voc_eval_res": {
    "precision": 52.1212,
    "recall": 39.8148,
    "f-score": 45.1444
  },
  "KL_res": {
    "KL divergence": 2.1406750405466317,
    "Euclidean Dist.": 0.1525139786108298,
    "WER": 0.7595628415300546,
    "CER": 0.6353348003772399,
    "Cosine Dist.": 0.36454602269049363
  },
  "occ_eval_res": {
    "precision": 52.5806,
    "recall": 44.5355,
    "f-score": 48.2249
  },
  "clean_eval": {
    "f-score": 28.8961038961039,
    "precision": 25.79710144927536,
    "recall": 32.84132841328413,
    "tp": 89,
    "fp": 256,
    "fn": 182
  },
  "jaccard": [
    0.42473745624270715
  ],
  "braycurtis": [
    0.29699761173660866
  ],
  "dice": [
    0.2696296296296296
  ],
  "cosinus": [
    0.18102085225120101
  ]
}