{
  "voc_eval_res": {
    "precision": 42.9268,
    "recall": 4.5714,
    "f-score": 8.2629
  },
  "KL_res": {
    "KL divergence": 3.5559632409678867,
    "Euclidean Dist.": 0.19646417573436828,
    "WER": 0.9487898982813048,
    "CER": 0.792938221064384,
    "Cosine Dist.": 0.5724448123833472
  },
  "occ_eval_res": {
    "precision": 33.7224,
    "recall": 9.1196,
    "f-score": 14.3567
  },
  "clean_eval": {
    "f-score": 2.2425494246090296,
    "precision": 1.446516939474686,
    "recall": 4.986876640419948,
    "tp": 38,
    "fp": 2589,
    "fn": 724
  },
  "jaccard": [
    0.7536846806610094
  ],
  "braycurtis": [
    0.5985411649739992
  ],
  "dice": [
    0.6047303350654004
  ],
  "cosinus": [
    0.22134785885869313
  ]
}