{
  "voc_eval_res": {
    "precision": 11.1801,
    "recall": 1.1595,
    "f-score": 2.1012
  },
  "KL_res": {
    "KL divergence": 3.1313161809905417,
    "Euclidean Dist.": 0.16034938278923802,
    "WER": 0.9848680568370548,
    "CER": 0.8865732460301414,
    "Cosine Dist.": 0.7554633501487052
  },
  "occ_eval_res": {
    "precision": 10.6306,
    "recall": 2.1775,
    "f-score": 3.6146
  },
  "clean_eval": {
    "f-score": 1.1373427537480614,
    "precision": 0.7001909611712286,
    "recall": 3.0275229357798166,
    "tp": 33,
    "fp": 4680,
    "fn": 1057
  },
  "jaccard": [
    0.8017785797138807
  ],
  "braycurtis": [
    0.7751495087569414
  ],
  "dice": [
    0.6691405829837582
  ],
  "cosinus": [
    0.24091403835863534
  ]
}