{
  "voc_eval_res": {
    "precision": 20.4461,
    "recall": 2.1982,
    "f-score": 3.9697
  },
  "KL_res": {
    "KL divergence": 3.6688441772287788,
    "Euclidean Dist.": 0.27067559264567953,
    "WER": 0.966579482708515,
    "CER": 0.8014733660748017,
    "Cosine Dist.": 0.7043071358189963
  },
  "occ_eval_res": {
    "precision": 13.6438,
    "recall": 4.8532,
    "f-score": 7.1597
  },
  "clean_eval": {
    "f-score": 0.37789324515824274,
    "precision": 0.24752475247524752,
    "recall": 0.7984031936127743,
    "tp": 8,
    "fp": 3224,
    "fn": 994
  },
  "jaccard": [
    0.7480349344978166
  ],
  "braycurtis": [
    0.6910892197470054
  ],
  "dice": [
    0.5974886641088245
  ],
  "cosinus": [
    0.4381805490217422
  ]
}