{
  "voc_eval_res": {
    "precision": 73.6484,
    "recall": 92.3816,
    "f-score": 81.9582
  },
  "KL_res": {
    "KL divergence": 0.024761098002809685,
    "Euclidean Dist.": 0.0076654158903826574,
    "WER": 0.12911010999297917,
    "CER": 0.07305432213897396,
    "Cosine Dist.": 0.0018820274330372255
  },
  "occ_eval_res": {
    "precision": 90.3657,
    "recall": 97.3445,
    "f-score": 93.7254
  },
  "clean_eval": {
    "f-score": 83.40849501835343,
    "precision": 86.82693567404691,
    "recall": 80.24903132063287,
    "tp": 119295,
    "fp": 18099,
    "fn": 29361
  },
  "jaccard": [
    0.6042066192390968
  ],
  "braycurtis": [
    0.06577464814677227
  ],
  "dice": [
    0.43287683375437663
  ],
  "cosinus": [
    0.004744606710682997
  ]
}