{
  "voc_eval_res": {
    "precision": 50.0,
    "recall": 48.3333,
    "f-score": 49.1525
  },
  "KL_res": {
    "KL divergence": 0.7155788369217779,
    "Euclidean Dist.": 0.059274994443964515,
    "WER": 0.5439093484419264,
    "CER": 0.5087956698240866,
    "Cosine Dist.": 0.007500283697771559
  },
  "occ_eval_res": {
    "precision": 76.9006,
    "recall": 74.5042,
    "f-score": 75.6835
  },
  "clean_eval": {
    "f-score": 18.37037037037037,
    "precision": 18.023255813953487,
    "recall": 18.731117824773413,
    "tp": 62,
    "fp": 282,
    "fn": 269
  },
  "jaccard": [
    0.41471571906354515
  ],
  "braycurtis": [
    0.163787023977433
  ],
  "dice": [
    0.2616033755274262
  ],
  "cosinus": [
    0.019197085591910246
  ]
}