{
  "voc_eval_res": {
    "precision": 81.5217,
    "recall": 56.8182,
    "f-score": 66.9643
  },
  "KL_res": {
    "KL divergence": 0.9257184307275245,
    "Euclidean Dist.": 0.09710108364326463,
    "WER": 0.42857142857142855,
    "CER": 0.3605125218404193,
    "Cosine Dist.": 0.02881117711789194
  },
  "occ_eval_res": {
    "precision": 81.2183,
    "recall": 67.2269,
    "f-score": 73.5632
  },
  "clean_eval": {
    "f-score": 64.9616368286445,
    "precision": 58.79629629629629,
    "recall": 72.57142857142857,
    "tp": 127,
    "fp": 89,
    "fn": 48
  },
  "jaccard": [
    0.34591194968553457
  ],
  "braycurtis": [
    0.19648462021343377
  ],
  "dice": [
    0.20912547528517111
  ],
  "cosinus": [
    0.03865583741751544
  ]
}