{
  "voc_eval_res": {
    "precision": 51.2,
    "recall": 27.3504,
    "f-score": 35.6546
  },
  "KL_res": {
    "KL divergence": 2.51995805207015,
    "Euclidean Dist.": 0.12274486147801492,
    "WER": 0.6810344827586207,
    "CER": 0.5389636882904937,
    "Cosine Dist.": 0.0993430107497909
  },
  "occ_eval_res": {
    "precision": 59.9119,
    "recall": 39.0805,
    "f-score": 47.3043
  },
  "clean_eval": {
    "f-score": 32.6241134751773,
    "precision": 26.666666666666668,
    "recall": 42.00913242009132,
    "tp": 92,
    "fp": 253,
    "fn": 127
  },
  "jaccard": [
    0.5684695051783659
  ],
  "braycurtis": [
    0.30772822787765586
  ],
  "dice": [
    0.3971061093247588
  ],
  "cosinus": [
    0.0721388156919901
  ]
}