{
  "voc_eval_res": {
    "precision": 79.8077,
    "recall": 35.4701,
    "f-score": 49.1124
  },
  "KL_res": {
    "KL divergence": 2.1130843522299685,
    "Euclidean Dist.": 0.1615481454610481,
    "WER": 0.6005747126436781,
    "CER": 0.4908200734394125,
    "Cosine Dist.": 0.09848901787874642
  },
  "occ_eval_res": {
    "precision": 80.0,
    "recall": 42.5287,
    "f-score": 55.5347
  },
  "clean_eval": {
    "f-score": 53.33333333333334,
    "precision": 40.57971014492754,
    "recall": 77.77777777777779,
    "tp": 140,
    "fp": 205,
    "fn": 40
  },
  "jaccard": [
    0.4975031210986267
  ],
  "braycurtis": [
    0.3059475806451613
  ],
  "dice": [
    0.33111757374324885
  ],
  "cosinus": [
    0.08176700207005394
  ]
}