{
  "voc_eval_res": {
    "precision": 52.8,
    "recall": 28.5714,
    "f-score": 37.0787
  },
  "KL_res": {
    "KL divergence": 2.4249102333635317,
    "Euclidean Dist.": 0.12037739597805674,
    "WER": 0.6873239436619718,
    "CER": 0.5580929487179487,
    "Cosine Dist.": 0.10329547590837307
  },
  "occ_eval_res": {
    "precision": 60.3524,
    "recall": 38.5915,
    "f-score": 47.079
  },
  "clean_eval": {
    "f-score": 32.56637168141592,
    "precision": 26.589595375722542,
    "recall": 42.00913242009132,
    "tp": 92,
    "fp": 254,
    "fn": 127
  },
  "jaccard": [
    0.5747800586510264
  ],
  "braycurtis": [
    0.32168479518629944
  ],
  "dice": [
    0.40329218106995884
  ],
  "cosinus": [
    0.08918713325146821
  ]
}