{
  "voc_eval_res": {
    "precision": 43.75,
    "recall": 35.3211,
    "f-score": 39.0863
  },
  "KL_res": {
    "KL divergence": 2.0877928105483328,
    "Euclidean Dist.": 0.12501204097098684,
    "WER": 0.8,
    "CER": 0.6485602094240838,
    "Cosine Dist.": 0.2647905994977069
  },
  "occ_eval_res": {
    "precision": 48.7421,
    "recall": 44.2857,
    "f-score": 46.4072
  },
  "clean_eval": {
    "f-score": 23.567921440261866,
    "precision": 21.75226586102719,
    "recall": 25.71428571428571,
    "tp": 72,
    "fp": 259,
    "fn": 208
  },
  "jaccard": [
    0.45685279187817257
  ],
  "braycurtis": [
    0.28399311531841653
  ],
  "dice": [
    0.29605263157894735
  ],
  "cosinus": [
    0.13777721217193128
  ]
}