{
  "voc_eval_res": {
    "precision": 5.1645,
    "recall": 18.02,
    "f-score": 8.0281
  },
  "KL_res": {
    "KL divergence": 0.9700443381433829,
    "Euclidean Dist.": 0.06464705462300573,
    "WER": 0.8232129996398991,
    "CER": 0.3981127672311454,
    "Cosine Dist.": 0.20171526228124104
  },
  "occ_eval_res": {
    "precision": 28.0985,
    "recall": 28.3973,
    "f-score": 28.2471
  },
  "clean_eval": {
    "f-score": 9.113176449043129,
    "precision": 9.110048284857777,
    "recall": 9.116306762234078,
    "tp": 7962,
    "fp": 79436,
    "fn": 79376
  },
  "jaccard": [
    0.7789231779382797
  ],
  "braycurtis": [
    0.32930256885985254
  ],
  "dice": [
    0.6378985857934075
  ],
  "cosinus": [
    0.07467688160981467
  ]
}