{
  "voc_eval_res": {
    "precision": 73.9568,
    "recall": 59.2166,
    "f-score": 65.771
  },
  "KL_res": {
    "KL divergence": 0.3162737190099993,
    "Euclidean Dist.": 0.1389656203126762,
    "WER": 0.43359253499222394,
    "CER": 0.2812457127177939,
    "Cosine Dist.": 0.008048680108997508
  },
  "occ_eval_res": {
    "precision": 72.5183,
    "recall": 83.3904,
    "f-score": 77.5752
  },
  "clean_eval": {
    "f-score": 62.19870664315109,
    "precision": 67.0468948035488,
    "recall": 58.00438596491229,
    "tp": 2116,
    "fp": 1040,
    "fn": 1532
  },
  "jaccard": [
    0.2996777658431794
  ],
  "braycurtis": [
    0.11264471121953307
  ],
  "dice": [
    0.17624763108022742
  ],
  "cosinus": [
    0.03656403048351198
  ]
}