{
  "voc_eval_res": {
    "precision": 57.8588,
    "recall": 55.0976,
    "f-score": 56.4444
  },
  "KL_res": {
    "KL divergence": 0.9685333392531716,
    "Euclidean Dist.": 0.043337160991157093,
    "WER": 0.5986111111111111,
    "CER": 0.46307247971393206,
    "Cosine Dist.": 0.07756432638983157
  },
  "occ_eval_res": {
    "precision": 64.7482,
    "recall": 62.5,
    "f-score": 63.6042
  },
  "clean_eval": {
    "f-score": 47.094339622641506,
    "precision": 46.22222222222222,
    "recall": 48.0,
    "tp": 312,
    "fp": 363,
    "fn": 338
  },
  "jaccard": [
    0.3147337709700948
  ],
  "braycurtis": [
    0.12415365482934917
  ],
  "dice": [
    0.18675611339536896
  ],
  "cosinus": [
    0.010095866434522649
  ]
}