{
  "voc_eval_res": {
    "precision": 68.929,
    "recall": 58.6643,
    "f-score": 63.3837
  },
  "KL_res": {
    "KL divergence": 1.1410462978683324,
    "Euclidean Dist.": 0.2535332499119177,
    "WER": 0.4885986274075714,
    "CER": 0.35224076930055337,
    "Cosine Dist.": 0.5121647874349382
  },
  "occ_eval_res": {
    "precision": 73.8732,
    "recall": 64.224,
    "f-score": 68.7115
  },
  "clean_eval": {
    "f-score": 51.14704776231665,
    "precision": 47.60793465577596,
    "recall": 55.25460455037919,
    "tp": 2040,
    "fp": 2245,
    "fn": 1652
  },
  "jaccard": [
    0.2907004542194597
  ],
  "braycurtis": [
    0.1490476919633918
  ],
  "dice": [
    0.17006993006993007
  ],
  "cosinus": [
    0.11839502225948084
  ]
}