{
  "voc_eval_res": {
    "precision": 63.9378,
    "recall": 50.491,
    "f-score": 56.4243
  },
  "KL_res": {
    "KL divergence": 1.1883289557116754,
    "Euclidean Dist.": 0.22948309967307343,
    "WER": 0.5620915032679739,
    "CER": 0.4158173138949813,
    "Cosine Dist.": 0.5005556404452167
  },
  "occ_eval_res": {
    "precision": 69.7254,
    "recall": 57.3381,
    "f-score": 62.9279
  },
  "clean_eval": {
    "f-score": 45.82493843743004,
    "precision": 41.60569105691057,
    "recall": 50.996512207274534,
    "tp": 2047,
    "fp": 2873,
    "fn": 1967
  },
  "jaccard": [
    0.282727725236436
  ],
  "braycurtis": [
    0.1712613917625723
  ],
  "dice": [
    0.1646376811594203
  ],
  "cosinus": [
    0.10600619004544287
  ]
}