{
  "voc_eval_res": {
    "precision": 60.4383,
    "recall": 46.9114,
    "f-score": 52.8226
  },
  "KL_res": {
    "KL divergence": 1.2504900784007034,
    "Euclidean Dist.": 0.2813158926936346,
    "WER": 0.5868072584600295,
    "CER": 0.47225725094577553,
    "Cosine Dist.": 0.5310456059850251
  },
  "occ_eval_res": {
    "precision": 70.1069,
    "recall": 56.3021,
    "f-score": 62.4507
  },
  "clean_eval": {
    "f-score": 41.50997150997151,
    "precision": 37.1021135727018,
    "recall": 47.10636922082121,
    "tp": 1457,
    "fp": 2470,
    "fn": 1636
  },
  "jaccard": [
    0.39363336992316134
  ],
  "braycurtis": [
    0.18278005554820792
  ],
  "dice": [
    0.24504578379117126
  ],
  "cosinus": [
    0.12705580892130064
  ]
}