{
  "voc_eval_res": {
    "precision": 3.9113,
    "recall": 6.5359,
    "f-score": 4.894
  },
  "KL_res": {
    "KL divergence": 4.38442655741379,
    "Euclidean Dist.": 0.11581855086000369,
    "WER": 2.0446096654275094,
    "CER": 1.1995696611081226,
    "Cosine Dist.": 0.6812464662281734
  },
  "occ_eval_res": {
    "precision": 4.1889,
    "recall": 8.7361,
    "f-score": 5.6627
  },
  "clean_eval": {
    "f-score": 0.4181184668989547,
    "precision": 0.5802707930367506,
    "recall": 0.32679738562091504,
    "tp": 3,
    "fp": 514,
    "fn": 915
  },
  "jaccard": [
    0.8239848589125947
  ],
  "braycurtis": [
    0.6686433624635871
  ],
  "dice": [
    0.7006583760058522
  ],
  "cosinus": [
    0.47417517969413026
  ]
}