{
  "voc_eval_res": {
    "precision": 21.9828,
    "recall": 7.265,
    "f-score": 10.9208
  },
  "KL_res": {
    "KL divergence": 3.364570476274078,
    "Euclidean Dist.": 0.1738646026025534,
    "WER": 0.8914988814317674,
    "CER": 0.6968410538144587,
    "Cosine Dist.": 0.2545950111968355
  },
  "occ_eval_res": {
    "precision": 33.4802,
    "recall": 17.0022,
    "f-score": 22.5519
  },
  "clean_eval": {
    "f-score": 4.996096799375487,
    "precision": 3.7602820211515864,
    "recall": 7.441860465116279,
    "tp": 32,
    "fp": 819,
    "fn": 398
  },
  "jaccard": [
    0.6238191632928475
  ],
  "braycurtis": [
    0.4499750706332059
  ],
  "dice": [
    0.45329737680804116
  ],
  "cosinus": [
    0.13322030755589997
  ]
}