{
  "voc_eval_res": {
    "precision": 59.0164,
    "recall": 41.3793,
    "f-score": 48.6486
  },
  "KL_res": {
    "KL divergence": 2.085358361982154,
    "Euclidean Dist.": 0.29758669829480733,
    "WER": 0.8260869565217391,
    "CER": 0.48776508972267535,
    "Cosine Dist.": 0.4512855367087163
  },
  "occ_eval_res": {
    "precision": 45.5128,
    "recall": 51.4493,
    "f-score": 48.2993
  },
  "clean_eval": {
    "f-score": 45.99303135888501,
    "precision": 50.38167938931297,
    "recall": 42.30769230769231,
    "tp": 66,
    "fp": 65,
    "fn": 90
  },
  "jaccard": [
    0.4727854855923159
  ],
  "braycurtis": [
    0.26799511996746644
  ],
  "dice": [
    0.30957372466806427
  ],
  "cosinus": [
    0.189802090979327
  ]
}