{
  "voc_eval_res": {
    "precision": 47.2296,
    "recall": 15.9537,
    "f-score": 23.8508
  },
  "KL_res": {
    "KL divergence": 3.692494250956557,
    "Euclidean Dist.": 0.16938713753413143,
    "WER": 0.8936341659951652,
    "CER": 0.6906206252916472,
    "Cosine Dist.": 0.6868664084564227
  },
  "occ_eval_res": {
    "precision": 47.4852,
    "recall": 12.9331,
    "f-score": 20.3293
  },
  "clean_eval": {
    "f-score": 16.248746238716148,
    "precision": 10.420240137221269,
    "recall": 36.874051593323216,
    "tp": 243,
    "fp": 2089,
    "fn": 416
  },
  "jaccard": [
    0.6851184834123223
  ],
  "braycurtis": [
    0.4718108338772027
  ],
  "dice": [
    0.5210495963091119
  ],
  "cosinus": [
    0.20223413113840194
  ]
}