{
  "voc_eval_res": {
    "precision": 28.9803,
    "recall": 5.429,
    "f-score": 9.1448
  },
  "KL_res": {
    "KL divergence": 3.0003372303869598,
    "Euclidean Dist.": 0.1269277835025514,
    "WER": 0.9381647291615137,
    "CER": 0.7519433465085639,
    "Cosine Dist.": 0.4154926517405957
  },
  "occ_eval_res": {
    "precision": 27.8219,
    "recall": 8.6569,
    "f-score": 13.2051
  },
  "clean_eval": {
    "f-score": 6.2512603347449085,
    "precision": 4.038561750911933,
    "recall": 13.826940231935772,
    "tp": 155,
    "fp": 3683,
    "fn": 966
  },
  "jaccard": [
    0.675779939617578
  ],
  "braycurtis": [
    0.5277414445052201
  ],
  "dice": [
    0.5103229892336922
  ],
  "cosinus": [
    0.18866519471121557
  ]
}