{
  "voc_eval_res": {
    "precision": 30.2326,
    "recall": 22.4138,
    "f-score": 25.7426
  },
  "KL_res": {
    "KL divergence": 4.450189318828469,
    "Euclidean Dist.": 0.30608615010023577,
    "WER": 1.0303030303030303,
    "CER": 0.7287234042553191,
    "Cosine Dist.": 0.7549087439614828
  },
  "occ_eval_res": {
    "precision": 21.1268,
    "recall": 22.7273,
    "f-score": 21.8978
  },
  "clean_eval": {
    "f-score": 20.15503875968992,
    "precision": 20.967741935483872,
    "recall": 19.402985074626866,
    "tp": 13,
    "fp": 49,
    "fn": 54
  },
  "jaccard": [
    0.716824644549763
  ],
  "braycurtis": [
    0.5926305015353122
  ],
  "dice": [
    0.5586334256694367
  ],
  "cosinus": [
    0.5608509027832211
  ]
}