{
  "voc_eval_res": {
    "precision": 33.3333,
    "recall": 17.6471,
    "f-score": 23.0769
  },
  "KL_res": {
    "KL divergence": 5.407641868529659,
    "Euclidean Dist.": 0.38734443411745473,
    "WER": 0.8888888888888888,
    "CER": 0.704225352112676,
    "Cosine Dist.": 0.40700054667111896
  },
  "occ_eval_res": {
    "precision": 36.3636,
    "recall": 22.2222,
    "f-score": 27.5862
  },
  "clean_eval": {
    "f-score": 27.586206896551722,
    "precision": 22.22222222222222,
    "recall": 36.36363636363637,
    "tp": 4,
    "fp": 14,
    "fn": 7
  },
  "jaccard": [
    0.7154471544715447
  ],
  "braycurtis": [
    0.5454545454545454
  ],
  "dice": [
    0.5569620253164557
  ],
  "cosinus": [
    0.365874953991299
  ]
}