{
  "voc_eval_res": {
    "precision": 36.3636,
    "recall": 19.0476,
    "f-score": 25.0
  },
  "KL_res": {
    "KL divergence": 5.944355959345241,
    "Euclidean Dist.": 0.3965286060226627,
    "WER": 0.8214285714285714,
    "CER": 0.6394849785407726,
    "Cosine Dist.": 0.5717925387371742
  },
  "occ_eval_res": {
    "precision": 38.4615,
    "recall": 17.8571,
    "f-score": 24.3902
  },
  "clean_eval": {
    "f-score": 22.22222222222222,
    "precision": 16.666666666666664,
    "recall": 33.33333333333333,
    "tp": 4,
    "fp": 20,
    "fn": 8
  },
  "jaccard": [
    0.6405797101449275
  ],
  "braycurtis": [
    0.5027624309392266
  ],
  "dice": [
    0.47121535181236673
  ],
  "cosinus": [
    0.39456949401225283
  ]
}