{
  "voc_eval_res": {
    "precision": 56.8515,
    "recall": 68.5516,
    "f-score": 62.1557
  },
  "KL_res": {
    "KL divergence": 0.18426967168401368,
    "Euclidean Dist.": 0.02591361589764147,
    "WER": 0.23366300788256783,
    "CER": 0.08342921293956018,
    "Cosine Dist.": 0.036930324815520055
  },
  "occ_eval_res": {
    "precision": 81.4452,
    "recall": 83.9288,
    "f-score": 82.6684
  },
  "clean_eval": {
    "f-score": 68.22522013086679,
    "precision": 67.41379310344827,
    "recall": 69.05641864268193,
    "tp": 42228,
    "fp": 20412,
    "fn": 18922
  },
  "jaccard": [
    0.6024035739004593
  ],
  "braycurtis": [
    0.12895002066460262
  ],
  "dice": [
    0.43102827300558255
  ],
  "cosinus": [
    0.018336300594938848
  ]
}