{
  "voc_eval_res": {
    "precision": 54.2857,
    "recall": 10.6742,
    "f-score": 17.8404
  },
  "KL_res": {
    "KL divergence": 4.848909221712729,
    "Euclidean Dist.": 0.3760755900435779,
    "WER": 0.861271676300578,
    "CER": 0.5786948176583493,
    "Cosine Dist.": 0.5857987688978372
  },
  "occ_eval_res": {
    "precision": 48.6726,
    "recall": 15.896,
    "f-score": 23.9651
  },
  "clean_eval": {
    "f-score": 21.077283372365336,
    "precision": 14.150943396226415,
    "recall": 41.284403669724774,
    "tp": 45,
    "fp": 273,
    "fn": 64
  },
  "jaccard": [
    0.6935908691834943
  ],
  "braycurtis": [
    0.4130369480324422
  ],
  "dice": [
    0.5309139784946236
  ],
  "cosinus": [
    0.26316310021559186
  ]
}