{
  "voc_eval_res": {
    "precision": 48.8372,
    "recall": 40.0,
    "f-score": 43.9791
  },
  "KL_res": {
    "KL divergence": 2.0342191948700084,
    "Euclidean Dist.": 0.13460353031404157,
    "WER": 0.7710843373493976,
    "CER": 0.6238159675236806,
    "Cosine Dist.": 0.2221173709139148
  },
  "occ_eval_res": {
    "precision": 46.1538,
    "recall": 50.6024,
    "f-score": 48.2759
  },
  "clean_eval": {
    "f-score": 42.60355029585799,
    "precision": 44.44444444444444,
    "recall": 40.909090909090914,
    "tp": 72,
    "fp": 90,
    "fn": 104
  },
  "jaccard": [
    0.4862298195631529
  ],
  "braycurtis": [
    0.2847615871957319
  ],
  "dice": [
    0.3212045169385194
  ],
  "cosinus": [
    0.10076245706007336
  ]
}