{
  "voc_eval_res": {
    "precision": 81.7308,
    "recall": 36.0169,
    "f-score": 50.0
  },
  "KL_res": {
    "KL divergence": 2.1574560477417766,
    "Euclidean Dist.": 0.1661057146088161,
    "WER": 0.6027397260273972,
    "CER": 0.4646166807076664,
    "Cosine Dist.": 0.09444404003417273
  },
  "occ_eval_res": {
    "precision": 82.7027,
    "recall": 41.9178,
    "f-score": 55.6364
  },
  "clean_eval": {
    "f-score": 53.53159851301116,
    "precision": 40.22346368715084,
    "recall": 80.0,
    "tp": 144,
    "fp": 214,
    "fn": 36
  },
  "jaccard": [
    0.47162426614481406
  ],
  "braycurtis": [
    0.28777348777348777
  ],
  "dice": [
    0.3085787451984635
  ],
  "cosinus": [
    0.07293781890526208
  ]
}