{
  "voc_eval_res": {
    "precision": 83.6957,
    "recall": 54.2254,
    "f-score": 65.812
  },
  "KL_res": {
    "KL divergence": 1.0793197147312452,
    "Euclidean Dist.": 0.10877174531114789,
    "WER": 0.4308300395256917,
    "CER": 0.348543155579989,
    "Cosine Dist.": 0.025926274207757283
  },
  "occ_eval_res": {
    "precision": 84.264,
    "recall": 65.6126,
    "f-score": 73.7778
  },
  "clean_eval": {
    "f-score": 66.33663366336633,
    "precision": 58.515283842794766,
    "recall": 76.57142857142857,
    "tp": 134,
    "fp": 95,
    "fn": 41
  },
  "jaccard": [
    0.3254759746146872
  ],
  "braycurtis": [
    0.19969604863221885
  ],
  "dice": [
    0.19436924742826206
  ],
  "cosinus": [
    0.053303926802203305
  ]
}