{
  "voc_eval_res": {
    "precision": 85.7143,
    "recall": 45.3488,
    "f-score": 59.3156
  },
  "KL_res": {
    "KL divergence": 2.5239387457749234,
    "Euclidean Dist.": 0.264773005578646,
    "WER": 0.5704845814977973,
    "CER": 0.6371298897773936,
    "Cosine Dist.": 0.3138051888639942
  },
  "occ_eval_res": {
    "precision": 87.9167,
    "recall": 46.4758,
    "f-score": 60.8069
  },
  "clean_eval": {
    "f-score": 37.956204379562045,
    "precision": 29.017857142857146,
    "recall": 54.85232067510548,
    "tp": 130,
    "fp": 318,
    "fn": 107
  },
  "jaccard": [
    0.4802768166089965
  ],
  "braycurtis": [
    0.4793622410967069
  ],
  "dice": [
    0.31602914389799636
  ],
  "cosinus": [
    0.4917303528304138
  ]
}