{
  "voc_eval_res": {
    "precision": 40.5634,
    "recall": 34.3675,
    "f-score": 37.2093
  },
  "KL_res": {
    "KL divergence": 1.5164350176771668,
    "Euclidean Dist.": 0.08877168239305523,
    "WER": 0.7308900523560209,
    "CER": 0.5421968016808685,
    "Cosine Dist.": 0.10527323760534069
  },
  "occ_eval_res": {
    "precision": 51.8858,
    "recall": 53.2984,
    "f-score": 52.5826
  },
  "clean_eval": {
    "f-score": 21.868131868131872,
    "precision": 22.23463687150838,
    "recall": 21.513513513513512,
    "tp": 199,
    "fp": 696,
    "fn": 726
  },
  "jaccard": [
    0.4269005847953216
  ],
  "braycurtis": [
    0.18733371891266629
  ],
  "dice": [
    0.27137546468401486
  ],
  "cosinus": [
    0.043015236945668334
  ]
}