{
  "voc_eval_res": {
    "precision": 29.0598,
    "recall": 11.6838,
    "f-score": 16.6667
  },
  "KL_res": {
    "KL divergence": 3.8375260609377957,
    "Euclidean Dist.": 0.1959241246585379,
    "WER": 0.860036832412523,
    "CER": 0.6092177864329763,
    "Cosine Dist.": 0.4674637453830677
  },
  "occ_eval_res": {
    "precision": 33.1081,
    "recall": 18.0479,
    "f-score": 23.3611
  },
  "clean_eval": {
    "f-score": 5.326231691078561,
    "precision": 4.385964912280701,
    "recall": 6.779661016949152,
    "tp": 20,
    "fp": 436,
    "fn": 275
  },
  "jaccard": [
    0.7657657657657657
  ],
  "braycurtis": [
    0.42469425364382646
  ],
  "dice": [
    0.6204379562043796
  ],
  "cosinus": [
    0.1576317188196137
  ]
}