{
  "voc_eval_res": {
    "precision": 41.9355,
    "recall": 45.3488,
    "f-score": 43.5754
  },
  "KL_res": {
    "KL divergence": 1.8315096621772067,
    "Euclidean Dist.": 0.128093044839047,
    "WER": 0.8164556962025317,
    "CER": 0.7635893011216566,
    "Cosine Dist.": 0.18388826509883371
  },
  "occ_eval_res": {
    "precision": 47.5936,
    "recall": 56.3291,
    "f-score": 51.5942
  },
  "clean_eval": {
    "f-score": 43.292682926829265,
    "precision": 48.29931972789115,
    "recall": 39.226519337016576,
    "tp": 71,
    "fp": 76,
    "fn": 110
  },
  "jaccard": [
    0.49559255631733595
  ],
  "braycurtis": [
    0.3067349926793558
  ],
  "dice": [
    0.3294270833333333
  ],
  "cosinus": [
    0.08044320943284844
  ]
}