{
  "voc_eval_res": {
    "precision": 47.0348,
    "recall": 51.8018,
    "f-score": 49.3033
  },
  "KL_res": {
    "KL divergence": 0.7524305252593254,
    "Euclidean Dist.": 0.04135752907458556,
    "WER": 0.7285407725321889,
    "CER": 0.6179720704310868,
    "Cosine Dist.": 0.013443595724887292
  },
  "occ_eval_res": {
    "precision": 62.218,
    "recall": 71.03,
    "f-score": 66.3327
  },
  "clean_eval": {
    "f-score": 37.34309623430962,
    "precision": 39.84375,
    "recall": 35.13779527559055,
    "tp": 357,
    "fp": 539,
    "fn": 659
  },
  "jaccard": [
    0.35192660550458715
  ],
  "braycurtis": [
    0.1544473800088067
  ],
  "dice": [
    0.21353818748608328
  ],
  "cosinus": [
    0.01025320733520918
  ]
}