{
  "voc_eval_res": {
    "precision": 22.2199,
    "recall": 39.2977,
    "f-score": 28.3883
  },
  "KL_res": {
    "KL divergence": 0.37006313662026996,
    "Euclidean Dist.": 0.05412545873871316,
    "WER": 0.6652855149494584,
    "CER": 0.23763826733091278,
    "Cosine Dist.": 0.13855114990425743
  },
  "occ_eval_res": {
    "precision": 55.7427,
    "recall": 59.3984,
    "f-score": 57.5125
  },
  "clean_eval": {
    "f-score": 37.73713091194146,
    "precision": 39.12251996489213,
    "recall": 36.446503740044214,
    "tp": 36105,
    "fp": 56182,
    "fn": 62958
  },
  "jaccard": [
    0.678096745968918
  ],
  "braycurtis": [
    0.20243042830743319
  ],
  "dice": [
    0.5129700255303055
  ],
  "cosinus": [
    0.03165578768736943
  ]
}