{
  "voc_eval_res": {
    "precision": 72.6336,
    "recall": 20.9705,
    "f-score": 32.5448
  },
  "KL_res": {
    "KL divergence": 0.23463470893209748,
    "Euclidean Dist.": 0.027390570256176146,
    "WER": 0.9422954824431451,
    "CER": 0.927805958462107,
    "Cosine Dist.": 0.02589074900165267
  },
  "occ_eval_res": {
    "precision": 89.8051,
    "recall": 6.8552,
    "f-score": 12.7381
  },
  "clean_eval": {
    "f-score": 9.739178371673692,
    "precision": 5.248499102556168,
    "recall": 67.45147947820553,
    "tp": 8480,
    "fp": 153090,
    "fn": 4092
  },
  "jaccard": [
    0.5934980722046969
  ],
  "braycurtis": [
    0.8710943696746244
  ],
  "dice": [
    0.42196747866176565
  ],
  "cosinus": [
    0.011717143938605679
  ]
}