{
  "voc_eval_res": {
    "precision": 37.0445,
    "recall": 36.4542,
    "f-score": 36.747
  },
  "KL_res": {
    "KL divergence": 1.6779439833849872,
    "Euclidean Dist.": 0.12327289715057915,
    "WER": 0.82744702320888,
    "CER": 0.648558246828143,
    "Cosine Dist.": 0.14242448113076367
  },
  "occ_eval_res": {
    "precision": 46.3713,
    "recall": 49.6468,
    "f-score": 47.9532
  },
  "clean_eval": {
    "f-score": 25.356415478615073,
    "precision": 26.15546218487395,
    "recall": 24.604743083003953,
    "tp": 249,
    "fp": 703,
    "fn": 763
  },
  "jaccard": [
    0.4192745376955903
  ],
  "braycurtis": [
    0.19789870689655173
  ],
  "dice": [
    0.2652418447694038
  ],
  "cosinus": [
    0.07283977770140415
  ]
}