{
  "voc_eval_res": {
    "precision": 38.0597,
    "recall": 4.1329,
    "f-score": 7.4561
  },
  "KL_res": {
    "KL divergence": 3.427779337280197,
    "Euclidean Dist.": 0.27460073222772435,
    "WER": 0.924816280384398,
    "CER": 0.7455803228285934,
    "Cosine Dist.": 0.30799081506151327
  },
  "occ_eval_res": {
    "precision": 34.88,
    "recall": 12.3233,
    "f-score": 18.2122
  },
  "clean_eval": {
    "f-score": 2.378774016468435,
    "precision": 1.5402843601895735,
    "recall": 5.220883534136546,
    "tp": 26,
    "fp": 1662,
    "fn": 472
  },
  "jaccard": [
    0.7524613220815752
  ],
  "braycurtis": [
    0.5891888870255464
  ],
  "dice": [
    0.6031567080045096
  ],
  "cosinus": [
    0.3052459491552102
  ]
}