{
  "voc_eval_res": {
    "precision": 31.9703,
    "recall": 4.0739,
    "f-score": 7.2269
  },
  "KL_res": {
    "KL divergence": 3.41742232439589,
    "Euclidean Dist.": 0.26921595667467624,
    "WER": 0.9457142857142857,
    "CER": 0.7680228104519533,
    "Cosine Dist.": 0.6812028827423005
  },
  "occ_eval_res": {
    "precision": 20.9967,
    "recall": 8.1587,
    "f-score": 11.7513
  },
  "clean_eval": {
    "f-score": 2.1548484089200697,
    "precision": 1.4386082301773169,
    "recall": 4.291417165668663,
    "tp": 43,
    "fp": 2946,
    "fn": 959
  },
  "jaccard": [
    0.730752688172043
  ],
  "braycurtis": [
    0.6334291129180167
  ],
  "dice": [
    0.5757370382921043
  ],
  "cosinus": [
    0.3855634697314385
  ]
}