{
  "voc_eval_res": {
    "precision": 32.0755,
    "recall": 5.3515,
    "f-score": 9.1727
  },
  "KL_res": {
    "KL divergence": 3.8014904845173767,
    "Euclidean Dist.": 0.2662958525391456,
    "WER": 0.9307010475423045,
    "CER": 0.7286192068800764,
    "Cosine Dist.": 0.5142086387315409
  },
  "occ_eval_res": {
    "precision": 19.4332,
    "recall": 11.6035,
    "f-score": 14.5308
  },
  "clean_eval": {
    "f-score": 4.171364148816234,
    "precision": 3.2006920415224913,
    "recall": 5.9870550161812295,
    "tp": 37,
    "fp": 1119,
    "fn": 581
  },
  "jaccard": [
    0.7268464243845252
  ],
  "braycurtis": [
    0.5607376636455186
  ],
  "dice": [
    0.570902394106814
  ],
  "cosinus": [
    0.30884783410373484
  ]
}