{
  "voc_eval_res": {
    "precision": 68.6924,
    "recall": 91.6171,
    "f-score": 78.5156
  },
  "KL_res": {
    "KL divergence": 0.028604292032992567,
    "Euclidean Dist.": 0.008945353583464549,
    "WER": 0.09938413008374329,
    "CER": 0.040382100667124714,
    "Cosine Dist.": 0.0020342141634150934
  },
  "occ_eval_res": {
    "precision": 91.9349,
    "recall": 94.4328,
    "f-score": 93.1671
  },
  "clean_eval": {
    "f-score": 85.8873184321106,
    "precision": 86.6176802225062,
    "recall": 85.16917050095164,
    "tp": 46091,
    "fp": 7121,
    "fn": 8026
  },
  "jaccard": [
    0.5066907391673747
  ],
  "braycurtis": [
    0.06661020057106433
  ],
  "dice": [
    0.33930730389019276
  ],
  "cosinus": [
    0.005177228590272143
  ]
}