{
  "voc_eval_res": {
    "precision": 77.0578,
    "recall": 54.321,
    "f-score": 63.7219
  },
  "KL_res": {
    "KL divergence": 1.0229974619025597,
    "Euclidean Dist.": 0.08062103289645912,
    "WER": 0.4526572999389126,
    "CER": 0.313506723806709,
    "Cosine Dist.": 0.05784415399027676
  },
  "occ_eval_res": {
    "precision": 77.2558,
    "recall": 63.2865,
    "f-score": 69.5769
  },
  "clean_eval": {
    "f-score": 58.62426546837194,
    "precision": 53.36689741976086,
    "recall": 65.03067484662577,
    "tp": 848,
    "fp": 741,
    "fn": 456
  },
  "jaccard": [
    0.31720759338640536
  ],
  "braycurtis": [
    0.11958770787033489
  ],
  "dice": [
    0.18850072780203783
  ],
  "cosinus": [
    0.019655389693817416
  ]
}