{
  "voc_eval_res": {
    "precision": 76.2144,
    "recall": 52.7842,
    "f-score": 62.3715
  },
  "KL_res": {
    "KL divergence": 1.1948808989822433,
    "Euclidean Dist.": 0.06652680493028423,
    "WER": 0.5014784151389711,
    "CER": 0.3584112488222077,
    "Cosine Dist.": 0.13775915595809896
  },
  "occ_eval_res": {
    "precision": 76.4706,
    "recall": 58.427,
    "f-score": 66.242
  },
  "clean_eval": {
    "f-score": 56.325405032747334,
    "precision": 49.695863746958636,
    "recall": 64.99602227525855,
    "tp": 817,
    "fp": 827,
    "fn": 440
  },
  "jaccard": [
    0.3286916158978822
  ],
  "braycurtis": [
    0.12828758470196394
  ],
  "dice": [
    0.1966672452699184
  ],
  "cosinus": [
    0.02275592929373571
  ]
}