{
  "voc_eval_res": {
    "precision": 48.4438,
    "recall": 44.1975,
    "f-score": 46.2234
  },
  "KL_res": {
    "KL divergence": 1.8027656134836334,
    "Euclidean Dist.": 0.22407864110463058,
    "WER": 1.0091631032376298,
    "CER": 0.8511895965715974,
    "Cosine Dist.": 0.7969564504744846
  },
  "occ_eval_res": {
    "precision": 35.5311,
    "recall": 47.4038,
    "f-score": 40.6176
  },
  "clean_eval": {
    "f-score": 32.263242375601926,
    "precision": 37.948395217117685,
    "recall": 28.059562587249882,
    "tp": 603,
    "fp": 986,
    "fn": 1546
  },
  "jaccard": [
    0.39742183214481624
  ],
  "braycurtis": [
    0.3588795083678888
  ],
  "dice": [
    0.24798904672257402
  ],
  "cosinus": [
    0.2926209280840897
  ]
}