{
  "voc_eval_res": {
    "precision": 73.1664,
    "recall": 58.9337,
    "f-score": 65.2833
  },
  "KL_res": {
    "KL divergence": 0.6400950132736861,
    "Euclidean Dist.": 0.04006226159153437,
    "WER": 0.4568642160540135,
    "CER": 0.2904478384675123,
    "Cosine Dist.": 0.027963993960851474
  },
  "occ_eval_res": {
    "precision": 74.0064,
    "recall": 69.8425,
    "f-score": 71.8641
  },
  "clean_eval": {
    "f-score": 62.41319444444445,
    "precision": 60.777683854606934,
    "recall": 64.13916146297947,
    "tp": 719,
    "fp": 464,
    "fn": 402
  },
  "jaccard": [
    0.29241516966067865
  ],
  "braycurtis": [
    0.09535315183155715
  ],
  "dice": [
    0.1712448860315605
  ],
  "cosinus": [
    0.006186057418483437
  ]
}