{
  "voc_eval_res": {
    "precision": 51.2855,
    "recall": 43.9675,
    "f-score": 47.3454
  },
  "KL_res": {
    "KL divergence": 1.7509619964450733,
    "Euclidean Dist.": 0.23836619009949525,
    "WER": 0.9450029568302779,
    "CER": 0.7886497064579256,
    "Cosine Dist.": 0.7028634821754731
  },
  "occ_eval_res": {
    "precision": 38.9652,
    "recall": 50.3253,
    "f-score": 43.9226
  },
  "clean_eval": {
    "f-score": 34.90640653836014,
    "precision": 40.2676399026764,
    "recall": 30.805025593299206,
    "tp": 662,
    "fp": 982,
    "fn": 1487
  },
  "jaccard": [
    0.4009093340465365
  ],
  "braycurtis": [
    0.2983582310309126
  ],
  "dice": [
    0.2507108212075598
  ],
  "cosinus": [
    0.1875174625247622
  ]
}