{
  "voc_eval_res": {
    "precision": 50.0,
    "recall": 50.0,
    "f-score": 50.0
  },
  "KL_res": {
    "KL divergence": 1.6249927542476272,
    "Euclidean Dist.": 0.13986032233379705,
    "WER": 1.0758928571428572,
    "CER": 0.8197958277851753,
    "Cosine Dist.": 0.14722374362359625
  },
  "occ_eval_res": {
    "precision": 42.4615,
    "recall": 61.6071,
    "f-score": 50.2732
  },
  "clean_eval": {
    "f-score": 22.736030828516377,
    "precision": 28.22966507177033,
    "recall": 19.032258064516128,
    "tp": 59,
    "fp": 150,
    "fn": 251
  },
  "jaccard": [
    0.4068669527896996
  ],
  "braycurtis": [
    0.2845828933474129
  ],
  "dice": [
    0.25538793103448276
  ],
  "cosinus": [
    0.03778321977578747
  ]
}