{
  "voc_eval_res": {
    "precision": 41.1765,
    "recall": 14.5078,
    "f-score": 21.4559
  },
  "KL_res": {
    "KL divergence": 4.302332859540862,
    "Euclidean Dist.": 0.2528883385766412,
    "WER": 0.8641509433962264,
    "CER": 0.6420999495204442,
    "Cosine Dist.": 0.7129062418283738
  },
  "occ_eval_res": {
    "precision": 34.8837,
    "recall": 16.9811,
    "f-score": 22.8426
  },
  "clean_eval": {
    "f-score": 17.44186046511628,
    "precision": 13.274336283185843,
    "recall": 25.423728813559322,
    "tp": 30,
    "fp": 196,
    "fn": 88
  },
  "jaccard": [
    0.6573187414500684
  ],
  "braycurtis": [
    0.4942037827943868
  ],
  "dice": [
    0.48955680081507896
  ],
  "cosinus": [
    0.33815815322481924
  ]
}