{
  "voc_eval_res": {
    "precision": 40.0,
    "recall": 22.449,
    "f-score": 28.7582
  },
  "KL_res": {
    "KL divergence": 3.518614443587256,
    "Euclidean Dist.": 0.2782793204877444,
    "WER": 0.9032258064516129,
    "CER": 0.7589367552703942,
    "Cosine Dist.": 0.5956755499978202
  },
  "occ_eval_res": {
    "precision": 33.3333,
    "recall": 30.6452,
    "f-score": 31.9328
  },
  "clean_eval": {
    "f-score": 29.906542056074763,
    "precision": 29.357798165137616,
    "recall": 30.476190476190478,
    "tp": 32,
    "fp": 77,
    "fn": 73
  },
  "jaccard": [
    0.6313043478260869
  ],
  "braycurtis": [
    0.422874671340929
  ],
  "dice": [
    0.46124523506988563
  ],
  "cosinus": [
    0.2486394175697645
  ]
}