{
  "voc_eval_res": {
    "precision": 67.9301,
    "recall": 87.3673,
    "f-score": 76.4323
  },
  "KL_res": {
    "KL divergence": 0.05124667115569131,
    "Euclidean Dist.": 0.014868594140422886,
    "WER": 0.156813128949216,
    "CER": 0.05542559053866452,
    "Cosine Dist.": 0.008794163047823988
  },
  "occ_eval_res": {
    "precision": 88.6977,
    "recall": 93.0574,
    "f-score": 90.8253
  },
  "clean_eval": {
    "f-score": 76.24481844101733,
    "precision": 78.04780412536209,
    "recall": 74.52325355127456,
    "tp": 107233,
    "fp": 30161,
    "fn": 36659
  },
  "jaccard": [
    0.7640378313970807
  ],
  "braycurtis": [
    0.09609898221142815
  ],
  "dice": [
    0.618172506251318
  ],
  "cosinus": [
    0.008142212776431346
  ]
}