{
  "voc_eval_res": {
    "precision": 83.3333,
    "recall": 41.4747,
    "f-score": 55.3846
  },
  "KL_res": {
    "KL divergence": 1.7674539625555823,
    "Euclidean Dist.": 0.15455730149578242,
    "WER": 0.5478260869565217,
    "CER": 0.4305495456512332,
    "Cosine Dist.": 0.11656720116393893
  },
  "occ_eval_res": {
    "precision": 86.1702,
    "recall": 46.9565,
    "f-score": 60.788
  },
  "clean_eval": {
    "f-score": 58.47953216374269,
    "precision": 45.31722054380665,
    "recall": 82.41758241758241,
    "tp": 150,
    "fp": 181,
    "fn": 32
  },
  "jaccard": [
    0.42945629731589813
  ],
  "braycurtis": [
    0.2672459189046867
  ],
  "dice": [
    0.27344434706397897
  ],
  "cosinus": [
    0.06852279162408281
  ]
}