{
  "voc_eval_res": {
    "precision": 10.9255,
    "recall": 37.0789,
    "f-score": 16.8779
  },
  "KL_res": {
    "KL divergence": 0.6499643601088435,
    "Euclidean Dist.": 0.06590696363307133,
    "WER": 0.6672612565248414,
    "CER": 0.24210790723789682,
    "Cosine Dist.": 0.18945840550966742
  },
  "occ_eval_res": {
    "precision": 42.4018,
    "recall": 43.2592,
    "f-score": 42.8262
  },
  "clean_eval": {
    "f-score": 30.8257993593753,
    "precision": 30.564534315567915,
    "recall": 31.091569489581346,
    "tp": 16264,
    "fp": 36948,
    "fn": 36046
  },
  "jaccard": [
    0.7470343310550711
  ],
  "braycurtis": [
    0.29038462211550914
  ],
  "dice": [
    0.596212928710264
  ],
  "cosinus": [
    0.0926882482922573
  ]
}