{
  "voc_eval_res": {
    "precision": 64.0534,
    "recall": 65.1158,
    "f-score": 64.5802
  },
  "KL_res": {
    "KL divergence": 0.3161048126046831,
    "Euclidean Dist.": 0.02593525012833345,
    "WER": 0.24986145362852946,
    "CER": 0.09138006879084226,
    "Cosine Dist.": 0.027430150682057786
  },
  "occ_eval_res": {
    "precision": 79.844,
    "recall": 80.2904,
    "f-score": 80.0666
  },
  "clean_eval": {
    "f-score": 73.65057401978244,
    "precision": 75.87878702338021,
    "recall": 71.54949259690568,
    "tp": 107521,
    "fp": 34180,
    "fn": 42754
  },
  "jaccard": [
    0.501400734607483
  ],
  "braycurtis": [
    0.09030787883909572
  ],
  "dice": [
    0.3345795945496843
  ],
  "cosinus": [
    0.012269655559202453
  ]
}