{
  "voc_eval_res": {
    "precision": 55.0801,
    "recall": 61.7932,
    "f-score": 58.2438
  },
  "KL_res": {
    "KL divergence": 0.3635155951669876,
    "Euclidean Dist.": 0.029503116739116,
    "WER": 0.32711491036049767,
    "CER": 0.11128334009315069,
    "Cosine Dist.": 0.03323311962745401
  },
  "occ_eval_res": {
    "precision": 73.9295,
    "recall": 75.3117,
    "f-score": 74.6142
  },
  "clean_eval": {
    "f-score": 66.5513525386268,
    "precision": 68.42435833198071,
    "recall": 64.77815562845328,
    "tp": 96958,
    "fp": 44743,
    "fn": 52719
  },
  "jaccard": [
    0.6446774921064502
  ],
  "braycurtis": [
    0.112995728527883
  ],
  "dice": [
    0.4756635327398286
  ],
  "cosinus": [
    0.016763871200050184
  ]
}