{
  "voc_eval_res": {
    "precision": 5.0,
    "recall": 4.4118,
    "f-score": 4.6875
  },
  "KL_res": {
    "KL divergence": 5.078132016343056,
    "Euclidean Dist.": 0.12418807121738484,
    "WER": 0.9806949806949807,
    "CER": 0.7893030794165316,
    "Cosine Dist.": 0.7794316109926539
  },
  "occ_eval_res": {
    "precision": 7.0175,
    "recall": 6.1776,
    "f-score": 6.5708
  },
  "clean_eval": {
    "f-score": 1.3824884792626728,
    "precision": 1.2295081967213115,
    "recall": 1.5789473684210527,
    "tp": 3,
    "fp": 241,
    "fn": 187
  },
  "jaccard": [
    0.8482697426796806
  ],
  "braycurtis": [
    0.7489851150202977
  ],
  "dice": [
    0.736517719568567
  ],
  "cosinus": [
    0.5753520250515074
  ]
}