{
  "voc_eval_res": {
    "precision": 2.3256,
    "recall": 1.699,
    "f-score": 1.9635
  },
  "KL_res": {
    "KL divergence": 5.363069458516919,
    "Euclidean Dist.": 0.10002605823316801,
    "WER": 0.9941060903732809,
    "CER": 0.814823815309842,
    "Cosine Dist.": 0.9531122661803607
  },
  "occ_eval_res": {
    "precision": 2.6549,
    "recall": 1.7682,
    "f-score": 2.1226
  },
  "clean_eval": {
    "f-score": 0.7604562737642585,
    "precision": 0.6048387096774194,
    "recall": 1.023890784982935,
    "tp": 3,
    "fp": 493,
    "fn": 290
  },
  "jaccard": [
    0.8153218759102826
  ],
  "braycurtis": [
    0.7188657966811665
  ],
  "dice": [
    0.6882222768625522
  ],
  "cosinus": [
    0.5569129853118212
  ]
}