{
  "voc_eval_res": {
    "precision": 4.9242,
    "recall": 7.7689,
    "f-score": 6.0278
  },
  "KL_res": {
    "KL divergence": 4.157801481479806,
    "Euclidean Dist.": 0.13611834405552106,
    "WER": 2.1203389830508477,
    "CER": 1.1689621249385145,
    "Cosine Dist.": 0.6878432789779718
  },
  "occ_eval_res": {
    "precision": 4.7619,
    "recall": 10.339,
    "f-score": 6.5206
  },
  "clean_eval": {
    "f-score": 0.8674101610904585,
    "precision": 1.2259194395796849,
    "recall": 0.6711409395973155,
    "tp": 7,
    "fp": 564,
    "fn": 1036
  },
  "jaccard": [
    0.8342336259284268
  ],
  "braycurtis": [
    0.6600172628752278
  ],
  "dice": [
    0.715609614827686
  ],
  "cosinus": [
    0.4799831387366159
  ]
}