{
  "voc_eval_res": {
    "precision": 3.3449,
    "recall": 5.6751,
    "f-score": 4.209
  },
  "KL_res": {
    "KL divergence": 4.462461127023533,
    "Euclidean Dist.": 0.09981401315249339,
    "WER": 1.9915254237288136,
    "CER": 1.1942049808429118,
    "Cosine Dist.": 0.6728192773336485
  },
  "occ_eval_res": {
    "precision": 3.682,
    "recall": 7.4576,
    "f-score": 4.93
  },
  "clean_eval": {
    "f-score": 0.5198180636777128,
    "precision": 0.7029876977152899,
    "recall": 0.4123711340206186,
    "tp": 4,
    "fp": 565,
    "fn": 966
  },
  "jaccard": [
    0.8293601003764115
  ],
  "braycurtis": [
    0.6708943392707265
  ],
  "dice": [
    0.7084673097534834
  ],
  "cosinus": [
    0.49419740508736987
  ]
}