{
  "voc_eval_res": {
    "precision": 51.3292,
    "recall": 51.54,
    "f-score": 51.4344
  },
  "KL_res": {
    "KL divergence": 0.7655012537553584,
    "Euclidean Dist.": 0.04124899268451552,
    "WER": 0.6840521564694082,
    "CER": 0.5677672076105205,
    "Cosine Dist.": 0.013826800971838749
  },
  "occ_eval_res": {
    "precision": 64.9436,
    "recall": 69.3079,
    "f-score": 67.0548
  },
  "clean_eval": {
    "f-score": 39.14590747330961,
    "precision": 40.483701366982125,
    "recall": 37.89370078740157,
    "tp": 385,
    "fp": 566,
    "fn": 631
  },
  "jaccard": [
    0.3277340957827019
  ],
  "braycurtis": [
    0.1274114903540386
  ],
  "dice": [
    0.19598204744603548
  ],
  "cosinus": [
    0.007000806057482434
  ]
}