{
  "voc_eval_res": {
    "precision": 40.0,
    "recall": 5.2195,
    "f-score": 9.234
  },
  "KL_res": {
    "KL divergence": 3.821866777853066,
    "Euclidean Dist.": 0.24979685910971638,
    "WER": 0.9007323026851098,
    "CER": 0.7804313391007677,
    "Cosine Dist.": 0.3677722969350484
  },
  "occ_eval_res": {
    "precision": 49.4845,
    "recall": 11.7168,
    "f-score": 18.9474
  },
  "clean_eval": {
    "f-score": 4.856512141280354,
    "precision": 3.0697674418604652,
    "recall": 11.619718309859154,
    "tp": 33,
    "fp": 1042,
    "fn": 251
  },
  "jaccard": [
    0.7648819421350183
  ],
  "braycurtis": [
    0.6306466729147141
  ],
  "dice": [
    0.6192784060312332
  ],
  "cosinus": [
    0.3176477638152926
  ]
}