{
  "voc_eval_res": {
    "precision": 27.7027,
    "recall": 8.3333,
    "f-score": 12.8125
  },
  "KL_res": {
    "KL divergence": 3.5645092814493182,
    "Euclidean Dist.": 0.16259661892193053,
    "WER": 0.8893939393939394,
    "CER": 0.6993819067241056,
    "Cosine Dist.": 0.33520852614425434
  },
  "occ_eval_res": {
    "precision": 35.1064,
    "recall": 15.0,
    "f-score": 21.0191
  },
  "clean_eval": {
    "f-score": 4.540295119182747,
    "precision": 3.289473684210526,
    "recall": 7.326007326007327,
    "tp": 20,
    "fp": 588,
    "fn": 253
  },
  "jaccard": [
    0.6487202118270079
  ],
  "braycurtis": [
    0.46181592039800995
  ],
  "dice": [
    0.4800783801436969
  ],
  "cosinus": [
    0.1663430564062497
  ]
}