{
  "voc_eval_res": {
    "precision": 52.2727,
    "recall": 6.0887,
    "f-score": 10.9069
  },
  "KL_res": {
    "KL divergence": 3.4877885110282283,
    "Euclidean Dist.": 0.2377863930100164,
    "WER": 0.8728484175458079,
    "CER": 0.723495575221239,
    "Cosine Dist.": 0.5822035606891689
  },
  "occ_eval_res": {
    "precision": 62.3578,
    "recall": 16.7407,
    "f-score": 26.3953
  },
  "clean_eval": {
    "f-score": 6.18978102189781,
    "precision": 4.12290937378452,
    "recall": 12.412177985948478,
    "tp": 106,
    "fp": 2465,
    "fn": 748
  },
  "jaccard": [
    0.8098831985624438
  ],
  "braycurtis": [
    0.5432349303992137
  ],
  "dice": [
    0.6805073229654235
  ],
  "cosinus": [
    0.517830734228496
  ]
}