{
  "voc_eval_res": {
    "precision": 27.8261,
    "recall": 7.9077,
    "f-score": 12.3156
  },
  "KL_res": {
    "KL divergence": 3.300124891765353,
    "Euclidean Dist.": 0.3248706891787921,
    "WER": 0.8692509855453351,
    "CER": 0.6325411334552102,
    "Cosine Dist.": 0.8191464212293861
  },
  "occ_eval_res": {
    "precision": 34.8158,
    "recall": 18.0026,
    "f-score": 23.7332
  },
  "clean_eval": {
    "f-score": 7.2743601257296815,
    "precision": 5.523354926696215,
    "recall": 10.650887573964498,
    "tp": 162,
    "fp": 2771,
    "fn": 1359
  },
  "jaccard": [
    0.6841290893015031
  ],
  "braycurtis": [
    0.3924884964556647
  ],
  "dice": [
    0.5199059297833025
  ],
  "cosinus": [
    0.29421115821056365
  ]
}