{
  "voc_eval_res": {
    "precision": 33.9623,
    "recall": 22.1538,
    "f-score": 26.8156
  },
  "KL_res": {
    "KL divergence": 2.388060463896279,
    "Euclidean Dist.": 0.10398367363719377,
    "WER": 0.8045540796963947,
    "CER": 0.6266727149013381,
    "Cosine Dist.": 0.1130210272417157
  },
  "occ_eval_res": {
    "precision": 44.4954,
    "recall": 36.8121,
    "f-score": 40.2908
  },
  "clean_eval": {
    "f-score": 15.852334419109665,
    "precision": 14.455445544554454,
    "recall": 17.548076923076923,
    "tp": 73,
    "fp": 432,
    "fn": 343
  },
  "jaccard": [
    0.5147783251231527
  ],
  "braycurtis": [
    0.2509194447739945
  ],
  "dice": [
    0.3466003316749585
  ],
  "cosinus": [
    0.048927204491408305
  ]
}