{
  "voc_eval_res": {
    "precision": 38.806,
    "recall": 17.8082,
    "f-score": 24.4131
  },
  "KL_res": {
    "KL divergence": 1.7583177437862079,
    "Euclidean Dist.": 0.1406124483210408,
    "WER": 0.7573529411764706,
    "CER": 0.5076560659599529,
    "Cosine Dist.": 0.09796506647881653
  },
  "occ_eval_res": {
    "precision": 51.2,
    "recall": 47.0588,
    "f-score": 49.0421
  },
  "clean_eval": {
    "f-score": 11.599625818521982,
    "precision": 10.85814360770578,
    "recall": 12.449799196787147,
    "tp": 62,
    "fp": 509,
    "fn": 436
  },
  "jaccard": [
    0.5626361655773421
  ],
  "braycurtis": [
    0.23720136518771331
  ],
  "dice": [
    0.39143615005683974
  ],
  "cosinus": [
    0.04361601968969686
  ]
}