{
  "voc_eval_res": {
    "precision": 24.5353,
    "recall": 12.7168,
    "f-score": 16.7513
  },
  "KL_res": {
    "KL divergence": 3.0582593292377274,
    "Euclidean Dist.": 0.24308745927507283,
    "WER": 0.9703640982218459,
    "CER": 0.7384840635206668,
    "Cosine Dist.": 0.6120981680726433
  },
  "occ_eval_res": {
    "precision": 22.7124,
    "recall": 23.5394,
    "f-score": 23.1185
  },
  "clean_eval": {
    "f-score": 5.947955390334572,
    "precision": 5.565217391304348,
    "recall": 6.387225548902195,
    "tp": 64,
    "fp": 1086,
    "fn": 938
  },
  "jaccard": [
    0.6348352387357095
  ],
  "braycurtis": [
    0.4428658300624689
  ],
  "dice": [
    0.46502463054187193
  ],
  "cosinus": [
    0.31742419075032013
  ]
}