{
  "voc_eval_res": {
    "precision": 63.7363,
    "recall": 30.5263,
    "f-score": 41.2811
  },
  "KL_res": {
    "KL divergence": 3.3200678082251853,
    "Euclidean Dist.": 0.2597138365234329,
    "WER": 0.6955645161290323,
    "CER": 0.5818978102189781,
    "Cosine Dist.": 0.30792297564006477
  },
  "occ_eval_res": {
    "precision": 71.6667,
    "recall": 34.6774,
    "f-score": 46.7391
  },
  "clean_eval": {
    "f-score": 27.044025157232703,
    "precision": 21.553884711779446,
    "recall": 36.28691983122363,
    "tp": 86,
    "fp": 313,
    "fn": 151
  },
  "jaccard": [
    0.5239968528717546
  ],
  "braycurtis": [
    0.41216471477143934
  ],
  "dice": [
    0.35501066098081024
  ],
  "cosinus": [
    0.328686330459645
  ]
}