{
  "voc_eval_res": {
    "precision": 56.5217,
    "recall": 36.3636,
    "f-score": 44.2553
  },
  "KL_res": {
    "KL divergence": 2.1098729592561307,
    "Euclidean Dist.": 0.13282707946731576,
    "WER": 0.6396761133603239,
    "CER": 0.4710789766407119,
    "Cosine Dist.": 0.07185496296568694
  },
  "occ_eval_res": {
    "precision": 59.8985,
    "recall": 47.7733,
    "f-score": 53.1532
  },
  "clean_eval": {
    "f-score": 50.0,
    "precision": 45.539906103286384,
    "recall": 55.42857142857143,
    "tp": 97,
    "fp": 116,
    "fn": 78
  },
  "jaccard": [
    0.4631849315068493
  ],
  "braycurtis": [
    0.2914757103574702
  ],
  "dice": [
    0.30139275766016715
  ],
  "cosinus": [
    0.10728277034326184
  ]
}