{
  "voc_eval_res": {
    "precision": 39.2,
    "recall": 14.6269,
    "f-score": 21.3043
  },
  "KL_res": {
    "KL divergence": 4.4506141791102545,
    "Euclidean Dist.": 0.2086808889134456,
    "WER": 0.8627450980392157,
    "CER": 0.7064896755162242,
    "Cosine Dist.": 0.4952198611590648
  },
  "occ_eval_res": {
    "precision": 44.4934,
    "recall": 16.5033,
    "f-score": 24.0763
  },
  "clean_eval": {
    "f-score": 15.51246537396122,
    "precision": 11.133200795228628,
    "recall": 25.570776255707763,
    "tp": 56,
    "fp": 447,
    "fn": 163
  },
  "jaccard": [
    0.670995670995671
  ],
  "braycurtis": [
    0.5146711635750422
  ],
  "dice": [
    0.504885993485342
  ],
  "cosinus": [
    0.3294701968502961
  ]
}