{
  "voc_eval_res": {
    "precision": 51.2,
    "recall": 23.0216,
    "f-score": 31.7618
  },
  "KL_res": {
    "KL divergence": 3.482479341600364,
    "Euclidean Dist.": 0.17428274728349363,
    "WER": 0.7764471057884231,
    "CER": 0.6138092451726156,
    "Cosine Dist.": 0.3024789654761948
  },
  "occ_eval_res": {
    "precision": 55.9471,
    "recall": 25.3493,
    "f-score": 34.8901
  },
  "clean_eval": {
    "f-score": 24.41176470588235,
    "precision": 18.004338394793926,
    "recall": 37.89954337899543,
    "tp": 83,
    "fp": 378,
    "fn": 136
  },
  "jaccard": [
    0.6186708860759493
  ],
  "braycurtis": [
    0.4284632853898562
  ],
  "dice": [
    0.44788087056128295
  ],
  "cosinus": [
    0.18095007234890836
  ]
}