{
  "voc_eval_res": {
    "precision": 23.9714,
    "recall": 2.8817,
    "f-score": 5.1449
  },
  "KL_res": {
    "KL divergence": 2.9564716340778294,
    "Euclidean Dist.": 0.13280143774546677,
    "WER": 0.9683082181140282,
    "CER": 0.8366893959087365,
    "Cosine Dist.": 0.5162982915626715
  },
  "occ_eval_res": {
    "precision": 26.1526,
    "recall": 5.1111,
    "f-score": 8.551
  },
  "clean_eval": {
    "f-score": 1.7295813315030888,
    "precision": 1.0220635950681376,
    "recall": 5.619982158786797,
    "tp": 63,
    "fp": 6101,
    "fn": 1058
  },
  "jaccard": [
    0.7227922885572139
  ],
  "braycurtis": [
    0.6787846430131534
  ],
  "dice": [
    0.5659160073037127
  ],
  "cosinus": [
    0.1549090720517744
  ]
}