{
  "voc_eval_res": {
    "precision": 19.263,
    "recall": 2.2443,
    "f-score": 4.0203
  },
  "KL_res": {
    "KL divergence": 3.194647421291342,
    "Euclidean Dist.": 0.11871236397169828,
    "WER": 0.976297335203366,
    "CER": 0.8446958005773525,
    "Cosine Dist.": 0.7143605637545072
  },
  "occ_eval_res": {
    "precision": 19.7368,
    "recall": 3.5764,
    "f-score": 6.0556
  },
  "clean_eval": {
    "f-score": 1.1115419413209255,
    "precision": 0.6635802469135803,
    "recall": 3.4208432776451874,
    "tp": 43,
    "fp": 6437,
    "fn": 1214
  },
  "jaccard": [
    0.71546875
  ],
  "braycurtis": [
    0.6914694112609088
  ],
  "dice": [
    0.5569882009487896
  ],
  "cosinus": [
    0.16419944551541688
  ]
}