{
  "voc_eval_res": {
    "precision": 19.4396,
    "recall": 1.901,
    "f-score": 3.4633
  },
  "KL_res": {
    "KL divergence": 3.0954706628261164,
    "Euclidean Dist.": 0.15680982178683114,
    "WER": 0.9790150412421155,
    "CER": 0.855351036973125,
    "Cosine Dist.": 0.7855750414564623
  },
  "occ_eval_res": {
    "precision": 19.5377,
    "recall": 3.1781,
    "f-score": 5.4669
  },
  "clean_eval": {
    "f-score": 1.0951403148528405,
    "precision": 0.6432591798445457,
    "recall": 3.6809815950920246,
    "tp": 48,
    "fp": 7414,
    "fn": 1256
  },
  "jaccard": [
    0.7319823251561786
  ],
  "braycurtis": [
    0.7188769904827459
  ],
  "dice": [
    0.5772650805094929
  ],
  "cosinus": [
    0.22782979755073784
  ]
}