{
  "voc_eval_res": {
    "precision": 20.8955,
    "recall": 0.9272,
    "f-score": 1.7755
  },
  "KL_res": {
    "KL divergence": 3.4825112665684514,
    "Euclidean Dist.": 0.2926981467235507,
    "WER": 0.9709418837675351,
    "CER": 0.8750959644847959,
    "Cosine Dist.": 0.4340170126564228
  },
  "occ_eval_res": {
    "precision": 27.52,
    "recall": 4.3086,
    "f-score": 7.4507
  },
  "clean_eval": {
    "f-score": 0.13799448022079117,
    "precision": 0.07792207792207792,
    "recall": 0.6024096385542169,
    "tp": 3,
    "fp": 3847,
    "fn": 495
  },
  "jaccard": [
    0.8305430788076766
  ],
  "braycurtis": [
    0.789371150265005
  ],
  "dice": [
    0.710195530726257
  ],
  "cosinus": [
    0.3966433041847297
  ]
}