{
  "voc_eval_res": {
    "precision": 25.0,
    "recall": 14.0,
    "f-score": 17.9487
  },
  "KL_res": {
    "KL divergence": 5.323376495990345,
    "Euclidean Dist.": 0.23360861144384146,
    "WER": 0.9056603773584906,
    "CER": 0.7127371273712737,
    "Cosine Dist.": 0.5343096845762001
  },
  "occ_eval_res": {
    "precision": 25.7143,
    "recall": 16.9811,
    "f-score": 20.4545
  },
  "clean_eval": {
    "f-score": 17.073170731707318,
    "precision": 14.000000000000002,
    "recall": 21.875,
    "tp": 7,
    "fp": 43,
    "fn": 25
  },
  "jaccard": [
    0.7786624203821656
  ],
  "braycurtis": [
    0.6397849462365591
  ],
  "dice": [
    0.6375488917861799
  ],
  "cosinus": [
    0.4174611551800196
  ]
}