{
  "voc_eval_res": {
    "precision": 39.3587,
    "recall": 51.8206,
    "f-score": 44.738
  },
  "KL_res": {
    "KL divergence": 0.6533839546645184,
    "Euclidean Dist.": 0.05612553260764348,
    "WER": 0.5508433734939759,
    "CER": 0.22380966014830933,
    "Cosine Dist.": 0.07833527444933663
  },
  "occ_eval_res": {
    "precision": 58.3507,
    "recall": 67.4056,
    "f-score": 62.5522
  },
  "clean_eval": {
    "f-score": 47.5206611570248,
    "precision": 49.27007299270073,
    "recall": 45.891220809932015,
    "tp": 3105,
    "fp": 3197,
    "fn": 3661
  },
  "jaccard": [
    0.5569981452418319
  ],
  "braycurtis": [
    0.20026816347455734
  ],
  "dice": [
    0.38599960450860193
  ],
  "cosinus": [
    0.027399949868323614
  ]
}