{
  "voc_eval_res": {
    "precision": 60.241,
    "recall": 58.1395,
    "f-score": 59.1716
  },
  "KL_res": {
    "KL divergence": 1.0753846204846096,
    "Euclidean Dist.": 0.17820013436699206,
    "WER": 0.42424242424242425,
    "CER": 0.29050705299275636,
    "Cosine Dist.": 0.10128176771309749
  },
  "occ_eval_res": {
    "precision": 68.9459,
    "recall": 73.3333,
    "f-score": 71.072
  },
  "clean_eval": {
    "f-score": 39.29098966026588,
    "precision": 40.67278287461774,
    "recall": 38.0,
    "tp": 133,
    "fp": 194,
    "fn": 217
  },
  "jaccard": [
    0.32555555555555554
  ],
  "braycurtis": [
    0.15029735087403134
  ],
  "dice": [
    0.19442601194426012
  ],
  "cosinus": [
    0.05012368115893939
  ]
}