{
  "voc_eval_res": {
    "precision": 71.4286,
    "recall": 72.3684,
    "f-score": 71.8954
  },
  "KL_res": {
    "KL divergence": 0.7923894200261178,
    "Euclidean Dist.": 0.16832002007903235,
    "WER": 0.391304347826087,
    "CER": 0.2919886132574217,
    "Cosine Dist.": 0.08591822621886147
  },
  "occ_eval_res": {
    "precision": 71.5134,
    "recall": 80.602,
    "f-score": 75.7862
  },
  "clean_eval": {
    "f-score": 46.27831715210356,
    "precision": 49.140893470790374,
    "recall": 43.730886850152906,
    "tp": 143,
    "fp": 148,
    "fn": 184
  },
  "jaccard": [
    0.295906432748538
  ],
  "braycurtis": [
    0.15809379727685324
  ],
  "dice": [
    0.17364447494852436
  ],
  "cosinus": [
    0.05187694239081009
  ]
}