{
  "voc_eval_res": {
    "precision": 0,
    "recall": 0,
    "f-score": 0
  },
  "KL_res": {
    "KL divergence": 9.466016945198644,
    "Euclidean Dist.": 0.43104810536157384,
    "WER": 2.2222222222222223,
    "CER": 1.9821428571428572,
    "Cosine Dist.": 1.0
  },
  "occ_eval_res": {
    "precision": 0,
    "recall": 0,
    "f-score": 0
  },
  "clean_eval": {
    "f-score": 0.0,
    "precision": 0.0,
    "recall": 0.0,
    "tp": 0,
    "fp": 9,
    "fn": 19
  },
  "jaccard": [
    0.8850574712643678
  ],
  "braycurtis": [
    0.8148148148148148
  ],
  "dice": [
    0.7938144329896907
  ],
  "cosinus": [
    0.7283875892862719
  ]
}