{
  "voc_eval_res": {
    "precision": 34.4,
    "recall": 3.078,
    "f-score": 5.6505
  },
  "KL_res": {
    "KL divergence": 4.627350426682181,
    "Euclidean Dist.": 0.23290903538676427,
    "WER": 0.9671910112359551,
    "CER": 0.8906439854191981,
    "Cosine Dist.": 0.73853035004801
  },
  "occ_eval_res": {
    "precision": 41.4097,
    "recall": 4.2247,
    "f-score": 7.6672
  },
  "clean_eval": {
    "f-score": 1.9039376893119864,
    "precision": 1.0516252390057361,
    "recall": 10.045662100456621,
    "tp": 22,
    "fp": 2070,
    "fn": 197
  },
  "jaccard": [
    0.8075787401574803
  ],
  "braycurtis": [
    0.7996999249812453
  ],
  "dice": [
    0.6772595955427156
  ],
  "cosinus": [
    0.26899754993481884
  ]
}