{
  "voc_eval_res": {
    "precision": 66.4727,
    "recall": 89.4587,
    "f-score": 76.2715
  },
  "KL_res": {
    "KL divergence": 0.03770356709174,
    "Euclidean Dist.": 0.008813271567589057,
    "WER": 0.6450737879099464,
    "CER": 0.6122400090925781,
    "Cosine Dist.": 0.0023072003603445967
  },
  "occ_eval_res": {
    "precision": 61.2251,
    "recall": 98.017,
    "f-score": 75.3708
  },
  "clean_eval": {
    "f-score": 69.73790390685699,
    "precision": 91.27628217724504,
    "recall": 56.423664887123515,
    "tp": 92901,
    "fp": 8879,
    "fn": 71748
  },
  "jaccard": [
    0.46749698674166335
  ],
  "braycurtis": [
    0.24750204888490007
  ],
  "dice": [
    0.30505453020134227
  ],
  "cosinus": [
    0.011788682275616025
  ]
}