{
  "voc_eval_res": {
    "precision": 70.4225,
    "recall": 26.455,
    "f-score": 38.4615
  },
  "KL_res": {
    "KL divergence": 1.956400598511056,
    "Euclidean Dist.": 0.1818181566317707,
    "WER": 0.6076696165191741,
    "CER": 0.4247675401521555,
    "Cosine Dist.": 0.054966777414780066
  },
  "occ_eval_res": {
    "precision": 72.3005,
    "recall": 45.4277,
    "f-score": 55.7971
  },
  "clean_eval": {
    "f-score": 24.029574861367838,
    "precision": 19.817073170731707,
    "recall": 30.51643192488263,
    "tp": 65,
    "fp": 263,
    "fn": 148
  },
  "jaccard": [
    0.5695167286245353
  ],
  "braycurtis": [
    0.24576669802445908
  ],
  "dice": [
    0.3981288981288981
  ],
  "cosinus": [
    0.04249163077091456
  ]
}