{
  "voc_eval_res": {
    "precision": 64.1026,
    "recall": 10.5042,
    "f-score": 18.0505
  },
  "KL_res": {
    "KL divergence": 3.602382520842037,
    "Euclidean Dist.": 0.2959274729716929,
    "WER": 0.7936507936507936,
    "CER": 0.6338609772883689,
    "Cosine Dist.": 0.21318585070711626
  },
  "occ_eval_res": {
    "precision": 75.8621,
    "recall": 23.2804,
    "f-score": 35.6275
  },
  "clean_eval": {
    "f-score": 32.340425531914896,
    "precision": 21.22905027932961,
    "recall": 67.85714285714286,
    "tp": 76,
    "fp": 282,
    "fn": 36
  },
  "jaccard": [
    0.732475884244373
  ],
  "braycurtis": [
    0.4483669548511047
  ],
  "dice": [
    0.5778792491121258
  ],
  "cosinus": [
    0.19976797851401717
  ]
}