{
  "voc_eval_res": {
    "precision": 17.5676,
    "recall": 1.3786,
    "f-score": 2.5565
  },
  "KL_res": {
    "KL divergence": 4.985550626182256,
    "Euclidean Dist.": 0.3206739437794604,
    "WER": 0.9707769066286529,
    "CER": 0.8367583884825264,
    "Cosine Dist.": 0.8548429852813273
  },
  "occ_eval_res": {
    "precision": 22.0779,
    "recall": 3.6351,
    "f-score": 6.2424
  },
  "clean_eval": {
    "f-score": 0.3924133420536298,
    "precision": 0.23112480739599386,
    "recall": 1.2987012987012987,
    "tp": 3,
    "fp": 1295,
    "fn": 228
  },
  "jaccard": [
    0.8298140560983297
  ],
  "braycurtis": [
    0.7194204513792143
  ],
  "dice": [
    0.709130083490439
  ],
  "cosinus": [
    0.3880609544559366
  ]
}