{
  "voc_eval_res": {
    "precision": 72.093,
    "recall": 31.7949,
    "f-score": 44.1281
  },
  "KL_res": {
    "KL divergence": 3.971762865926954,
    "Euclidean Dist.": 0.3253875610232948,
    "WER": 0.7374213836477987,
    "CER": 0.7372386223862238,
    "Cosine Dist.": 0.6903057997652464
  },
  "occ_eval_res": {
    "precision": 66.6667,
    "recall": 29.2453,
    "f-score": 40.6557
  },
  "clean_eval": {
    "f-score": 18.329466357308586,
    "precision": 13.14475873544093,
    "recall": 30.268199233716476,
    "tp": 79,
    "fp": 522,
    "fn": 182
  },
  "jaccard": [
    0.507587253414264
  ],
  "braycurtis": [
    0.5828014390158988
  ],
  "dice": [
    0.34011184544992373
  ],
  "cosinus": [
    0.45563092136084704
  ]
}