{
  "voc_eval_res": {
    "precision": 83.5165,
    "recall": 51.3514,
    "f-score": 63.5983
  },
  "KL_res": {
    "KL divergence": 2.4527923043725193,
    "Euclidean Dist.": 0.2720820351197744,
    "WER": 0.5495049504950495,
    "CER": 0.6247680890538033,
    "Cosine Dist.": 0.32102491687872603
  },
  "occ_eval_res": {
    "precision": 84.5833,
    "recall": 50.2475,
    "f-score": 63.0435
  },
  "clean_eval": {
    "f-score": 40.50235478806908,
    "precision": 32.25,
    "recall": 54.43037974683544,
    "tp": 129,
    "fp": 271,
    "fn": 108
  },
  "jaccard": [
    0.4685264663805436
  ],
  "braycurtis": [
    0.46735395189003437
  ],
  "dice": [
    0.3059318075665577
  ],
  "cosinus": [
    0.5030672631726636
  ]
}