{
  "voc_eval_res": {
    "precision": 76.0,
    "recall": 36.6795,
    "f-score": 49.4792
  },
  "KL_res": {
    "KL divergence": 2.94106284415618,
    "Euclidean Dist.": 0.5817268924522886,
    "WER": 0.8200620475698035,
    "CER": 0.6134007585335018,
    "Cosine Dist.": 0.775511172822698
  },
  "occ_eval_res": {
    "precision": 79.7357,
    "recall": 18.7177,
    "f-score": 30.3183
  },
  "clean_eval": {
    "f-score": 20.34188034188034,
    "precision": 12.513144058885384,
    "recall": 54.337899543378995,
    "tp": 119,
    "fp": 832,
    "fn": 100
  },
  "jaccard": [
    0.47975460122699387
  ],
  "braycurtis": [
    0.48867924528301887
  ],
  "dice": [
    0.3155770782889427
  ],
  "cosinus": [
    0.7007850723352502
  ]
}