{
  "voc_eval_res": {
    "precision": 9.6296,
    "recall": 2.6749,
    "f-score": 4.1868
  },
  "KL_res": {
    "KL divergence": 4.702972255367036,
    "Euclidean Dist.": 0.15981349549529283,
    "WER": 0.9735349716446124,
    "CER": 0.7503147293327738,
    "Cosine Dist.": 0.6289086185802002
  },
  "occ_eval_res": {
    "precision": 11.3821,
    "recall": 5.293,
    "f-score": 7.2258
  },
  "clean_eval": {
    "f-score": 1.0723860589812333,
    "precision": 0.7843137254901961,
    "recall": 1.694915254237288,
    "tp": 4,
    "fp": 506,
    "fn": 232
  },
  "jaccard": [
    0.6820175438596491
  ],
  "braycurtis": [
    0.5666184971098266
  ],
  "dice": [
    0.5174708818635607
  ],
  "cosinus": [
    0.2419786158606253
  ]
}