{
  "voc_eval_res": {
    "precision": 34.8624,
    "recall": 2.9757,
    "f-score": 5.4834
  },
  "KL_res": {
    "KL divergence": 3.6985381216719837,
    "Euclidean Dist.": 0.21089283219880042,
    "WER": 0.9645371577574967,
    "CER": 0.8691712974148345,
    "Cosine Dist.": 0.8811903421824031
  },
  "occ_eval_res": {
    "precision": 32.5956,
    "recall": 4.2243,
    "f-score": 7.4792
  },
  "clean_eval": {
    "f-score": 2.3506366307541624,
    "precision": 1.3348164627363739,
    "recall": 9.836065573770492,
    "tp": 48,
    "fp": 3548,
    "fn": 440
  },
  "jaccard": [
    0.7872653662127347
  ],
  "braycurtis": [
    0.7547688606289741
  ],
  "dice": [
    0.649165402124431
  ],
  "cosinus": [
    0.22973796942719038
  ]
}