{
  "voc_eval_res": {
    "precision": 42.1053,
    "recall": 18.9349,
    "f-score": 26.1224
  },
  "KL_res": {
    "KL divergence": 2.894253490705148,
    "Euclidean Dist.": 0.18393704236636807,
    "WER": 0.7306501547987616,
    "CER": 0.5933033891384238,
    "Cosine Dist.": 0.12485947747783277
  },
  "occ_eval_res": {
    "precision": 48.9177,
    "recall": 34.9845,
    "f-score": 40.7942
  },
  "clean_eval": {
    "f-score": 12.177121771217713,
    "precision": 10.509554140127388,
    "recall": 14.473684210526317,
    "tp": 33,
    "fp": 281,
    "fn": 195
  },
  "jaccard": [
    0.608786610878661
  ],
  "braycurtis": [
    0.33735747820254863
  ],
  "dice": [
    0.43759398496240604
  ],
  "cosinus": [
    0.0907732169098866
  ]
}