{
  "voc_eval_res": {
    "precision": 59.7403,
    "recall": 47.9167,
    "f-score": 53.1792
  },
  "KL_res": {
    "KL divergence": 1.5523859559517006,
    "Euclidean Dist.": 0.2349247166667767,
    "WER": 0.6517241379310345,
    "CER": 0.5387403715450838,
    "Cosine Dist.": 0.1769445980723443
  },
  "occ_eval_res": {
    "precision": 55.4896,
    "recall": 64.4828,
    "f-score": 59.6491
  },
  "clean_eval": {
    "f-score": 26.973684210526315,
    "precision": 29.181494661921707,
    "recall": 25.076452599388375,
    "tp": 82,
    "fp": 199,
    "fn": 245
  },
  "jaccard": [
    0.378125
  ],
  "braycurtis": [
    0.25610482430017867
  ],
  "dice": [
    0.23314065510597304
  ],
  "cosinus": [
    0.09030802879572497
  ]
}