{
  "voc_eval_res": {
    "precision": 10.3327,
    "recall": 0.7685,
    "f-score": 1.4306
  },
  "KL_res": {
    "KL divergence": 2.9444825824140928,
    "Euclidean Dist.": 0.15654577874450326,
    "WER": 0.9884101040118871,
    "CER": 0.8776233548452665,
    "Cosine Dist.": 0.8446999314196268
  },
  "occ_eval_res": {
    "precision": 11.7077,
    "recall": 1.5552,
    "f-score": 2.7457
  },
  "clean_eval": {
    "f-score": 0.18878610534264675,
    "precision": 0.1076426264800861,
    "recall": 0.7668711656441718,
    "tp": 10,
    "fp": 9280,
    "fn": 1294
  },
  "jaccard": [
    0.761570827489481
  ],
  "braycurtis": [
    0.7732674778664573
  ],
  "dice": [
    0.6149490373725934
  ],
  "cosinus": [
    0.2515975179174106
  ]
}