{
  "voc_eval_res": {
    "precision": 9.7429,
    "recall": 1.2476,
    "f-score": 2.212
  },
  "KL_res": {
    "KL divergence": 3.1763787833402133,
    "Euclidean Dist.": 0.23054712961567952,
    "WER": 0.9836601307189542,
    "CER": 0.7972611606002282,
    "Cosine Dist.": 0.889731629558696
  },
  "occ_eval_res": {
    "precision": 8.4249,
    "recall": 2.4052,
    "f-score": 3.7421
  },
  "clean_eval": {
    "f-score": 0.3020822095155896,
    "precision": 0.19662921348314608,
    "recall": 0.6514657980456027,
    "tp": 14,
    "fp": 7106,
    "fn": 2135
  },
  "jaccard": [
    0.7284282937042021
  ],
  "braycurtis": [
    0.6348067137540822
  ],
  "dice": [
    0.5728566388333529
  ],
  "cosinus": [
    0.3205285653025244
  ]
}