{
  "voc_eval_res": {
    "precision": 68.3908,
    "recall": 28.5372,
    "f-score": 40.2707
  },
  "KL_res": {
    "KL divergence": 1.2452585376563798,
    "Euclidean Dist.": 0.1230138999904458,
    "WER": 0.5810014727540501,
    "CER": 0.4333425848829679,
    "Cosine Dist.": 0.07266987535492331
  },
  "occ_eval_res": {
    "precision": 77.3006,
    "recall": 55.6701,
    "f-score": 64.726
  },
  "clean_eval": {
    "f-score": 15.535889872173062,
    "precision": 13.49274124679761,
    "recall": 18.308227114716107,
    "tp": 158,
    "fp": 1013,
    "fn": 705
  },
  "jaccard": [
    0.5561326408310028
  ],
  "braycurtis": [
    0.23649955564849182
  ],
  "dice": [
    0.3851687880464859
  ],
  "cosinus": [
    0.12196195678156718
  ]
}