{
  "voc_eval_res": {
    "precision": 49.0141,
    "recall": 42.3358,
    "f-score": 45.4308
  },
  "KL_res": {
    "KL divergence": 1.0162566219746907,
    "Euclidean Dist.": 0.06427521229672581,
    "WER": 0.6797872340425531,
    "CER": 0.5720475365189404,
    "Cosine Dist.": 0.04789061629129099
  },
  "occ_eval_res": {
    "precision": 60.8563,
    "recall": 63.5106,
    "f-score": 62.1551
  },
  "clean_eval": {
    "f-score": 24.30939226519337,
    "precision": 24.858757062146893,
    "recall": 23.783783783783786,
    "tp": 220,
    "fp": 665,
    "fn": 705
  },
  "jaccard": [
    0.4016632016632017
  ],
  "braycurtis": [
    0.16381622072582086
  ],
  "dice": [
    0.2513007284079084
  ],
  "cosinus": [
    0.029376820684178795
  ]
}