{
  "voc_eval_res": {
    "precision": 21.1934,
    "recall": 24.9395,
    "f-score": 22.9143
  },
  "KL_res": {
    "KL divergence": 2.8772620188031244,
    "Euclidean Dist.": 0.06438367073815576,
    "WER": 1.0759753593429158,
    "CER": 0.7726592383169799,
    "Cosine Dist.": 0.39642876206861477
  },
  "occ_eval_res": {
    "precision": 23.0392,
    "recall": 28.9528,
    "f-score": 25.6597
  },
  "clean_eval": {
    "f-score": 14.414414414414415,
    "precision": 16.216216216216218,
    "recall": 12.972972972972974,
    "tp": 72,
    "fp": 372,
    "fn": 483
  },
  "jaccard": [
    0.4992401215805471
  ],
  "braycurtis": [
    0.24341919048966884
  ],
  "dice": [
    0.3326582278481013
  ],
  "cosinus": [
    0.021099707594623873
  ]
}