{
  "voc_eval_res": {
    "precision": 37.2583,
    "recall": 33.5443,
    "f-score": 35.3039
  },
  "KL_res": {
    "KL divergence": 1.9916609335863171,
    "Euclidean Dist.": 0.055654453177275555,
    "WER": 0.7626050420168067,
    "CER": 0.571945046999277,
    "Cosine Dist.": 0.281167456057397
  },
  "occ_eval_res": {
    "precision": 43.8997,
    "recall": 40.4412,
    "f-score": 42.0995
  },
  "clean_eval": {
    "f-score": 34.69852104664391,
    "precision": 33.36980306345733,
    "recall": 36.137440758293835,
    "tp": 305,
    "fp": 609,
    "fn": 539
  },
  "jaccard": [
    0.4716354858177429
  ],
  "braycurtis": [
    0.2041654089948687
  ],
  "dice": [
    0.3085883514313919
  ],
  "cosinus": [
    0.03569726183874622
  ]
}