{
  "voc_eval_res": {
    "precision": 50.9202,
    "recall": 51.7672,
    "f-score": 51.3402
  },
  "KL_res": {
    "KL divergence": 0.7332559776840654,
    "Euclidean Dist.": 0.0406606323067966,
    "WER": 0.6805696846388606,
    "CER": 0.5729311141932502,
    "Cosine Dist.": 0.012508432619236953
  },
  "occ_eval_res": {
    "precision": 64.7556,
    "recall": 70.0916,
    "f-score": 67.318
  },
  "clean_eval": {
    "f-score": 40.0,
    "precision": 41.640042598509055,
    "recall": 38.48425196850393,
    "tp": 391,
    "fp": 548,
    "fn": 625
  },
  "jaccard": [
    0.3413582464965864
  ],
  "braycurtis": [
    0.13983643602711718
  ],
  "dice": [
    0.20580589254766032
  ],
  "cosinus": [
    0.008036777826388897
  ]
}