{
  "voc_eval_res": {
    "precision": 46.2264,
    "recall": 41.5254,
    "f-score": 43.75
  },
  "KL_res": {
    "KL divergence": 1.3485505507547688,
    "Euclidean Dist.": 0.0722990090528208,
    "WER": 0.7146171693735499,
    "CER": 0.5846518987341772,
    "Cosine Dist.": 0.054130641267399415
  },
  "occ_eval_res": {
    "precision": 57.5406,
    "recall": 57.5406,
    "f-score": 57.5406
  },
  "clean_eval": {
    "f-score": 28.327228327228326,
    "precision": 28.223844282238442,
    "recall": 28.431372549019606,
    "tp": 116,
    "fp": 295,
    "fn": 292
  },
  "jaccard": [
    0.44192328471096703
  ],
  "braycurtis": [
    0.196991127684197
  ],
  "dice": [
    0.28363384188626906
  ],
  "cosinus": [
    0.03389854170282536
  ]
}