{
  "voc_eval_res": {
    "precision": 54.4872,
    "recall": 28.0528,
    "f-score": 37.037
  },
  "KL_res": {
    "KL divergence": 2.1986160955985254,
    "Euclidean Dist.": 0.14184530186653088,
    "WER": 0.687248322147651,
    "CER": 0.40677064870613255,
    "Cosine Dist.": 0.1495982328478933
  },
  "occ_eval_res": {
    "precision": 59.4393,
    "recall": 42.6846,
    "f-score": 49.6875
  },
  "clean_eval": {
    "f-score": 26.276150627615063,
    "precision": 22.655122655122657,
    "recall": 31.274900398406373,
    "tp": 157,
    "fp": 536,
    "fn": 345
  },
  "jaccard": [
    0.5237856785177767
  ],
  "braycurtis": [
    0.2092042365732496
  ],
  "dice": [
    0.3548168249660787
  ],
  "cosinus": [
    0.046121338642870824
  ]
}