{
  "voc_eval_res": {
    "precision": 22.4876,
    "recall": 48.2815,
    "f-score": 30.6839
  },
  "KL_res": {
    "KL divergence": 0.4669257885742224,
    "Euclidean Dist.": 0.06757618353079539,
    "WER": 0.6338827871324899,
    "CER": 0.22633689222429587,
    "Cosine Dist.": 0.15611011321981483
  },
  "occ_eval_res": {
    "precision": 52.2121,
    "recall": 60.7889,
    "f-score": 56.175
  },
  "clean_eval": {
    "f-score": 45.47167608851535,
    "precision": 50.2413678741202,
    "recall": 41.529089247639355,
    "tp": 27268,
    "fp": 27006,
    "fn": 38392
  },
  "jaccard": [
    0.7501000667111407
  ],
  "braycurtis": [
    0.20583338812938243
  ],
  "dice": [
    0.6001280956447481
  ],
  "cosinus": [
    0.03505119969316106
  ]
}