{
  "voc_eval_res": {
    "precision": 63.4146,
    "recall": 31.8367,
    "f-score": 42.3913
  },
  "KL_res": {
    "KL divergence": 1.6483920764853546,
    "Euclidean Dist.": 0.12377172837191557,
    "WER": 0.615909090909091,
    "CER": 0.49216395418927067,
    "Cosine Dist.": 0.06205817773591771
  },
  "occ_eval_res": {
    "precision": 70.2265,
    "recall": 49.3182,
    "f-score": 57.9439
  },
  "clean_eval": {
    "f-score": 32.83582089552239,
    "precision": 27.9445727482679,
    "recall": 39.80263157894737,
    "tp": 121,
    "fp": 312,
    "fn": 183
  },
  "jaccard": [
    0.5332216638749302
  ],
  "braycurtis": [
    0.24559023066485752
  ],
  "dice": [
    0.36353254663113815
  ],
  "cosinus": [
    0.047715793352628766
  ]
}