{
  "voc_eval_res": {
    "precision": 68.3938,
    "recall": 37.7143,
    "f-score": 48.6188
  },
  "KL_res": {
    "KL divergence": 1.0431366568847313,
    "Euclidean Dist.": 0.2525647058180104,
    "WER": 0.6813186813186813,
    "CER": 0.46860189573459715,
    "Cosine Dist.": 0.04338855916681772
  },
  "occ_eval_res": {
    "precision": 56.9977,
    "recall": 61.6606,
    "f-score": 59.2375
  },
  "clean_eval": {
    "f-score": 19.786729857819903,
    "precision": 20.719602977667495,
    "recall": 18.934240362811792,
    "tp": 167,
    "fp": 639,
    "fn": 715
  },
  "jaccard": [
    0.46106654082114207
  ],
  "braycurtis": [
    0.260541586073501
  ],
  "dice": [
    0.29960134927936216
  ],
  "cosinus": [
    0.10414310626412071
  ]
}