{
  "voc_eval_res": {
    "precision": 33.8057,
    "recall": 33.8742,
    "f-score": 33.8399
  },
  "KL_res": {
    "KL divergence": 1.7841994462638573,
    "Euclidean Dist.": 0.12099301515718994,
    "WER": 0.892933618843683,
    "CER": 0.7111730428173296,
    "Cosine Dist.": 0.13685014157612674
  },
  "occ_eval_res": {
    "precision": 41.9416,
    "recall": 47.6445,
    "f-score": 44.6115
  },
  "clean_eval": {
    "f-score": 21.84873949579832,
    "precision": 23.318385650224215,
    "recall": 20.55335968379447,
    "tp": 208,
    "fp": 684,
    "fn": 804
  },
  "jaccard": [
    0.43359100491918484
  ],
  "braycurtis": [
    0.23365957925525932
  ],
  "dice": [
    0.27680574248541945
  ],
  "cosinus": [
    0.07690837737156697
  ]
}