{
  "voc_eval_res": {
    "precision": 24.1152,
    "recall": 50.0,
    "f-score": 32.5375
  },
  "KL_res": {
    "KL divergence": 0.4105280837503793,
    "Euclidean Dist.": 0.061200818771253676,
    "WER": 0.6135843432282333,
    "CER": 0.22553564716200977,
    "Cosine Dist.": 0.12307891793948922
  },
  "occ_eval_res": {
    "precision": 55.0613,
    "recall": 63.0813,
    "f-score": 58.7991
  },
  "clean_eval": {
    "f-score": 45.897013872560535,
    "precision": 50.351918045472964,
    "recall": 42.16633235611788,
    "tp": 27328,
    "fp": 26946,
    "fn": 37482
  },
  "jaccard": [
    0.7247326203208556
  ],
  "braycurtis": [
    0.19341396498628222
  ],
  "dice": [
    0.5682985637907537
  ],
  "cosinus": [
    0.02962062425390144
  ]
}