{
  "voc_eval_res": {
    "precision": 79.1667,
    "recall": 46.9136,
    "f-score": 58.9147
  },
  "KL_res": {
    "KL divergence": 1.0419185892560923,
    "Euclidean Dist.": 0.08205649402609567,
    "WER": 0.4622356495468278,
    "CER": 0.3780848963474827,
    "Cosine Dist.": 0.05681715679478461
  },
  "occ_eval_res": {
    "precision": 87.6106,
    "recall": 59.8187,
    "f-score": 71.0952
  },
  "clean_eval": {
    "f-score": 49.629629629629626,
    "precision": 42.138364779874216,
    "recall": 60.36036036036037,
    "tp": 134,
    "fp": 184,
    "fn": 88
  },
  "jaccard": [
    0.4206231454005935
  ],
  "braycurtis": [
    0.20514775977121066
  ],
  "dice": [
    0.26632221700328795
  ],
  "cosinus": [
    0.017782071567324698
  ]
}