{
  "voc_eval_res": {
    "precision": 24.6377,
    "recall": 1.0555,
    "f-score": 2.0242
  },
  "KL_res": {
    "KL divergence": 3.3406699451584605,
    "Euclidean Dist.": 0.22892637499522753,
    "WER": 0.9711058961572309,
    "CER": 0.8708819156428516,
    "Cosine Dist.": 0.6595174904611921
  },
  "occ_eval_res": {
    "precision": 23.8748,
    "recall": 3.5788,
    "f-score": 6.2245
  },
  "clean_eval": {
    "f-score": 0.13477088948787064,
    "precision": 0.07793017456359103,
    "recall": 0.49800796812749004,
    "tp": 5,
    "fp": 6411,
    "fn": 999
  },
  "jaccard": [
    0.8309093814927282
  ],
  "braycurtis": [
    0.7639449752125809
  ],
  "dice": [
    0.7107313738892687
  ],
  "cosinus": [
    0.332455424981423
  ]
}