{
  "voc_eval_res": {
    "precision": 73.0769,
    "recall": 45.0593,
    "f-score": 55.7457
  },
  "KL_res": {
    "KL divergence": 1.0627782396527756,
    "Euclidean Dist.": 0.10698003465414575,
    "WER": 0.4718196457326892,
    "CER": 0.32724046140195207,
    "Cosine Dist.": 0.07985539461588387
  },
  "occ_eval_res": {
    "precision": 75.514,
    "recall": 65.0564,
    "f-score": 69.8962
  },
  "clean_eval": {
    "f-score": 45.52995391705069,
    "precision": 42.36706689536878,
    "recall": 49.20318725099602,
    "tp": 247,
    "fp": 336,
    "fn": 255
  },
  "jaccard": [
    0.37355658198614317
  ],
  "braycurtis": [
    0.14186330732349348
  ],
  "dice": [
    0.2296769613063543
  ],
  "cosinus": [
    0.023330365131264963
  ]
}