{
  "voc_eval_res": {
    "precision": 53.7736,
    "recall": 44.0154,
    "f-score": 48.4076
  },
  "KL_res": {
    "KL divergence": 1.2585818084000389,
    "Euclidean Dist.": 0.06509581433389423,
    "WER": 0.63,
    "CER": 0.48851082633672116,
    "Cosine Dist.": 0.042110124319133524
  },
  "occ_eval_res": {
    "precision": 67.9814,
    "recall": 58.6,
    "f-score": 62.9431
  },
  "clean_eval": {
    "f-score": 31.51927437641724,
    "precision": 29.324894514767934,
    "recall": 34.068627450980394,
    "tp": 139,
    "fp": 335,
    "fn": 269
  },
  "jaccard": [
    0.38798102266736956
  ],
  "braycurtis": [
    0.16882200799435693
  ],
  "dice": [
    0.2406801831262263
  ],
  "cosinus": [
    0.02003048292000631
  ]
}