{
  "voc_eval_res": {
    "precision": 35.0575,
    "recall": 17.3789,
    "f-score": 23.2381
  },
  "KL_res": {
    "KL divergence": 2.8205984193409783,
    "Euclidean Dist.": 0.15776242406040297,
    "WER": 0.8384201077199281,
    "CER": 0.6791579921350914,
    "Cosine Dist.": 0.2960873681814491
  },
  "occ_eval_res": {
    "precision": 35.3556,
    "recall": 30.3411,
    "f-score": 32.657
  },
  "clean_eval": {
    "f-score": 13.160518444666003,
    "precision": 12.359550561797752,
    "recall": 14.072494669509595,
    "tp": 66,
    "fp": 468,
    "fn": 403
  },
  "jaccard": [
    0.6039142590866728
  ],
  "braycurtis": [
    0.37251615992339
  ],
  "dice": [
    0.4325767690253672
  ],
  "cosinus": [
    0.15671916728266078
  ]
}