{
  "voc_eval_res": {
    "precision": 42.1875,
    "recall": 31.8898,
    "f-score": 36.3229
  },
  "KL_res": {
    "KL divergence": 1.2929277108494022,
    "Euclidean Dist.": 0.07548320152220818,
    "WER": 0.733201581027668,
    "CER": 0.5564655172413793,
    "Cosine Dist.": 0.03871403408490681
  },
  "occ_eval_res": {
    "precision": 57.06,
    "recall": 58.3004,
    "f-score": 57.6735
  },
  "clean_eval": {
    "f-score": 12.711864406779661,
    "precision": 12.631578947368421,
    "recall": 12.79317697228145,
    "tp": 60,
    "fp": 415,
    "fn": 409
  },
  "jaccard": [
    0.4366863905325444
  ],
  "braycurtis": [
    0.16789727126805779
  ],
  "dice": [
    0.279333838001514
  ],
  "cosinus": [
    0.022015217474556592
  ]
}