{
  "voc_eval_res": {
    "precision": 40.625,
    "recall": 34.1289,
    "f-score": 37.0947
  },
  "KL_res": {
    "KL divergence": 1.5201750894114712,
    "Euclidean Dist.": 0.09058178160795698,
    "WER": 0.7308900523560209,
    "CER": 0.5522353215828177,
    "Cosine Dist.": 0.10862658127112002
  },
  "occ_eval_res": {
    "precision": 52.1961,
    "recall": 53.5079,
    "f-score": 52.8438
  },
  "clean_eval": {
    "f-score": 20.647995606809445,
    "precision": 21.005586592178773,
    "recall": 20.302375809935207,
    "tp": 188,
    "fp": 707,
    "fn": 738
  },
  "jaccard": [
    0.42094196804037004
  ],
  "braycurtis": [
    0.18515097280757462
  ],
  "dice": [
    0.26657789613848204
  ],
  "cosinus": [
    0.0435597638997105
  ]
}