{
  "voc_eval_res": {
    "precision": 53.4091,
    "recall": 6.9888,
    "f-score": 12.3603
  },
  "KL_res": {
    "KL divergence": 3.352290710295392,
    "Euclidean Dist.": 0.2328697055939695,
    "WER": 0.861732644865175,
    "CER": 0.7059371362048894,
    "Cosine Dist.": 0.54958604002912
  },
  "occ_eval_res": {
    "precision": 66.4943,
    "recall": 18.4452,
    "f-score": 28.8794
  },
  "clean_eval": {
    "f-score": 7.398568019093078,
    "precision": 4.963971176941554,
    "recall": 14.519906323185012,
    "tp": 124,
    "fp": 2374,
    "fn": 730
  },
  "jaccard": [
    0.7942713373330753
  ],
  "braycurtis": [
    0.5150388311175464
  ],
  "dice": [
    0.6587479935794542
  ],
  "cosinus": [
    0.4697057955708632
  ]
}