{
  "voc_eval_res": {
    "precision": 38.4615,
    "recall": 13.5135,
    "f-score": 20.0
  },
  "KL_res": {
    "KL divergence": 6.405782184120347,
    "Euclidean Dist.": 0.38401693747081367,
    "WER": 0.9318181818181818,
    "CER": 0.8233695652173914,
    "Cosine Dist.": 0.6997653499836793
  },
  "occ_eval_res": {
    "precision": 31.25,
    "recall": 11.3636,
    "f-score": 16.6667
  },
  "clean_eval": {
    "f-score": 7.407407407407408,
    "precision": 5.0,
    "recall": 14.285714285714285,
    "tp": 2,
    "fp": 38,
    "fn": 12
  },
  "jaccard": [
    0.8443496801705757
  ],
  "braycurtis": [
    0.7739307535641547
  ],
  "dice": [
    0.7306273062730627
  ],
  "cosinus": [
    0.6401300587721047
  ]
}