{
  "voc_eval_res": {
    "precision": 28.2051,
    "recall": 30.5556,
    "f-score": 29.3333
  },
  "KL_res": {
    "KL divergence": 4.144879021124436,
    "Euclidean Dist.": 0.2321384238018274,
    "WER": 1.135135135135135,
    "CER": 0.79296875,
    "Cosine Dist.": 0.6703346465231466
  },
  "occ_eval_res": {
    "precision": 22.449,
    "recall": 29.7297,
    "f-score": 25.5814
  },
  "clean_eval": {
    "f-score": 18.42105263157895,
    "precision": 21.21212121212121,
    "recall": 16.27906976744186,
    "tp": 7,
    "fp": 26,
    "fn": 36
  },
  "jaccard": [
    0.7396551724137931
  ],
  "braycurtis": [
    0.6052141527001862
  ],
  "dice": [
    0.5868673050615595
  ],
  "cosinus": [
    0.4414973728894406
  ]
}