{
  "voc_eval_res": {
    "precision": 45.2586,
    "recall": 37.6344,
    "f-score": 41.0959
  },
  "KL_res": {
    "KL divergence": 1.3224416171098814,
    "Euclidean Dist.": 0.06195824411135175,
    "WER": 0.731404958677686,
    "CER": 0.5922696205514966,
    "Cosine Dist.": 0.036024544285025994
  },
  "occ_eval_res": {
    "precision": 60.793,
    "recall": 57.0248,
    "f-score": 58.8486
  },
  "clean_eval": {
    "f-score": 15.102974828375288,
    "precision": 14.864864864864865,
    "recall": 15.348837209302326,
    "tp": 66,
    "fp": 378,
    "fn": 364
  },
  "jaccard": [
    0.47765237020316026
  ],
  "braycurtis": [
    0.18059593023255813
  ],
  "dice": [
    0.3137603795966785
  ],
  "cosinus": [
    0.01842509482880994
  ]
}