{
  "voc_eval_res": {
    "precision": 31.5985,
    "recall": 15.3986,
    "f-score": 20.7065
  },
  "KL_res": {
    "KL divergence": 2.711572242019076,
    "Euclidean Dist.": 0.2255691710414994,
    "WER": 0.9386189258312021,
    "CER": 0.7482796088373778,
    "Cosine Dist.": 0.5213172405480113
  },
  "occ_eval_res": {
    "precision": 27.9412,
    "recall": 29.156,
    "f-score": 28.5357
  },
  "clean_eval": {
    "f-score": 8.216529724504591,
    "precision": 7.966260543580131,
    "recall": 8.483033932135728,
    "tp": 85,
    "fp": 982,
    "fn": 917
  },
  "jaccard": [
    0.6457816377171216
  ],
  "braycurtis": [
    0.4508020786262991
  ],
  "dice": [
    0.47686669720568026
  ],
  "cosinus": [
    0.34727364839135144
  ]
}