{
  "voc_eval_res": {
    "precision": 53.5316,
    "recall": 19.3548,
    "f-score": 28.4304
  },
  "KL_res": {
    "KL divergence": 2.9446553757751737,
    "Euclidean Dist.": 0.42975266996400796,
    "WER": 0.852,
    "CER": 0.6621123595505618,
    "Cosine Dist.": 0.8433849920137679
  },
  "occ_eval_res": {
    "precision": 39.951,
    "recall": 21.7333,
    "f-score": 28.152
  },
  "clean_eval": {
    "f-score": 10.244988864142538,
    "precision": 7.51985053713218,
    "recall": 16.067864271457086,
    "tp": 161,
    "fp": 1980,
    "fn": 841
  },
  "jaccard": [
    0.626099706744868
  ],
  "braycurtis": [
    0.4909889094269871
  ],
  "dice": [
    0.45570971184631803
  ],
  "cosinus": [
    0.6146094018548378
  ]
}