{
  "voc_eval_res": {
    "precision": 27.3381,
    "recall": 8.6857,
    "f-score": 13.183
  },
  "KL_res": {
    "KL divergence": 2.7460984085028888,
    "Euclidean Dist.": 0.1862239001252961,
    "WER": 0.8721122112211221,
    "CER": 0.6619071392910634,
    "Cosine Dist.": 0.23122241783869313
  },
  "occ_eval_res": {
    "precision": 30.3812,
    "recall": 22.3597,
    "f-score": 25.7605
  },
  "clean_eval": {
    "f-score": 1.3930348258706469,
    "precision": 1.2100259291270528,
    "recall": 1.6412661195779603,
    "tp": 14,
    "fp": 1143,
    "fn": 839
  },
  "jaccard": [
    0.6228923476005188
  ],
  "braycurtis": [
    0.3781194423727841
  ],
  "dice": [
    0.4523192842006122
  ],
  "cosinus": [
    0.14662269263996286
  ]
}