{
  "voc_eval_res": {
    "precision": 37.931,
    "recall": 4.4355,
    "f-score": 7.9422
  },
  "KL_res": {
    "KL divergence": 4.8461872086821725,
    "Euclidean Dist.": 0.3883551245875898,
    "WER": 0.9051987767584098,
    "CER": 0.7382154882154882,
    "Cosine Dist.": 0.39900016446262965
  },
  "occ_eval_res": {
    "precision": 33.945,
    "recall": 11.315,
    "f-score": 16.9725
  },
  "clean_eval": {
    "f-score": 14.705882352941178,
    "precision": 9.966777408637874,
    "recall": 28.037383177570092,
    "tp": 30,
    "fp": 271,
    "fn": 77
  },
  "jaccard": [
    0.7995626822157434
  ],
  "braycurtis": [
    0.5876836511409815
  ],
  "dice": [
    0.6660595021250759
  ],
  "cosinus": [
    0.26650733875053356
  ]
}