{
  "voc_eval_res": {
    "precision": 51.2821,
    "recall": 19.4175,
    "f-score": 28.169
  },
  "KL_res": {
    "KL divergence": 4.727228350395397,
    "Euclidean Dist.": 0.3814204056488694,
    "WER": 0.8158995815899581,
    "CER": 0.45552238805970147,
    "Cosine Dist.": 0.6646166323667286
  },
  "occ_eval_res": {
    "precision": 44.8276,
    "recall": 21.7573,
    "f-score": 29.2958
  },
  "clean_eval": {
    "f-score": 25.080385852090032,
    "precision": 19.597989949748744,
    "recall": 34.82142857142857,
    "tp": 39,
    "fp": 160,
    "fn": 73
  },
  "jaccard": [
    0.6068181818181818
  ],
  "braycurtis": [
    0.3437607425232039
  ],
  "dice": [
    0.4355628058727569
  ],
  "cosinus": [
    0.2515779868040926
  ]
}