{
  "voc_eval_res": {
    "precision": 52.1127,
    "recall": 13.7037,
    "f-score": 21.7009
  },
  "KL_res": {
    "KL divergence": 3.963696286831826,
    "Euclidean Dist.": 0.30999524049517635,
    "WER": 0.8210735586481114,
    "CER": 0.5577264653641207,
    "Cosine Dist.": 0.47812439971915954
  },
  "occ_eval_res": {
    "precision": 47.8873,
    "recall": 20.2783,
    "f-score": 28.4916
  },
  "clean_eval": {
    "f-score": 6.25,
    "precision": 4.683840749414521,
    "recall": 9.389671361502346,
    "tp": 20,
    "fp": 407,
    "fn": 193
  },
  "jaccard": [
    0.7700364298724954
  ],
  "braycurtis": [
    0.45332262597871914
  ],
  "dice": [
    0.6260644205849686
  ],
  "cosinus": [
    0.23073353954703357
  ]
}