{
  "voc_eval_res": {
    "precision": 26.4957,
    "recall": 11.4815,
    "f-score": 16.0207
  },
  "KL_res": {
    "KL divergence": 4.157254237530945,
    "Euclidean Dist.": 0.20923776589573354,
    "WER": 0.8707753479125249,
    "CER": 0.6060390763765542,
    "Cosine Dist.": 0.5696144697264577
  },
  "occ_eval_res": {
    "precision": 28.3784,
    "recall": 16.6998,
    "f-score": 21.0263
  },
  "clean_eval": {
    "f-score": 4.986149584487535,
    "precision": 4.215456674473068,
    "recall": 6.101694915254238,
    "tp": 18,
    "fp": 409,
    "fn": 277
  },
  "jaccard": [
    0.7656834233485666
  ],
  "braycurtis": [
    0.4370617110799439
  ],
  "dice": [
    0.6203298552675867
  ],
  "cosinus": [
    0.1763436712426677
  ]
}