{
  "voc_eval_res": {
    "precision": 56.4103,
    "recall": 17.1429,
    "f-score": 26.2948
  },
  "KL_res": {
    "KL divergence": 4.554239036633779,
    "Euclidean Dist.": 0.2735721051397507,
    "WER": 0.8593200468933178,
    "CER": 0.6008660213958227,
    "Cosine Dist.": 0.8149679132141656
  },
  "occ_eval_res": {
    "precision": 46.6216,
    "recall": 16.1782,
    "f-score": 24.0209
  },
  "clean_eval": {
    "f-score": 10.946196660482375,
    "precision": 7.535121328224776,
    "recall": 20.0,
    "tp": 59,
    "fp": 724,
    "fn": 236
  },
  "jaccard": [
    0.7220788794692222
  ],
  "braycurtis": [
    0.48147632311977717
  ],
  "dice": [
    0.5650418229016441
  ],
  "cosinus": [
    0.4794264931384401
  ]
}