{
  "voc_eval_res": {
    "precision": 55.4054,
    "recall": 17.5966,
    "f-score": 26.7101
  },
  "KL_res": {
    "KL divergence": 3.2970023821168746,
    "Euclidean Dist.": 0.2686456016838318,
    "WER": 0.785234899328859,
    "CER": 0.560337552742616,
    "Cosine Dist.": 0.32217886064221957
  },
  "occ_eval_res": {
    "precision": 50.6494,
    "recall": 26.1745,
    "f-score": 34.5133
  },
  "clean_eval": {
    "f-score": 11.147540983606559,
    "precision": 8.970976253298153,
    "recall": 14.71861471861472,
    "tp": 34,
    "fp": 345,
    "fn": 197
  },
  "jaccard": [
    0.7369714847590954
  ],
  "braycurtis": [
    0.41227688289072706
  ],
  "dice": [
    0.5834955235500194
  ],
  "cosinus": [
    0.13067901401097537
  ]
}