{
  "voc_eval_res": {
    "precision": 75.7009,
    "recall": 31.7647,
    "f-score": 44.7514
  },
  "KL_res": {
    "KL divergence": 2.3581627254849415,
    "Euclidean Dist.": 0.18203010857632154,
    "WER": 0.6451612903225806,
    "CER": 0.616221985058698,
    "Cosine Dist.": 0.33688807536219445
  },
  "occ_eval_res": {
    "precision": 77.4545,
    "recall": 40.4175,
    "f-score": 53.1172
  },
  "clean_eval": {
    "f-score": 28.280254777070063,
    "precision": 21.553398058252426,
    "recall": 41.11111111111111,
    "tp": 111,
    "fp": 404,
    "fn": 159
  },
  "jaccard": [
    0.5084848484848485
  ],
  "braycurtis": [
    0.40834057341442226
  ],
  "dice": [
    0.34091832588378707
  ],
  "cosinus": [
    0.2925723446805166
  ]
}