{
  "voc_eval_res": {
    "precision": 53.6458,
    "recall": 45.1754,
    "f-score": 49.0476
  },
  "KL_res": {
    "KL divergence": 1.45847054605533,
    "Euclidean Dist.": 0.14023475460961365,
    "WER": 0.6265060240963856,
    "CER": 0.5431446111869032,
    "Cosine Dist.": 0.16351237739968782
  },
  "occ_eval_res": {
    "precision": 66.3443,
    "recall": 59.0361,
    "f-score": 62.4772
  },
  "clean_eval": {
    "f-score": 24.23645320197044,
    "precision": 22.52747252747253,
    "recall": 26.226012793176974,
    "tp": 123,
    "fp": 423,
    "fn": 346
  },
  "jaccard": [
    0.38636363636363635
  ],
  "braycurtis": [
    0.24389551391254968
  ],
  "dice": [
    0.23943661971830985
  ],
  "cosinus": [
    0.160986488551366
  ]
}