{
  "voc_eval_res": {
    "precision": 78.7356,
    "recall": 42.9467,
    "f-score": 55.5781
  },
  "KL_res": {
    "KL divergence": 1.625771613376763,
    "Euclidean Dist.": 0.13329538506568853,
    "WER": 0.5568685376661743,
    "CER": 0.3934946449821499,
    "Cosine Dist.": 0.20273720058081324
  },
  "occ_eval_res": {
    "precision": 74.0586,
    "recall": 52.2895,
    "f-score": 61.2987
  },
  "clean_eval": {
    "f-score": 41.27546501328609,
    "precision": 35.303030303030305,
    "recall": 49.68017057569296,
    "tp": 233,
    "fp": 427,
    "fn": 236
  },
  "jaccard": [
    0.4175120128136679
  ],
  "braycurtis": [
    0.20508883527089275
  ],
  "dice": [
    0.26383265856950067
  ],
  "cosinus": [
    0.06280961107163674
  ]
}