{
  "voc_eval_res": {
    "precision": 44.3182,
    "recall": 3.7002,
    "f-score": 6.8301
  },
  "KL_res": {
    "KL divergence": 3.3354985325257562,
    "Euclidean Dist.": 0.23098119409479706,
    "WER": 0.9023691746940901,
    "CER": 0.7535768523699145,
    "Cosine Dist.": 0.4967018739953002
  },
  "occ_eval_res": {
    "precision": 50.6722,
    "recall": 12.7571,
    "f-score": 20.3827
  },
  "clean_eval": {
    "f-score": 3.1845597104945713,
    "precision": 2.0054694621695535,
    "recall": 7.728337236533958,
    "tp": 66,
    "fp": 3225,
    "fn": 788
  },
  "jaccard": [
    0.803232607167955
  ],
  "braycurtis": [
    0.5760099588013872
  ],
  "dice": [
    0.6711685261303582
  ],
  "cosinus": [
    0.21576668317976944
  ]
}