{
  "voc_eval_res": {
    "precision": 37.1981,
    "recall": 3.2003,
    "f-score": 5.8936
  },
  "KL_res": {
    "KL divergence": 3.360871707930589,
    "Euclidean Dist.": 0.23012280525096962,
    "WER": 0.917660292463442,
    "CER": 0.7629544610606623,
    "Cosine Dist.": 0.606882460407332
  },
  "occ_eval_res": {
    "precision": 43.3464,
    "recall": 9.9663,
    "f-score": 16.2063
  },
  "clean_eval": {
    "f-score": 1.4081752395853708,
    "precision": 0.8761255779995134,
    "recall": 3.5856573705179287,
    "tp": 36,
    "fp": 4073,
    "fn": 968
  },
  "jaccard": [
    0.7783834586466165
  ],
  "braycurtis": [
    0.5990804597701149
  ],
  "dice": [
    0.6371749499923065
  ],
  "cosinus": [
    0.23937663238884643
  ]
}