{
  "voc_eval_res": {
    "precision": 48.4848,
    "recall": 66.1912,
    "f-score": 55.971
  },
  "KL_res": {
    "KL divergence": 0.6837860019436717,
    "Euclidean Dist.": 0.056497317543759806,
    "WER": 0.7542545949625595,
    "CER": 0.5913190529875987,
    "Cosine Dist.": 0.15117939946664638
  },
  "occ_eval_res": {
    "precision": 53.7066,
    "recall": 70.5242,
    "f-score": 60.977
  },
  "clean_eval": {
    "f-score": 44.506569751188145,
    "precision": 52.96074517631404,
    "recall": 38.37994214079074,
    "tp": 796,
    "fp": 707,
    "fn": 1278
  },
  "jaccard": [
    0.5543300653594772
  ],
  "braycurtis": [
    0.29789174400514995
  ],
  "dice": [
    0.3834416501836677
  ],
  "cosinus": [
    0.039448063039915104
  ]
}