{
  "voc_eval_res": {
    "precision": 45.7627,
    "recall": 17.3077,
    "f-score": 25.1163
  },
  "KL_res": {
    "KL divergence": 3.089386844624143,
    "Euclidean Dist.": 0.17828825899938305,
    "WER": 0.8221070811744386,
    "CER": 0.5846875,
    "Cosine Dist.": 0.3809703972823747
  },
  "occ_eval_res": {
    "precision": 49.6667,
    "recall": 25.734,
    "f-score": 33.9022
  },
  "clean_eval": {
    "f-score": 11.325611325611325,
    "precision": 8.627450980392156,
    "recall": 16.479400749063668,
    "tp": 44,
    "fp": 466,
    "fn": 223
  },
  "jaccard": [
    0.6481025135534746
  ],
  "braycurtis": [
    0.35636102637717565
  ],
  "dice": [
    0.4794021144732045
  ],
  "cosinus": [
    0.12022772718702623
  ]
}