{
  "voc_eval_res": {
    "precision": 36.6197,
    "recall": 2.7778,
    "f-score": 5.1639
  },
  "KL_res": {
    "KL divergence": 4.866991007412582,
    "Euclidean Dist.": 0.3272449036270583,
    "WER": 0.9613559322033899,
    "CER": 0.8345189504373178,
    "Cosine Dist.": 0.7190277947938493
  },
  "occ_eval_res": {
    "precision": 32.3944,
    "recall": 4.678,
    "f-score": 8.1754
  },
  "clean_eval": {
    "f-score": 0.6345177664974618,
    "precision": 0.36683785766691124,
    "recall": 2.3474178403755865,
    "tp": 5,
    "fp": 1358,
    "fn": 208
  },
  "jaccard": [
    0.8348283328178163
  ],
  "braycurtis": [
    0.7218223148323546
  ],
  "dice": [
    0.7164852667905495
  ],
  "cosinus": [
    0.36601135120845196
  ]
}