{
  "voc_eval_res": {
    "precision": 9.6774,
    "recall": 6.7164,
    "f-score": 7.9295
  },
  "KL_res": {
    "KL divergence": 4.7974786399567275,
    "Euclidean Dist.": 0.1762105907331653,
    "WER": 1.1346153846153846,
    "CER": 0.9182338511856092,
    "Cosine Dist.": 0.6007195072804525
  },
  "occ_eval_res": {
    "precision": 10.1604,
    "recall": 12.1795,
    "f-score": 11.0787
  },
  "clean_eval": {
    "f-score": 6.6265060240963845,
    "precision": 7.28476821192053,
    "recall": 6.077348066298343,
    "tp": 11,
    "fp": 140,
    "fn": 170
  },
  "jaccard": [
    0.6924846625766872
  ],
  "braycurtis": [
    0.47010383100608666
  ],
  "dice": [
    0.5296187683284458
  ],
  "cosinus": [
    0.19642933802038742
  ]
}