{
  "voc_eval_res": {
    "precision": 30.8511,
    "recall": 20.8633,
    "f-score": 24.8927
  },
  "KL_res": {
    "KL divergence": 3.3580033127027673,
    "Euclidean Dist.": 0.19096896778457878,
    "WER": 0.8944954128440367,
    "CER": 0.6880907372400756,
    "Cosine Dist.": 0.32389735392349617
  },
  "occ_eval_res": {
    "precision": 31.8386,
    "recall": 32.5688,
    "f-score": 32.1995
  },
  "clean_eval": {
    "f-score": 14.746543778801847,
    "precision": 15.023474178403756,
    "recall": 14.479638009049776,
    "tp": 32,
    "fp": 181,
    "fn": 189
  },
  "jaccard": [
    0.6048192771084338
  ],
  "braycurtis": [
    0.3757046223224352
  ],
  "dice": [
    0.43350604490500866
  ],
  "cosinus": [
    0.1460824688143021
  ]
}