{
  "voc_eval_res": {
    "precision": 71.2766,
    "recall": 32.2115,
    "f-score": 44.3709
  },
  "KL_res": {
    "KL divergence": 2.2268877845364843,
    "Euclidean Dist.": 0.1893453818326303,
    "WER": 0.6319612590799032,
    "CER": 0.45674740484429066,
    "Cosine Dist.": 0.23406159775189472
  },
  "occ_eval_res": {
    "precision": 73.991,
    "recall": 39.9516,
    "f-score": 51.8868
  },
  "clean_eval": {
    "f-score": 32.535885167464116,
    "precision": 25.12315270935961,
    "recall": 46.15384615384615,
    "tp": 102,
    "fp": 304,
    "fn": 119
  },
  "jaccard": [
    0.5251851851851852
  ],
  "braycurtis": [
    0.27819702223128695
  ],
  "dice": [
    0.3561024610748368
  ],
  "cosinus": [
    0.08800761444387761
  ]
}