{
  "voc_eval_res": {
    "precision": 64.8148,
    "recall": 25.1799,
    "f-score": 36.2694
  },
  "KL_res": {
    "KL divergence": 2.5504962571930507,
    "Euclidean Dist.": 0.5823168499857464,
    "WER": 1.2201834862385321,
    "CER": 1.1556395715185885,
    "Cosine Dist.": 0.7535932545275423
  },
  "occ_eval_res": {
    "precision": 30.0633,
    "recall": 43.578,
    "f-score": 35.5805
  },
  "clean_eval": {
    "f-score": 18.90359168241966,
    "precision": 23.474178403755868,
    "recall": 15.822784810126583,
    "tp": 50,
    "fp": 163,
    "fn": 266
  },
  "jaccard": [
    0.5683257918552036
  ],
  "braycurtis": [
    0.5173272933182333
  ],
  "dice": [
    0.3969658659924147
  ],
  "cosinus": [
    0.5447139770539245
  ]
}