{
  "voc_eval_res": {
    "precision": 22.2222,
    "recall": 16.4948,
    "f-score": 18.9349
  },
  "KL_res": {
    "KL divergence": 4.291037084193126,
    "Euclidean Dist.": 0.16756250301802858,
    "WER": 0.9180327868852459,
    "CER": 0.7154772937905468,
    "Cosine Dist.": 0.5534719821042451
  },
  "occ_eval_res": {
    "precision": 23.0088,
    "recall": 21.3115,
    "f-score": 22.1277
  },
  "clean_eval": {
    "f-score": 11.45374449339207,
    "precision": 10.833333333333334,
    "recall": 12.149532710280374,
    "tp": 13,
    "fp": 107,
    "fn": 94
  },
  "jaccard": [
    0.5952868852459017
  ],
  "braycurtis": [
    0.35103383458646614
  ],
  "dice": [
    0.4237782640408461
  ],
  "cosinus": [
    0.10838392652796713
  ]
}