{
  "voc_eval_res": {
    "precision": 31.3846,
    "recall": 22.87,
    "f-score": 26.4591
  },
  "KL_res": {
    "KL divergence": 2.0465464180197364,
    "Euclidean Dist.": 0.1294056679232548,
    "WER": 0.8048309178743961,
    "CER": 0.6117936117936118,
    "Cosine Dist.": 0.1378435138392632
  },
  "occ_eval_res": {
    "precision": 41.4966,
    "recall": 41.256,
    "f-score": 41.376
  },
  "clean_eval": {
    "f-score": 17.528311176760216,
    "precision": 17.62376237623762,
    "recall": 17.43388834476004,
    "tp": 178,
    "fp": 832,
    "fn": 843
  },
  "jaccard": [
    0.5514653323802716
  ],
  "braycurtis": [
    0.2773835412613025
  ],
  "dice": [
    0.38070565013570196
  ],
  "cosinus": [
    0.0649292745293013
  ]
}