{
  "voc_eval_res": {
    "precision": 30.1538,
    "recall": 21.9239,
    "f-score": 25.3886
  },
  "KL_res": {
    "KL divergence": 1.9614223313948576,
    "Euclidean Dist.": 0.12462978987003893,
    "WER": 0.7621951219512195,
    "CER": 0.5647006553371099,
    "Cosine Dist.": 0.13317850291025046
  },
  "occ_eval_res": {
    "precision": 45.8698,
    "recall": 41.115,
    "f-score": 43.3624
  },
  "clean_eval": {
    "f-score": 16.985534297713485,
    "precision": 16.22103386809269,
    "recall": 17.8256611165524,
    "tp": 182,
    "fp": 940,
    "fn": 839
  },
  "jaccard": [
    0.5690434782608695
  ],
  "braycurtis": [
    0.2546614327772326
  ],
  "dice": [
    0.39766650461837627
  ],
  "cosinus": [
    0.05266588846297848
  ]
}