{
  "voc_eval_res": {
    "precision": 24.0223,
    "recall": 22.5131,
    "f-score": 23.2432
  },
  "KL_res": {
    "KL divergence": 2.715341482017423,
    "Euclidean Dist.": 0.25389250843761424,
    "WER": 1.1746987951807228,
    "CER": 0.865097588978186,
    "Cosine Dist.": 0.8009775257041561
  },
  "occ_eval_res": {
    "precision": 18.4211,
    "recall": 23.1928,
    "f-score": 20.5333
  },
  "clean_eval": {
    "f-score": 2.7586206896551726,
    "precision": 3.1645569620253164,
    "recall": 2.444987775061125,
    "tp": 10,
    "fp": 306,
    "fn": 399
  },
  "jaccard": [
    0.7060409924487594
  ],
  "braycurtis": [
    0.5176586811558409
  ],
  "dice": [
    0.5456440183409754
  ],
  "cosinus": [
    0.4600093012220219
  ]
}