{
  "voc_eval_res": {
    "precision": 19.4805,
    "recall": 14.0187,
    "f-score": 16.3043
  },
  "KL_res": {
    "KL divergence": 3.5232461412711387,
    "Euclidean Dist.": 0.24696328511410184,
    "WER": 0.8982035928143712,
    "CER": 0.6949671772428884,
    "Cosine Dist.": 0.3387548610456509
  },
  "occ_eval_res": {
    "precision": 26.7361,
    "recall": 23.0539,
    "f-score": 24.7588
  },
  "clean_eval": {
    "f-score": 4.475043029259897,
    "precision": 4.2622950819672125,
    "recall": 4.710144927536232,
    "tp": 13,
    "fp": 292,
    "fn": 263
  },
  "jaccard": [
    0.7579003749330476
  ],
  "braycurtis": [
    0.4554724677090415
  ],
  "dice": [
    0.6101768003449762
  ],
  "cosinus": [
    0.16910143056598248
  ]
}