{
  "voc_eval_res": {
    "precision": 35.7143,
    "recall": 13.7795,
    "f-score": 19.8864
  },
  "KL_res": {
    "KL divergence": 2.895078037780692,
    "Euclidean Dist.": 0.19782305085861807,
    "WER": 0.9237668161434978,
    "CER": 0.7303448275862069,
    "Cosine Dist.": 0.452390074317649
  },
  "occ_eval_res": {
    "precision": 44.4444,
    "recall": 17.0404,
    "f-score": 24.6353
  },
  "clean_eval": {
    "f-score": 6.837606837606838,
    "precision": 4.662004662004662,
    "recall": 12.82051282051282,
    "tp": 20,
    "fp": 409,
    "fn": 136
  },
  "jaccard": [
    0.7756714060031595
  ],
  "braycurtis": [
    0.5733875063484002
  ],
  "dice": [
    0.6335483870967742
  ],
  "cosinus": [
    0.1211355471889275
  ]
}