{
  "voc_eval_res": {
    "precision": 13.4328,
    "recall": 0.816,
    "f-score": 1.5385
  },
  "KL_res": {
    "KL divergence": 4.71345649606856,
    "Euclidean Dist.": 0.36037236998646544,
    "WER": 0.9948085658663206,
    "CER": 0.84,
    "Cosine Dist.": 0.9902046169975229
  },
  "occ_eval_res": {
    "precision": 4.2105,
    "recall": 0.7787,
    "f-score": 1.3143
  },
  "clean_eval": {
    "f-score": 0.4750593824228029,
    "precision": 0.2849002849002849,
    "recall": 1.4285714285714286,
    "tp": 4,
    "fp": 1400,
    "fn": 276
  },
  "jaccard": [
    0.8320923306031274
  ],
  "braycurtis": [
    0.80629811056683
  ],
  "dice": [
    0.712464137711189
  ],
  "cosinus": [
    0.6133925301288721
  ]
}