{
  "voc_eval_res": {
    "precision": 29.4643,
    "recall": 18.8034,
    "f-score": 22.9565
  },
  "KL_res": {
    "KL divergence": 2.988536000878838,
    "Euclidean Dist.": 0.13039831064807314,
    "WER": 0.8140350877192982,
    "CER": 0.6389287422285987,
    "Cosine Dist.": 0.3087473673313029
  },
  "occ_eval_res": {
    "precision": 44.5623,
    "recall": 29.4737,
    "f-score": 35.4805
  },
  "clean_eval": {
    "f-score": 12.040133779264213,
    "precision": 9.926470588235293,
    "recall": 15.29745042492918,
    "tp": 54,
    "fp": 490,
    "fn": 299
  },
  "jaccard": [
    0.6753338018271258
  ],
  "braycurtis": [
    0.3860419026047565
  ],
  "dice": [
    0.5098143236074271
  ],
  "cosinus": [
    0.1425917008759252
  ]
}