{
  "voc_eval_res": {
    "precision": 42.8571,
    "recall": 18.6722,
    "f-score": 26.0116
  },
  "KL_res": {
    "KL divergence": 2.8177391322747307,
    "Euclidean Dist.": 0.1479884428312167,
    "WER": 0.760989010989011,
    "CER": 0.5696498054474708,
    "Cosine Dist.": 0.16981293530094954
  },
  "occ_eval_res": {
    "precision": 56.9307,
    "recall": 31.5934,
    "f-score": 40.636
  },
  "clean_eval": {
    "f-score": 32.89719626168225,
    "precision": 25.360230547550433,
    "recall": 46.808510638297875,
    "tp": 88,
    "fp": 259,
    "fn": 100
  },
  "jaccard": [
    0.6808864265927977
  ],
  "braycurtis": [
    0.37038811691423096
  ],
  "dice": [
    0.5161696766064678
  ],
  "cosinus": [
    0.08341586703340975
  ]
}