{
  "voc_eval_res": {
    "precision": 39.3352,
    "recall": 25.448,
    "f-score": 30.9032
  },
  "KL_res": {
    "KL divergence": 1.8230180490603645,
    "Euclidean Dist.": 0.06331090393292965,
    "WER": 0.6949941792782305,
    "CER": 0.5392231530845393,
    "Cosine Dist.": 0.1341207946179237
  },
  "occ_eval_res": {
    "precision": 55.6765,
    "recall": 41.6764,
    "f-score": 47.6698
  },
  "clean_eval": {
    "f-score": 27.027027027027028,
    "precision": 23.49397590361446,
    "recall": 31.810766721044047,
    "tp": 195,
    "fp": 635,
    "fn": 418
  },
  "jaccard": [
    0.6183699870633894
  ],
  "braycurtis": [
    0.2823886639676113
  ],
  "dice": [
    0.44756554307116103
  ],
  "cosinus": [
    0.05078702511397448
  ]
}