{
  "voc_eval_res": {
    "precision": 45.4357,
    "recall": 36.3787,
    "f-score": 40.4059
  },
  "KL_res": {
    "KL divergence": 0.767083197008096,
    "Euclidean Dist.": 0.2869878686475158,
    "WER": 0.9981938591210114,
    "CER": 0.5570179845272782,
    "Cosine Dist.": 0.01583610665857893
  },
  "occ_eval_res": {
    "precision": 43.7218,
    "recall": 70.0181,
    "f-score": 53.8301
  },
  "clean_eval": {
    "f-score": 29.964664310954063,
    "precision": 39.09035033804548,
    "recall": 24.293353705118413,
    "tp": 636,
    "fp": 991,
    "fn": 1982
  },
  "jaccard": [
    0.548277661795407
  ],
  "braycurtis": [
    0.2841128558233269
  ],
  "dice": [
    0.37767391695128527
  ],
  "cosinus": [
    0.09073712254656818
  ]
}