{
  "voc_eval_res": {
    "precision": 27.1186,
    "recall": 17.7285,
    "f-score": 21.4405
  },
  "KL_res": {
    "KL divergence": 3.0811964607623596,
    "Euclidean Dist.": 0.16788706558077793,
    "WER": 0.9612676056338029,
    "CER": 0.7475421999629012,
    "Cosine Dist.": 0.45327786934633074
  },
  "occ_eval_res": {
    "precision": 29.1262,
    "recall": 26.4085,
    "f-score": 27.7008
  },
  "clean_eval": {
    "f-score": 6.8359375,
    "precision": 6.469500924214418,
    "recall": 7.246376811594203,
    "tp": 35,
    "fp": 506,
    "fn": 448
  },
  "jaccard": [
    0.5426008968609866
  ],
  "braycurtis": [
    0.2822626492325185
  ],
  "dice": [
    0.3723076923076923
  ],
  "cosinus": [
    0.09997567981211619
  ]
}