{
  "voc_eval_res": {
    "precision": 49.7561,
    "recall": 26.2887,
    "f-score": 34.4013
  },
  "KL_res": {
    "KL divergence": 2.2508242168759924,
    "Euclidean Dist.": 0.17346616635269882,
    "WER": 0.9662162162162162,
    "CER": 0.7504752030412994,
    "Cosine Dist.": 0.4080055754904349
  },
  "occ_eval_res": {
    "precision": 40.3927,
    "recall": 38.9189,
    "f-score": 39.6421
  },
  "clean_eval": {
    "f-score": 15.147058823529411,
    "precision": 14.630681818181818,
    "recall": 15.701219512195122,
    "tp": 103,
    "fp": 601,
    "fn": 553
  },
  "jaccard": [
    0.5164051355206848
  ],
  "braycurtis": [
    0.2767113979955835
  ],
  "dice": [
    0.34807692307692306
  ],
  "cosinus": [
    0.12403573832432069
  ]
}