{
  "voc_eval_res": {
    "precision": 63.522,
    "recall": 38.1132,
    "f-score": 47.6415
  },
  "KL_res": {
    "KL divergence": 2.462790498809735,
    "Euclidean Dist.": 0.2674319505524919,
    "WER": 0.704225352112676,
    "CER": 0.5872399875814964,
    "Cosine Dist.": 0.41137843879487024
  },
  "occ_eval_res": {
    "precision": 55.7355,
    "recall": 48.4742,
    "f-score": 51.8519
  },
  "clean_eval": {
    "f-score": 23.411848679514634,
    "precision": 20.94508301404853,
    "recall": 26.537216828478964,
    "tp": 164,
    "fp": 619,
    "fn": 454
  },
  "jaccard": [
    0.4763200870985302
  ],
  "braycurtis": [
    0.35509204526262456
  ],
  "dice": [
    0.3126116470167917
  ],
  "cosinus": [
    0.38151070737577275
  ]
}