{
  "voc_eval_res": {
    "precision": 13.6978,
    "recall": 9.5228,
    "f-score": 11.2349
  },
  "KL_res": {
    "KL divergence": 1.6386279294890858,
    "Euclidean Dist.": 0.09321411041376514,
    "WER": 0.9814207650273225,
    "CER": 0.7985280927866717,
    "Cosine Dist.": 0.6848418591446178
  },
  "occ_eval_res": {
    "precision": 20.4835,
    "recall": 18.9836,
    "f-score": 19.705
  },
  "clean_eval": {
    "f-score": 2.147621288019262,
    "precision": 2.058573853989813,
    "recall": 2.244720856233729,
    "tp": 388,
    "fp": 18460,
    "fn": 16897
  },
  "jaccard": [
    0.8263682857223588
  ],
  "braycurtis": [
    0.6200315529891096
  ],
  "dice": [
    0.704112095531587
  ],
  "cosinus": [
    0.4351411774620283
  ]
}