{
  "voc_eval_res": {
    "precision": 76.9948,
    "recall": 55.7808,
    "f-score": 64.6931
  },
  "KL_res": {
    "KL divergence": 0.8931521394486435,
    "Euclidean Dist.": 0.21184571527149476,
    "WER": 0.48272589217919515,
    "CER": 0.36879359231740383,
    "Cosine Dist.": 0.4666337089656193
  },
  "occ_eval_res": {
    "precision": 80.2505,
    "recall": 63.2498,
    "f-score": 70.7431
  },
  "clean_eval": {
    "f-score": 53.034445051940956,
    "precision": 47.26174235041902,
    "recall": 60.413552566018936,
    "tp": 2425,
    "fp": 2706,
    "fn": 1589
  },
  "jaccard": [
    0.2656364974245769
  ],
  "braycurtis": [
    0.14503279439534286
  ],
  "dice": [
    0.15316079762409843
  ],
  "cosinus": [
    0.09134221456887581
  ]
}