{
  "voc_eval_res": {
    "precision": 81.5483,
    "recall": 63.5012,
    "f-score": 71.402
  },
  "KL_res": {
    "KL divergence": 0.9277438272309373,
    "Euclidean Dist.": 0.23775509907363548,
    "WER": 0.41790411540093336,
    "CER": 0.31552245250431776,
    "Cosine Dist.": 0.4939575349490255
  },
  "occ_eval_res": {
    "precision": 82.9386,
    "recall": 69.0921,
    "f-score": 75.3848
  },
  "clean_eval": {
    "f-score": 59.75968612064737,
    "precision": 54.59229390681004,
    "recall": 66.00758396533044,
    "tp": 2437,
    "fp": 2027,
    "fn": 1255
  },
  "jaccard": [
    0.26966556759302873
  ],
  "braycurtis": [
    0.1226572094251053
  ],
  "dice": [
    0.155845923506193
  ],
  "cosinus": [
    0.1050590302146841
  ]
}