{
  "voc_eval_res": {
    "precision": 31.9149,
    "recall": 16.3043,
    "f-score": 21.5827
  },
  "KL_res": {
    "KL divergence": 2.752970379221944,
    "Euclidean Dist.": 0.46266348394356477,
    "WER": 0.8603491271820449,
    "CER": 0.6629068643248469,
    "Cosine Dist.": 0.6768441411173587
  },
  "occ_eval_res": {
    "precision": 34.9776,
    "recall": 19.4514,
    "f-score": 25.0
  },
  "clean_eval": {
    "f-score": 10.662358642972535,
    "precision": 8.291457286432161,
    "recall": 14.93212669683258,
    "tp": 33,
    "fp": 365,
    "fn": 188
  },
  "jaccard": [
    0.6308579668348955
  ],
  "braycurtis": [
    0.5054358568887132
  ],
  "dice": [
    0.46076882569773564
  ],
  "cosinus": [
    0.428166847635856
  ]
}