{
  "voc_eval_res": {
    "precision": 64.5161,
    "recall": 42.5532,
    "f-score": 51.2821
  },
  "KL_res": {
    "KL divergence": 1.1763633769030815,
    "Euclidean Dist.": 0.13939508572358034,
    "WER": 0.4725274725274725,
    "CER": 0.26242774566473986,
    "Cosine Dist.": 0.01562993152100045
  },
  "occ_eval_res": {
    "precision": 75.9494,
    "recall": 65.9341,
    "f-score": 70.5882
  },
  "clean_eval": {
    "f-score": 65.85365853658537,
    "precision": 62.06896551724138,
    "recall": 70.12987012987013,
    "tp": 54,
    "fp": 33,
    "fn": 23
  },
  "jaccard": [
    0.41359223300970877
  ],
  "braycurtis": [
    0.1417556346381969
  ],
  "dice": [
    0.2607099143206854
  ],
  "cosinus": [
    0.011907598569181443
  ]
}