{
  "voc_eval_res": {
    "precision": 17.1429,
    "recall": 1.1512,
    "f-score": 2.1575
  },
  "KL_res": {
    "KL divergence": 3.9925639540734346,
    "Euclidean Dist.": 0.15357667176963027,
    "WER": 0.9902353530295444,
    "CER": 0.9155197146512619,
    "Cosine Dist.": 0.9055677257421321
  },
  "occ_eval_res": {
    "precision": 18.8498,
    "recall": 1.4772,
    "f-score": 2.7397
  },
  "clean_eval": {
    "f-score": 0.04950495049504951,
    "precision": 0.026752273943285176,
    "recall": 0.33112582781456956,
    "tp": 1,
    "fp": 3737,
    "fn": 301
  },
  "jaccard": [
    0.8098562628336755
  ],
  "braycurtis": [
    0.8442841787732741
  ],
  "dice": [
    0.6804692891649413
  ],
  "cosinus": [
    0.21863898296430107
  ]
}