{
  "voc_eval_res": {
    "precision": 15.9091,
    "recall": 1.0828,
    "f-score": 2.0275
  },
  "KL_res": {
    "KL divergence": 3.913979876899272,
    "Euclidean Dist.": 0.16483132177636006,
    "WER": 0.9882352941176471,
    "CER": 0.9093875304662317,
    "Cosine Dist.": 0.9001099028733088
  },
  "occ_eval_res": {
    "precision": 17.052,
    "recall": 1.5775,
    "f-score": 2.8879
  },
  "clean_eval": {
    "f-score": 0.05184033177812338,
    "precision": 0.028401022436807723,
    "recall": 0.2967359050445104,
    "tp": 1,
    "fp": 3520,
    "fn": 336
  },
  "jaccard": [
    0.8084267330842674
  ],
  "braycurtis": [
    0.8342467678471052
  ],
  "dice": [
    0.6784532311443999
  ],
  "cosinus": [
    0.23840308456209958
  ]
}