{
  "voc_eval_res": {
    "precision": 17.6136,
    "recall": 1.1896,
    "f-score": 2.2286
  },
  "KL_res": {
    "KL divergence": 4.064371675583206,
    "Euclidean Dist.": 0.17080181817768933,
    "WER": 0.9894842263395093,
    "CER": 0.910246966231148,
    "Cosine Dist.": 0.917839778936029
  },
  "occ_eval_res": {
    "precision": 16.474,
    "recall": 1.4271,
    "f-score": 2.6267
  },
  "clean_eval": {
    "f-score": 0.04907975460122699,
    "precision": 0.026752273943285176,
    "recall": 0.2967359050445104,
    "tp": 1,
    "fp": 3737,
    "fn": 336
  },
  "jaccard": [
    0.8093004283091985
  ],
  "braycurtis": [
    0.8362677876167178
  ],
  "dice": [
    0.6796848235697156
  ],
  "cosinus": [
    0.23781293173465534
  ]
}