{
  "voc_eval_res": {
    "precision": 62.4535,
    "recall": 37.5,
    "f-score": 46.8619
  },
  "KL_res": {
    "KL divergence": 2.182032318499198,
    "Euclidean Dist.": 0.39634290355330537,
    "WER": 0.8448275862068966,
    "CER": 0.6755234480225297,
    "Cosine Dist.": 0.7793425288915803
  },
  "occ_eval_res": {
    "precision": 42.0752,
    "recall": 36.9971,
    "f-score": 39.3731
  },
  "clean_eval": {
    "f-score": 21.370796083439764,
    "precision": 18.634001484780995,
    "recall": 25.0499001996008,
    "tp": 251,
    "fp": 1096,
    "fn": 751
  },
  "jaccard": [
    0.46449821499405
  ],
  "braycurtis": [
    0.37933944747650933
  ],
  "dice": [
    0.3025058124515629
  ],
  "cosinus": [
    0.4519909470851765
  ]
}