{
  "voc_eval_res": {
    "precision": 61.4973,
    "recall": 32.3034,
    "f-score": 42.3573
  },
  "KL_res": {
    "KL divergence": 1.46093769910344,
    "Euclidean Dist.": 0.1689309172577239,
    "WER": 0.7765237020316027,
    "CER": 0.5960704998555331,
    "Cosine Dist.": 0.20668560464540164
  },
  "occ_eval_res": {
    "precision": 50.5517,
    "recall": 56.8849,
    "f-score": 53.5316
  },
  "clean_eval": {
    "f-score": 25.158684362377375,
    "precision": 25.144175317185695,
    "recall": 25.17321016166282,
    "tp": 218,
    "fp": 649,
    "fn": 648
  },
  "jaccard": [
    0.49147858129894056
  ],
  "braycurtis": [
    0.29254173397953687
  ],
  "dice": [
    0.32580152671755724
  ],
  "cosinus": [
    0.11892777775899088
  ]
}