{
  "voc_eval_res": {
    "precision": 44.4444,
    "recall": 17.7215,
    "f-score": 25.3394
  },
  "KL_res": {
    "KL divergence": 3.2632903033574645,
    "Euclidean Dist.": 0.11681773795744095,
    "WER": 0.8860510805500982,
    "CER": 0.7368779822767553,
    "Cosine Dist.": 0.40639764364378794
  },
  "occ_eval_res": {
    "precision": 47.5138,
    "recall": 16.8959,
    "f-score": 24.9275
  },
  "clean_eval": {
    "f-score": 20.882352941176467,
    "precision": 14.2,
    "recall": 39.44444444444444,
    "tp": 71,
    "fp": 429,
    "fn": 109
  },
  "jaccard": [
    0.551948051948052
  ],
  "braycurtis": [
    0.49426981008513426
  ],
  "dice": [
    0.3811659192825112
  ],
  "cosinus": [
    0.11943316444271612
  ]
}