{
  "voc_eval_res": {
    "precision": 57.6087,
    "recall": 26.5,
    "f-score": 36.3014
  },
  "KL_res": {
    "KL divergence": 2.93552148022399,
    "Euclidean Dist.": 0.15630133359968892,
    "WER": 0.7485029940119761,
    "CER": 0.5989932885906041,
    "Cosine Dist.": 0.2786982267445689
  },
  "occ_eval_res": {
    "precision": 63.6364,
    "recall": 27.2455,
    "f-score": 38.1551
  },
  "clean_eval": {
    "f-score": 34.515366430260045,
    "precision": 24.66216216216216,
    "recall": 57.48031496062992,
    "tp": 73,
    "fp": 223,
    "fn": 54
  },
  "jaccard": [
    0.4987684729064039
  ],
  "braycurtis": [
    0.3881980556183586
  ],
  "dice": [
    0.33223954060705496
  ],
  "cosinus": [
    0.0969850315444507
  ]
}