{
  "voc_eval_res": {
    "precision": 41.1215,
    "recall": 3.0014,
    "f-score": 5.5944
  },
  "KL_res": {
    "KL divergence": 3.949233590476971,
    "Euclidean Dist.": 0.21502081201702383,
    "WER": 0.9528535980148883,
    "CER": 0.8842482100238663,
    "Cosine Dist.": 0.6261030987594025
  },
  "occ_eval_res": {
    "precision": 42.9091,
    "recall": 5.8561,
    "f-score": 10.3057
  },
  "clean_eval": {
    "f-score": 3.088101725703906,
    "precision": 1.7598343685300208,
    "recall": 12.592592592592592,
    "tp": 34,
    "fp": 1898,
    "fn": 236
  },
  "jaccard": [
    0.8003273322422259
  ],
  "braycurtis": [
    0.7871895136861816
  ],
  "dice": [
    0.6671214188267395
  ],
  "cosinus": [
    0.31062297175663145
  ]
}