{
  "voc_eval_res": {
    "precision": 84.8039,
    "recall": 29.7762,
    "f-score": 44.0764
  },
  "KL_res": {
    "KL divergence": 1.7062541617943148,
    "Euclidean Dist.": 0.1538451789433694,
    "WER": 0.5463980463980463,
    "CER": 0.5185373655132306,
    "Cosine Dist.": 0.2019638991312226
  },
  "occ_eval_res": {
    "precision": 82.7246,
    "recall": 51.16,
    "f-score": 63.2214
  },
  "clean_eval": {
    "f-score": 32.54184507590502,
    "precision": 26.272784412319293,
    "recall": 42.740286298568506,
    "tp": 418,
    "fp": 1173,
    "fn": 560
  },
  "jaccard": [
    0.5132294309532439
  ],
  "braycurtis": [
    0.30858733345501005
  ],
  "dice": [
    0.34519746465138956
  ],
  "cosinus": [
    0.24832765211929209
  ]
}