{
  "voc_eval_res": {
    "precision": 62.3529,
    "recall": 23.5556,
    "f-score": 34.1935
  },
  "KL_res": {
    "KL divergence": 3.613841960254966,
    "Euclidean Dist.": 0.286593252358411,
    "WER": 0.7441441441441441,
    "CER": 0.7227937195452084,
    "Cosine Dist.": 0.6050073433656233
  },
  "occ_eval_res": {
    "precision": 57.8571,
    "recall": 29.1892,
    "f-score": 38.8024
  },
  "clean_eval": {
    "f-score": 13.316261203585148,
    "precision": 10.01926782273603,
    "recall": 19.84732824427481,
    "tp": 52,
    "fp": 467,
    "fn": 210
  },
  "jaccard": [
    0.544837980406933
  ],
  "braycurtis": [
    0.5475255302435192
  ],
  "dice": [
    0.37441740031071985
  ],
  "cosinus": [
    0.4339614421554042
  ]
}