{
  "voc_eval_res": {
    "precision": 44.1026,
    "recall": 33.5938,
    "f-score": 38.1375
  },
  "KL_res": {
    "KL divergence": 1.5013108102911876,
    "Euclidean Dist.": 0.09277866529040851,
    "WER": 0.6851520572450805,
    "CER": 0.5405307161032352,
    "Cosine Dist.": 0.06338332471269914
  },
  "occ_eval_res": {
    "precision": 61.39,
    "recall": 56.8873,
    "f-score": 59.0529
  },
  "clean_eval": {
    "f-score": 18.970736629667005,
    "precision": 18.042226487523994,
    "recall": 20.0,
    "tp": 94,
    "fp": 427,
    "fn": 376
  },
  "jaccard": [
    0.43577712609970676
  ],
  "braycurtis": [
    0.2143766526295172
  ],
  "dice": [
    0.2785901762279715
  ],
  "cosinus": [
    0.09651826460922297
  ]
}