{
  "voc_eval_res": {
    "precision": 46.4286,
    "recall": 18.1818,
    "f-score": 26.1307
  },
  "KL_res": {
    "KL divergence": 3.2652016788641447,
    "Euclidean Dist.": 0.2665684353869802,
    "WER": 0.8092783505154639,
    "CER": 0.6604450825556353,
    "Cosine Dist.": 0.16231904496955507
  },
  "occ_eval_res": {
    "precision": 49.1071,
    "recall": 28.3505,
    "f-score": 35.9477
  },
  "clean_eval": {
    "f-score": 17.02127659574468,
    "precision": 13.043478260869565,
    "recall": 24.489795918367346,
    "tp": 24,
    "fp": 160,
    "fn": 74
  },
  "jaccard": [
    0.7633228840125392
  ],
  "braycurtis": [
    0.47928994082840237
  ],
  "dice": [
    0.6172370088719898
  ],
  "cosinus": [
    0.1483658373679616
  ]
}