{
  "voc_eval_res": {
    "precision": 7.4074,
    "recall": 0.2806,
    "f-score": 0.5407
  },
  "KL_res": {
    "KL divergence": 3.935863737964553,
    "Euclidean Dist.": 0.2677458848196153,
    "WER": 0.9919129949804797,
    "CER": 0.9505664263645726,
    "Cosine Dist.": 0.7870413549859667
  },
  "occ_eval_res": {
    "precision": 18.0851,
    "recall": 0.9481,
    "f-score": 1.8018
  },
  "clean_eval": {
    "f-score": 1.269315673289183,
    "precision": 0.6682161533991865,
    "recall": 12.637362637362637,
    "tp": 23,
    "fp": 3419,
    "fn": 159
  },
  "jaccard": [
    0.8695909899229401
  ],
  "braycurtis": [
    0.9131172518872498
  ],
  "dice": [
    0.7692711064499214
  ],
  "cosinus": [
    0.2982670887104044
  ]
}