{
  "voc_eval_res": {
    "precision": 23.7727,
    "recall": 56.6191,
    "f-score": 33.4857
  },
  "KL_res": {
    "KL divergence": 0.31632567825475105,
    "Euclidean Dist.": 0.04173428598715944,
    "WER": 0.42558864395959295,
    "CER": 0.14031413225765937,
    "Cosine Dist.": 0.06332562214519066
  },
  "occ_eval_res": {
    "precision": 66.3093,
    "recall": 65.7253,
    "f-score": 66.016
  },
  "clean_eval": {
    "f-score": 54.131434788417856,
    "precision": 53.29624896639855,
    "recall": 54.993213108396354,
    "tp": 28360,
    "fp": 24852,
    "fn": 23210
  },
  "jaccard": [
    0.7307928231866279
  ],
  "braycurtis": [
    0.18697893157444956
  ],
  "dice": [
    0.5757868664290461
  ],
  "cosinus": [
    0.02474337396919435
  ]
}