{
  "voc_eval_res": {
    "precision": 68.7783,
    "recall": 44.7059,
    "f-score": 54.1889
  },
  "KL_res": {
    "KL divergence": 0.5637061201988289,
    "Euclidean Dist.": 0.06445725703014625,
    "WER": 0.5795363709032774,
    "CER": 0.5183064213293278,
    "Cosine Dist.": 0.023105312689343904
  },
  "occ_eval_res": {
    "precision": 84.6939,
    "recall": 53.0775,
    "f-score": 65.258
  },
  "clean_eval": {
    "f-score": 23.96777442094663,
    "precision": 19.492219492219494,
    "recall": 31.11111111111111,
    "tp": 238,
    "fp": 983,
    "fn": 527
  },
  "jaccard": [
    0.3706169551708833
  ],
  "braycurtis": [
    0.2657572094629598
  ],
  "dice": [
    0.22745845818578045
  ],
  "cosinus": [
    0.015944535225805745
  ]
}