{
  "voc_eval_res": {
    "precision": 69.9029,
    "recall": 48.9796,
    "f-score": 57.6
  },
  "KL_res": {
    "KL divergence": 1.4392042905451907,
    "Euclidean Dist.": 0.15678752894203082,
    "WER": 0.5983379501385041,
    "CER": 0.5647132072534827,
    "Cosine Dist.": 0.11436656265832923
  },
  "occ_eval_res": {
    "precision": 87.1795,
    "recall": 47.0914,
    "f-score": 61.1511
  },
  "clean_eval": {
    "f-score": 27.598896044158234,
    "precision": 21.216407355021218,
    "recall": 39.473684210526315,
    "tp": 300,
    "fp": 1114,
    "fn": 460
  },
  "jaccard": [
    0.3507177033492823
  ],
  "braycurtis": [
    0.3436366423133909
  ],
  "dice": [
    0.2126486800116043
  ],
  "cosinus": [
    0.16357811033978753
  ]
}