{
  "voc_eval_res": {
    "precision": 64.2276,
    "recall": 46.3343,
    "f-score": 53.833
  },
  "KL_res": {
    "KL divergence": 0.49143171826818155,
    "Euclidean Dist.": 0.045446091101742414,
    "WER": 0.5557404326123128,
    "CER": 0.48047712235579165,
    "Cosine Dist.": 0.020327216391259784
  },
  "occ_eval_res": {
    "precision": 83.7327,
    "recall": 55.2413,
    "f-score": 66.5664
  },
  "clean_eval": {
    "f-score": 33.29896907216495,
    "precision": 27.583262169086254,
    "recall": 42.002600780234076,
    "tp": 323,
    "fp": 848,
    "fn": 446
  },
  "jaccard": [
    0.3194312796208531
  ],
  "braycurtis": [
    0.23860318886144172
  ],
  "dice": [
    0.1900733220530175
  ],
  "cosinus": [
    0.014288007377411094
  ]
}