{
  "voc_eval_res": {
    "precision": 13.9013,
    "recall": 0.6092,
    "f-score": 1.1672
  },
  "KL_res": {
    "KL divergence": 3.4103165007181317,
    "Euclidean Dist.": 0.2153557197175197,
    "WER": 0.9877544772692485,
    "CER": 0.8712366836498379,
    "Cosine Dist.": 0.8409163857454003
  },
  "occ_eval_res": {
    "precision": 9.935,
    "recall": 1.6378,
    "f-score": 2.8121
  },
  "clean_eval": {
    "f-score": 0.08371703641691085,
    "precision": 0.048677592081778354,
    "recall": 0.29880478087649404,
    "tp": 3,
    "fp": 6160,
    "fn": 1001
  },
  "jaccard": [
    0.8317455439459127
  ],
  "braycurtis": [
    0.77662568747978
  ],
  "dice": [
    0.7119558069183217
  ],
  "cosinus": [
    0.3589472559268796
  ]
}