{
  "voc_eval_res": {
    "precision": 52.5714,
    "recall": 23.2911,
    "f-score": 32.2807
  },
  "KL_res": {
    "KL divergence": 3.0620652004159643,
    "Euclidean Dist.": 0.31794478465725323,
    "WER": 0.8571428571428571,
    "CER": 0.6590909090909091,
    "Cosine Dist.": 0.7636114434009365
  },
  "occ_eval_res": {
    "precision": 51.1182,
    "recall": 16.3265,
    "f-score": 24.7486
  },
  "clean_eval": {
    "f-score": 14.513556618819775,
    "precision": 9.558823529411764,
    "recall": 30.132450331125828,
    "tp": 91,
    "fp": 861,
    "fn": 211
  },
  "jaccard": [
    0.5454132606721163
  ],
  "braycurtis": [
    0.45220232333010646
  ],
  "dice": [
    0.37496097408679363
  ],
  "cosinus": [
    0.38700212899375863
  ]
}