{
  "voc_eval_res": {
    "precision": 55.6818,
    "recall": 24.8101,
    "f-score": 34.3257
  },
  "KL_res": {
    "KL divergence": 2.8768300367311532,
    "Euclidean Dist.": 0.3237664352021965,
    "WER": 0.8173469387755102,
    "CER": 0.6183712121212122,
    "Cosine Dist.": 0.7637238538685813
  },
  "occ_eval_res": {
    "precision": 56.3584,
    "recall": 19.898,
    "f-score": 29.4118
  },
  "clean_eval": {
    "f-score": 12.723041117145076,
    "precision": 8.61344537815126,
    "recall": 24.33234421364985,
    "tp": 82,
    "fp": 870,
    "fn": 255
  },
  "jaccard": [
    0.5382882882882883
  ],
  "braycurtis": [
    0.4219748993606441
  ],
  "dice": [
    0.3682588597842835
  ],
  "cosinus": [
    0.3783552386400575
  ]
}