{
  "voc_eval_res": {
    "precision": 6.5217,
    "recall": 0.2013,
    "f-score": 0.3906
  },
  "KL_res": {
    "KL divergence": 4.216710604256323,
    "Euclidean Dist.": 0.30557659416807037,
    "WER": 0.9899886234357224,
    "CER": 0.9543911899155008,
    "Cosine Dist.": 0.8420117599767845
  },
  "occ_eval_res": {
    "precision": 27.9188,
    "recall": 1.2514,
    "f-score": 2.3955
  },
  "clean_eval": {
    "f-score": 1.2915129151291513,
    "precision": 0.6729151646238885,
    "recall": 16.0,
    "tp": 28,
    "fp": 4133,
    "fn": 147
  },
  "jaccard": [
    0.8932900802458597
  ],
  "braycurtis": [
    0.9182750203417412
  ],
  "dice": [
    0.8071582844800987
  ],
  "cosinus": [
    0.3504875058975513
  ]
}