{
  "voc_eval_res": {
    "precision": 38.7007,
    "recall": 61.9517,
    "f-score": 47.6407
  },
  "KL_res": {
    "KL divergence": 0.21819912205176728,
    "Euclidean Dist.": 0.03328104831110779,
    "WER": 0.31971420081579727,
    "CER": 0.10435552373673365,
    "Cosine Dist.": 0.04424792344406503
  },
  "occ_eval_res": {
    "precision": 75.1054,
    "recall": 76.6559,
    "f-score": 75.8727
  },
  "clean_eval": {
    "f-score": 65.13299541720943,
    "precision": 64.12329895811185,
    "recall": 66.1749982856751,
    "tp": 96503,
    "fp": 53993,
    "fn": 49327
  },
  "jaccard": [
    0.6582776921759973
  ],
  "braycurtis": [
    0.13614451299135755
  ],
  "dice": [
    0.49062141125430647
  ],
  "cosinus": [
    0.019339205111835622
  ]
}