{
  "voc_eval_res": {
    "precision": 69.8462,
    "recall": 47.7895,
    "f-score": 56.75
  },
  "KL_res": {
    "KL divergence": 2.54496543503697,
    "Euclidean Dist.": 0.43423592305964753,
    "WER": 0.692929292929293,
    "CER": 0.4463131804903957,
    "Cosine Dist.": 0.729488171779322
  },
  "occ_eval_res": {
    "precision": 69.1934,
    "recall": 35.9596,
    "f-score": 47.3247
  },
  "clean_eval": {
    "f-score": 27.716111671712074,
    "precision": 21.10655737704918,
    "recall": 40.35259549461313,
    "tp": 412,
    "fp": 1540,
    "fn": 609
  },
  "jaccard": [
    0.38589051657671547
  ],
  "braycurtis": [
    0.27476409612792263
  ],
  "dice": [
    0.2390733221877239
  ],
  "cosinus": [
    0.4062148431041469
  ]
}