{
  "voc_eval_res": {
    "precision": 42.1384,
    "recall": 25.6705,
    "f-score": 31.9048
  },
  "KL_res": {
    "KL divergence": 2.574578140767978,
    "Euclidean Dist.": 0.18994373660368918,
    "WER": 0.7729032258064517,
    "CER": 0.5949676742966975,
    "Cosine Dist.": 0.23721054886053372
  },
  "occ_eval_res": {
    "precision": 44.1296,
    "recall": 42.1935,
    "f-score": 43.1398
  },
  "clean_eval": {
    "f-score": 14.74164133738602,
    "precision": 13.896848137535816,
    "recall": 15.6957928802589,
    "tp": 97,
    "fp": 601,
    "fn": 521
  },
  "jaccard": [
    0.5488270594653574
  ],
  "braycurtis": [
    0.3618320610687023
  ],
  "dice": [
    0.37819548872180453
  ],
  "cosinus": [
    0.24725488581798838
  ]
}