{
  "voc_eval_res": {
    "precision": 23.0483,
    "recall": 15.1589,
    "f-score": 18.2891
  },
  "KL_res": {
    "KL divergence": 3.1162933336627856,
    "Euclidean Dist.": 0.25226624484296134,
    "WER": 0.9893711248892826,
    "CER": 0.763774770420493,
    "Cosine Dist.": 0.6237914587141972
  },
  "occ_eval_res": {
    "precision": 23.2026,
    "recall": 25.155,
    "f-score": 24.1394
  },
  "clean_eval": {
    "f-score": 5.913209346685741,
    "precision": 5.662100456621005,
    "recall": 6.187624750499002,
    "tp": 62,
    "fp": 1033,
    "fn": 940
  },
  "jaccard": [
    0.6115641215715345
  ],
  "braycurtis": [
    0.4509927333066316
  ],
  "dice": [
    0.4404698344901228
  ],
  "cosinus": [
    0.3330088010009903
  ]
}