{
  "voc_eval_res": {
    "precision": 31.1828,
    "recall": 13.0045,
    "f-score": 18.3544
  },
  "KL_res": {
    "KL divergence": 3.68095417791119,
    "Euclidean Dist.": 0.14912527703681996,
    "WER": 0.850909090909091,
    "CER": 0.6467770034843205,
    "Cosine Dist.": 0.3515155175474951
  },
  "occ_eval_res": {
    "precision": 32.6203,
    "recall": 22.1818,
    "f-score": 26.4069
  },
  "clean_eval": {
    "f-score": 19.775280898876403,
    "precision": 16.666666666666664,
    "recall": 24.30939226519337,
    "tp": 44,
    "fp": 220,
    "fn": 137
  },
  "jaccard": [
    0.6009615384615384
  ],
  "braycurtis": [
    0.3985020661157025
  ],
  "dice": [
    0.42955326460481097
  ],
  "cosinus": [
    0.13921993536622368
  ]
}