{
  "voc_eval_res": {
    "precision": 11.2084,
    "recall": 0.8788,
    "f-score": 1.6297
  },
  "KL_res": {
    "KL divergence": 2.921890949217561,
    "Euclidean Dist.": 0.15577134776214388,
    "WER": 0.9873923093086783,
    "CER": 0.8732552243187702,
    "Cosine Dist.": 0.8146457428812903
  },
  "occ_eval_res": {
    "precision": 12.6771,
    "recall": 1.7861,
    "f-score": 3.131
  },
  "clean_eval": {
    "f-score": 0.23797719385225585,
    "precision": 0.1366586949094636,
    "recall": 0.9202453987730062,
    "tp": 12,
    "fp": 8769,
    "fn": 1292
  },
  "jaccard": [
    0.7589101417366176
  ],
  "braycurtis": [
    0.7611589129224019
  ],
  "dice": [
    0.6114868610710722
  ],
  "cosinus": [
    0.2460805387057089
  ]
}