{
  "voc_eval_res": {
    "precision": 12.1786,
    "recall": 1.6426,
    "f-score": 2.8948
  },
  "KL_res": {
    "KL divergence": 3.1655519189080596,
    "Euclidean Dist.": 0.23056108553530438,
    "WER": 0.9819633760154206,
    "CER": 0.7916940628720701,
    "Cosine Dist.": 0.8784646280017847
  },
  "occ_eval_res": {
    "precision": 9.707,
    "recall": 2.9189,
    "f-score": 4.4882
  },
  "clean_eval": {
    "f-score": 0.3361344537815127,
    "precision": 0.22136953955135774,
    "recall": 0.6979990693345742,
    "tp": 15,
    "fp": 6761,
    "fn": 2134
  },
  "jaccard": [
    0.725047633006009
  ],
  "braycurtis": [
    0.6222425270852369
  ],
  "dice": [
    0.5686860558684906
  ],
  "cosinus": [
    0.315315001465559
  ]
}