{
  "voc_eval_res": {
    "precision": 42.5926,
    "recall": 36.5079,
    "f-score": 39.3162
  },
  "KL_res": {
    "KL divergence": 0.9562952032945276,
    "Euclidean Dist.": 0.08020019200857649,
    "WER": 0.6352941176470588,
    "CER": 0.5740112994350283,
    "Cosine Dist.": 0.010042336291263165
  },
  "occ_eval_res": {
    "precision": 71.2575,
    "recall": 70.0,
    "f-score": 70.6231
  },
  "clean_eval": {
    "f-score": 15.620214395099541,
    "precision": 15.548780487804878,
    "recall": 15.692307692307692,
    "tp": 51,
    "fp": 277,
    "fn": 274
  },
  "jaccard": [
    0.485973597359736
  ],
  "braycurtis": [
    0.1737516242806757
  ],
  "dice": [
    0.32098092643051773
  ],
  "cosinus": [
    0.013941445920246487
  ]
}