{
  "voc_eval_res": {
    "precision": 60.0,
    "recall": 40.678,
    "f-score": 48.4848
  },
  "KL_res": {
    "KL divergence": 1.551890481249181,
    "Euclidean Dist.": 0.10573547487278248,
    "WER": 0.582089552238806,
    "CER": 0.3969370860927152,
    "Cosine Dist.": 0.09956336599850535
  },
  "occ_eval_res": {
    "precision": 61.1842,
    "recall": 55.5224,
    "f-score": 58.216
  },
  "clean_eval": {
    "f-score": 32.22416812609457,
    "precision": 30.564784053156146,
    "recall": 34.074074074074076,
    "tp": 92,
    "fp": 209,
    "fn": 178
  },
  "jaccard": [
    0.42836778332145403
  ],
  "braycurtis": [
    0.22097457627118644
  ],
  "dice": [
    0.272562358276644
  ],
  "cosinus": [
    0.05130399107136341
  ]
}