{
  "voc_eval_res": {
    "precision": 42.8571,
    "recall": 41.7219,
    "f-score": 42.2819
  },
  "KL_res": {
    "KL divergence": 1.5759025821965504,
    "Euclidean Dist.": 0.09260664714006242,
    "WER": 0.7817460317460317,
    "CER": 0.6484107579462103,
    "Cosine Dist.": 0.11829625294363699
  },
  "occ_eval_res": {
    "precision": 51.711,
    "recall": 53.9683,
    "f-score": 52.8155
  },
  "clean_eval": {
    "f-score": 25.306122448979597,
    "precision": 25.94142259414226,
    "recall": 24.701195219123505,
    "tp": 62,
    "fp": 177,
    "fn": 189
  },
  "jaccard": [
    0.4743859649122807
  ],
  "braycurtis": [
    0.2308584686774942
  ],
  "dice": [
    0.3109475620975161
  ],
  "cosinus": [
    0.04315008861832237
  ]
}