{
  "voc_eval_res": {
    "precision": 9.2127,
    "recall": 0.908,
    "f-score": 1.6531
  },
  "KL_res": {
    "KL divergence": 3.0230659558301483,
    "Euclidean Dist.": 0.1135807305005369,
    "WER": 0.9859460840679698,
    "CER": 0.8597600102669405,
    "Cosine Dist.": 0.7304228909457282
  },
  "occ_eval_res": {
    "precision": 11.8421,
    "recall": 1.9548,
    "f-score": 3.3556
  },
  "clean_eval": {
    "f-score": 0.47393364928909953,
    "precision": 0.27843519420854795,
    "recall": 1.591089896579157,
    "tp": 20,
    "fp": 7163,
    "fn": 1237
  },
  "jaccard": [
    0.7449415787973782
  ],
  "braycurtis": [
    0.7289138956294499
  ],
  "dice": [
    0.5935513169845595
  ],
  "cosinus": [
    0.1899482192221026
  ]
}