{
  "voc_eval_res": {
    "precision": 8.998,
    "recall": 4.8619,
    "f-score": 6.3128
  },
  "KL_res": {
    "KL divergence": 3.9427431441083445,
    "Euclidean Dist.": 0.1745343636374806,
    "WER": 1.0366699702675917,
    "CER": 0.8233261339092872,
    "Cosine Dist.": 0.6479493732662736
  },
  "occ_eval_res": {
    "precision": 7.8008,
    "recall": 8.226,
    "f-score": 8.0077
  },
  "clean_eval": {
    "f-score": 1.2090680100755669,
    "precision": 1.238390092879257,
    "recall": 1.1811023622047243,
    "tp": 12,
    "fp": 957,
    "fn": 1004
  },
  "jaccard": [
    0.6093394077448747
  ],
  "braycurtis": [
    0.4394207729971872
  ],
  "dice": [
    0.4381654381654382
  ],
  "cosinus": [
    0.2901715972911305
  ]
}