{
  "voc_eval_res": {
    "precision": 35.2941,
    "recall": 7.5758,
    "f-score": 12.474
  },
  "KL_res": {
    "KL divergence": 4.116133990646036,
    "Euclidean Dist.": 0.26391371395715685,
    "WER": 0.9176470588235294,
    "CER": 0.6796250344637441,
    "Cosine Dist.": 0.5713339867129505
  },
  "occ_eval_res": {
    "precision": 29.0043,
    "recall": 13.1373,
    "f-score": 18.0837
  },
  "clean_eval": {
    "f-score": 8.541973490427099,
    "precision": 5.991735537190083,
    "recall": 14.871794871794872,
    "tp": 29,
    "fp": 455,
    "fn": 166
  },
  "jaccard": [
    0.7049180327868853
  ],
  "braycurtis": [
    0.5116985175924272
  ],
  "dice": [
    0.5443037974683544
  ],
  "cosinus": [
    0.29762200938181493
  ]
}