{
  "voc_eval_res": {
    "precision": 30.9091,
    "recall": 3.4694,
    "f-score": 6.2385
  },
  "KL_res": {
    "KL divergence": 3.975470821612015,
    "Euclidean Dist.": 0.2610773979076176,
    "WER": 0.931496062992126,
    "CER": 0.8122651933701658,
    "Cosine Dist.": 0.46864495701003284
  },
  "occ_eval_res": {
    "precision": 35.3952,
    "recall": 8.1102,
    "f-score": 13.1967
  },
  "clean_eval": {
    "f-score": 3.626220362622037,
    "precision": 2.2608695652173916,
    "recall": 9.15492957746479,
    "tp": 26,
    "fp": 1124,
    "fn": 258
  },
  "jaccard": [
    0.7920046349942063
  ],
  "braycurtis": [
    0.6871741397288843
  ],
  "dice": [
    0.6556354916067146
  ],
  "cosinus": [
    0.38296084289404164
  ]
}