{
  "voc_eval_res": {
    "precision": 29.0155,
    "recall": 5.045,
    "f-score": 8.5955
  },
  "KL_res": {
    "KL divergence": 3.750274773237242,
    "Euclidean Dist.": 0.3727282831831985,
    "WER": 0.933852140077821,
    "CER": 0.7332650591192627,
    "Cosine Dist.": 0.834237902116977
  },
  "occ_eval_res": {
    "precision": 17.0429,
    "recall": 9.7925,
    "f-score": 12.4382
  },
  "clean_eval": {
    "f-score": 4.567845947156292,
    "precision": 3.774981495188749,
    "recall": 5.782312925170068,
    "tp": 51,
    "fp": 1300,
    "fn": 831
  },
  "jaccard": [
    0.74501573976915
  ],
  "braycurtis": [
    0.6280445591289572
  ],
  "dice": [
    0.5936454849498328
  ],
  "cosinus": [
    0.642229515245468
  ]
}