{
  "voc_eval_res": {
    "precision": 49.8141,
    "recall": 52.549,
    "f-score": 51.145
  },
  "KL_res": {
    "KL divergence": 0.983148274218874,
    "Euclidean Dist.": 0.09565382891215887,
    "WER": 0.7808564231738035,
    "CER": 0.5227115517638921,
    "Cosine Dist.": 0.10139278768750881
  },
  "occ_eval_res": {
    "precision": 53.006,
    "recall": 66.6247,
    "f-score": 59.0402
  },
  "clean_eval": {
    "f-score": 30.631637786472893,
    "precision": 34.5959595959596,
    "recall": 27.482447342026077,
    "tp": 274,
    "fp": 518,
    "fn": 723
  },
  "jaccard": [
    0.410958904109589
  ],
  "braycurtis": [
    0.2110614843675758
  ],
  "dice": [
    0.25862068965517243
  ],
  "cosinus": [
    0.032089097760357066
  ]
}