{
  "voc_eval_res": {
    "precision": 33.1599,
    "recall": 21.4827,
    "f-score": 26.0736
  },
  "KL_res": {
    "KL divergence": 1.6637734671507771,
    "Euclidean Dist.": 0.08527891650400972,
    "WER": 0.7618876080691642,
    "CER": 0.5835833374317612,
    "Cosine Dist.": 0.04259937029019434
  },
  "occ_eval_res": {
    "precision": 46.5292,
    "recall": 42.255,
    "f-score": 44.2892
  },
  "clean_eval": {
    "f-score": 19.491023870585913,
    "precision": 18.571428571428573,
    "recall": 20.50643420506434,
    "tp": 494,
    "fp": 2166,
    "fn": 1915
  },
  "jaccard": [
    0.5489876658133581
  ],
  "braycurtis": [
    0.23161050898277175
  ],
  "dice": [
    0.37834803528468325
  ],
  "cosinus": [
    0.037452904731792414
  ]
}