{
  "voc_eval_res": {
    "precision": 65.4717,
    "recall": 92.5908,
    "f-score": 76.7048
  },
  "KL_res": {
    "KL divergence": 0.03513109404428635,
    "Euclidean Dist.": 0.008894454705438712,
    "WER": 0.6412840173526445,
    "CER": 0.6096748529013193,
    "Cosine Dist.": 0.002351025305711185
  },
  "occ_eval_res": {
    "precision": 61.526,
    "recall": 98.4988,
    "f-score": 75.7412
  },
  "clean_eval": {
    "f-score": 70.06144226041461,
    "precision": 91.6997445470623,
    "recall": 56.685433862337455,
    "tp": 93332,
    "fp": 8448,
    "fn": 71317
  },
  "jaccard": [
    0.46699129879460366
  ],
  "braycurtis": [
    0.2474862290481209
  ],
  "dice": [
    0.3046240366590294
  ],
  "cosinus": [
    0.01177308971111779
  ]
}