{
  "voc_eval_res": {
    "precision": 74.1073,
    "recall": 90.0164,
    "f-score": 81.2908
  },
  "KL_res": {
    "KL divergence": 0.03019053348924443,
    "Euclidean Dist.": 0.011559056919421813,
    "WER": 0.12093898046452208,
    "CER": 0.06755518039554469,
    "Cosine Dist.": 0.003343024240891501
  },
  "occ_eval_res": {
    "precision": 91.1359,
    "recall": 94.8438,
    "f-score": 92.9528
  },
  "clean_eval": {
    "f-score": 82.45903969861747,
    "precision": 85.49766002137304,
    "recall": 79.62899406253217,
    "tp": 46403,
    "fp": 7871,
    "fn": 11871
  },
  "jaccard": [
    0.5612046632124352
  ],
  "braycurtis": [
    0.08618775781418593
  ],
  "dice": [
    0.3900517668242179
  ],
  "cosinus": [
    0.008339337837618865
  ]
}