{
  "voc_eval_res": {
    "precision": 54.023,
    "recall": 7.6986,
    "f-score": 13.4767
  },
  "KL_res": {
    "KL divergence": 3.6122692461735704,
    "Euclidean Dist.": 0.2463179407780609,
    "WER": 0.8645542093817956,
    "CER": 0.6866787039823453,
    "Cosine Dist.": 0.5997949494969534
  },
  "occ_eval_res": {
    "precision": 60.1227,
    "recall": 18.2665,
    "f-score": 28.02
  },
  "clean_eval": {
    "f-score": 6.998738965952081,
    "precision": 4.807275877003032,
    "recall": 12.862108922363847,
    "tp": 111,
    "fp": 2198,
    "fn": 752
  },
  "jaccard": [
    0.7777541923158565
  ],
  "braycurtis": [
    0.5032871972318339
  ],
  "dice": [
    0.6363320597429664
  ],
  "cosinus": [
    0.5038211535624582
  ]
}