{
  "voc_eval_res": {
    "precision": 60.7843,
    "recall": 14.886,
    "f-score": 23.9151
  },
  "KL_res": {
    "KL divergence": 2.2593937823369337,
    "Euclidean Dist.": 0.15206795949325552,
    "WER": 0.7346524606798579,
    "CER": 0.5541740674955595,
    "Cosine Dist.": 0.1562175570573432
  },
  "occ_eval_res": {
    "precision": 65.4492,
    "recall": 33.6377,
    "f-score": 44.437
  },
  "clean_eval": {
    "f-score": 16.206395348837212,
    "precision": 12.570462232243518,
    "recall": 22.801635991820042,
    "tp": 223,
    "fp": 1551,
    "fn": 755
  },
  "jaccard": [
    0.6611927398444253
  ],
  "braycurtis": [
    0.3386544489992766
  ],
  "dice": [
    0.49386701097482244
  ],
  "cosinus": [
    0.12630703776937546
  ]
}