{
  "voc_eval_res": {
    "precision": 43.1034,
    "recall": 31.3808,
    "f-score": 36.3196
  },
  "KL_res": {
    "KL divergence": 1.9526329158020097,
    "Euclidean Dist.": 0.14733695928809845,
    "WER": 0.7395833333333334,
    "CER": 0.6087699316628702,
    "Cosine Dist.": 0.26629460638047964
  },
  "occ_eval_res": {
    "precision": 46.4435,
    "recall": 46.25,
    "f-score": 46.3466
  },
  "clean_eval": {
    "f-score": 21.489361702127656,
    "precision": 21.443736730360936,
    "recall": 21.535181236673772,
    "tp": 101,
    "fp": 370,
    "fn": 368
  },
  "jaccard": [
    0.51847640704946
  ],
  "braycurtis": [
    0.2915502328675981
  ],
  "dice": [
    0.3499616270145817
  ],
  "cosinus": [
    0.09451127295256379
  ]
}