{
  "voc_eval_res": {
    "precision": 36.7816,
    "recall": 25.7028,
    "f-score": 30.26
  },
  "KL_res": {
    "KL divergence": 2.640730015641679,
    "Euclidean Dist.": 0.18101442444633611,
    "WER": 0.7866666666666666,
    "CER": 0.6803594351732991,
    "Cosine Dist.": 0.4035342131889791
  },
  "occ_eval_res": {
    "precision": 42.887,
    "recall": 39.0476,
    "f-score": 40.8774
  },
  "clean_eval": {
    "f-score": 16.056910569105693,
    "precision": 15.339805825242719,
    "recall": 16.844349680170577,
    "tp": 79,
    "fp": 436,
    "fn": 390
  },
  "jaccard": [
    0.5313876651982379
  ],
  "braycurtis": [
    0.3798663902326653
  ],
  "dice": [
    0.3618297712785902
  ],
  "cosinus": [
    0.31051172389402604
  ]
}