{
  "voc_eval_res": {
    "precision": 75.8621,
    "recall": 37.931,
    "f-score": 50.5747
  },
  "KL_res": {
    "KL divergence": 3.6823212053237895,
    "Euclidean Dist.": 0.3143386286569549,
    "WER": 0.6706408345752608,
    "CER": 0.7178656905532873,
    "Cosine Dist.": 0.6100630147242452
  },
  "occ_eval_res": {
    "precision": 75.7962,
    "recall": 35.4694,
    "f-score": 48.3249
  },
  "clean_eval": {
    "f-score": 6.160164271047227,
    "precision": 4.524886877828054,
    "recall": 9.646302250803858,
    "tp": 30,
    "fp": 633,
    "fn": 281
  },
  "jaccard": [
    0.4370860927152318
  ],
  "braycurtis": [
    0.5458547322083639
  ],
  "dice": [
    0.2796610169491525
  ],
  "cosinus": [
    0.48340202771891694
  ]
}