{
  "voc_eval_res": {
    "precision": 78.1609,
    "recall": 44.4444,
    "f-score": 56.6667
  },
  "KL_res": {
    "KL divergence": 1.5696133397639545,
    "Euclidean Dist.": 0.13795885974559277,
    "WER": 0.5450516986706057,
    "CER": 0.3662778800900348,
    "Cosine Dist.": 0.22221462907938483
  },
  "occ_eval_res": {
    "precision": 74.8954,
    "recall": 52.8804,
    "f-score": 61.9913
  },
  "clean_eval": {
    "f-score": 41.476274165202106,
    "precision": 35.276532137518686,
    "recall": 50.31982942430704,
    "tp": 236,
    "fp": 433,
    "fn": 233
  },
  "jaccard": [
    0.3922902494331066
  ],
  "braycurtis": [
    0.19772625947391886
  ],
  "dice": [
    0.24400564174894218
  ],
  "cosinus": [
    0.07094615826242423
  ]
}