{
  "voc_eval_res": {
    "precision": 33.3333,
    "recall": 11.1111,
    "f-score": 16.6667
  },
  "KL_res": {
    "KL divergence": 6.154796887977016,
    "Euclidean Dist.": 0.34239717449568347,
    "WER": 0.9130434782608695,
    "CER": 0.7714285714285715,
    "Cosine Dist.": 0.6162387105599012
  },
  "occ_eval_res": {
    "precision": 38.4615,
    "recall": 10.8696,
    "f-score": 16.9492
  },
  "clean_eval": {
    "f-score": 14.035087719298245,
    "precision": 9.090909090909092,
    "recall": 30.76923076923077,
    "tp": 4,
    "fp": 40,
    "fn": 9
  },
  "jaccard": [
    0.8056206088992974
  ],
  "braycurtis": [
    0.6485714285714286
  ],
  "dice": [
    0.6745098039215687
  ],
  "cosinus": [
    0.39224241104164637
  ]
}