{
  "voc_eval_res": {
    "precision": 35.7143,
    "recall": 13.5135,
    "f-score": 19.6078
  },
  "KL_res": {
    "KL divergence": 5.814534441420157,
    "Euclidean Dist.": 0.3227858359442025,
    "WER": 0.9215686274509803,
    "CER": 0.7457044673539519,
    "Cosine Dist.": 0.5946397078449792
  },
  "occ_eval_res": {
    "precision": 41.1765,
    "recall": 13.7255,
    "f-score": 20.5882
  },
  "clean_eval": {
    "f-score": 13.333333333333334,
    "precision": 8.88888888888889,
    "recall": 26.666666666666668,
    "tp": 4,
    "fp": 41,
    "fn": 11
  },
  "jaccard": [
    0.8073394495412844
  ],
  "braycurtis": [
    0.6142857142857143
  ],
  "dice": [
    0.676923076923077
  ],
  "cosinus": [
    0.3477800699762097
  ]
}