{
  "voc_eval_res": {
    "precision": 41.1765,
    "recall": 17.0732,
    "f-score": 24.1379
  },
  "KL_res": {
    "KL divergence": 5.791930961445496,
    "Euclidean Dist.": 0.418187638605046,
    "WER": 0.9152542372881356,
    "CER": 0.732484076433121,
    "Cosine Dist.": 0.711909456199038
  },
  "occ_eval_res": {
    "precision": 33.3333,
    "recall": 13.5593,
    "f-score": 19.2771
  },
  "clean_eval": {
    "f-score": 17.5,
    "precision": 12.5,
    "recall": 29.166666666666668,
    "tp": 7,
    "fp": 49,
    "fn": 17
  },
  "jaccard": [
    0.7532188841201717
  ],
  "braycurtis": [
    0.6548856548856549
  ],
  "dice": [
    0.6041308089500861
  ],
  "cosinus": [
    0.5101117484472901
  ]
}