{
  "voc_eval_res": {
    "precision": 80.0,
    "recall": 57.1429,
    "f-score": 66.6667
  },
  "KL_res": {
    "KL divergence": 1.5395154609932573,
    "Euclidean Dist.": 0.2537222891273055,
    "WER": 0.5,
    "CER": 0.4166666666666667,
    "Cosine Dist.": 0.06204190077891647
  },
  "occ_eval_res": {
    "precision": 87.5,
    "recall": 70.0,
    "f-score": 77.7778
  },
  "clean_eval": {
    "f-score": 66.66666666666666,
    "precision": 60.0,
    "recall": 75.0,
    "tp": 6,
    "fp": 4,
    "fn": 2
  },
  "jaccard": [
    0.2823529411764706
  ],
  "braycurtis": [
    0.14583333333333334
  ],
  "dice": [
    0.1643835616438356
  ],
  "cosinus": [
    0.0413630569200345
  ]
}