{
  "voc_eval_res": {
    "precision": 80.0,
    "recall": 35.9551,
    "f-score": 49.6124
  },
  "KL_res": {
    "KL divergence": 1.9009250590724693,
    "Euclidean Dist.": 0.2057367829810331,
    "WER": 0.5527950310559007,
    "CER": 0.4426559356136821,
    "Cosine Dist.": 0.08250006202338911
  },
  "occ_eval_res": {
    "precision": 75.7009,
    "recall": 50.3106,
    "f-score": 60.4478
  },
  "clean_eval": {
    "f-score": 56.126482213438734,
    "precision": 47.019867549668874,
    "recall": 69.6078431372549,
    "tp": 71,
    "fp": 80,
    "fn": 31
  },
  "jaccard": [
    0.5160098522167488
  ],
  "braycurtis": [
    0.23937360178970918
  ],
  "dice": [
    0.34771784232365144
  ],
  "cosinus": [
    0.05465014848193306
  ]
}