{
  "voc_eval_res": {
    "precision": 65.9509,
    "recall": 76.6145,
    "f-score": 70.8839
  },
  "KL_res": {
    "KL divergence": 0.025666917167224454,
    "Euclidean Dist.": 0.006408196781879756,
    "WER": 0.14708899114511287,
    "CER": 0.052489465990196923,
    "Cosine Dist.": 0.0011100564348002218
  },
  "occ_eval_res": {
    "precision": 90.4262,
    "recall": 91.8659,
    "f-score": 91.1404
  },
  "clean_eval": {
    "f-score": 78.72797386062538,
    "precision": 79.24698795180723,
    "recall": 78.21571391582036,
    "tp": 81561,
    "fp": 21359,
    "fn": 22716
  },
  "jaccard": [
    0.6097965633023898
  ],
  "braycurtis": [
    0.06647182347239708
  ],
  "dice": [
    0.438638365584065
  ],
  "cosinus": [
    0.004942417994131643
  ]
}