{
  "voc_eval_res": {
    "precision": 62.5731,
    "recall": 32.0359,
    "f-score": 42.3762
  },
  "KL_res": {
    "KL divergence": 2.118266050014877,
    "Euclidean Dist.": 0.12121181957761958,
    "WER": 0.7105263157894737,
    "CER": 0.5465898174831892,
    "Cosine Dist.": 0.18086862890398459
  },
  "occ_eval_res": {
    "precision": 69.8182,
    "recall": 36.0902,
    "f-score": 47.5836
  },
  "clean_eval": {
    "f-score": 32.901554404145074,
    "precision": 25.24850894632207,
    "recall": 47.21189591078067,
    "tp": 127,
    "fp": 376,
    "fn": 142
  },
  "jaccard": [
    0.5361596009975063
  ],
  "braycurtis": [
    0.3149912502430488
  ],
  "dice": [
    0.36626916524701875
  ],
  "cosinus": [
    0.06738294700952252
  ]
}