{
  "voc_eval_res": {
    "precision": 39.1608,
    "recall": 39.7163,
    "f-score": 39.4366
  },
  "KL_res": {
    "KL divergence": 1.5279045384184162,
    "Euclidean Dist.": 0.07806855309092417,
    "WER": 0.7435897435897436,
    "CER": 0.5946825827455237,
    "Cosine Dist.": 0.056324681682830224
  },
  "occ_eval_res": {
    "precision": 55.1867,
    "recall": 56.8376,
    "f-score": 56.0
  },
  "clean_eval": {
    "f-score": 21.380846325167035,
    "precision": 21.818181818181817,
    "recall": 20.96069868995633,
    "tp": 48,
    "fp": 172,
    "fn": 181
  },
  "jaccard": [
    0.49855907780979825
  ],
  "braycurtis": [
    0.2333513806172171
  ],
  "dice": [
    0.33205374280230326
  ],
  "cosinus": [
    0.0406565632978374
  ]
}