{
  "voc_eval_res": {
    "precision": 43.361,
    "recall": 35.2445,
    "f-score": 38.8837
  },
  "KL_res": {
    "KL divergence": 0.9417689376712756,
    "Euclidean Dist.": 0.27995866920717477,
    "WER": 1.0130874479476502,
    "CER": 0.5788888888888889,
    "Cosine Dist.": 0.015446575486999903
  },
  "occ_eval_res": {
    "precision": 41.8421,
    "recall": 66.2106,
    "f-score": 51.2785
  },
  "clean_eval": {
    "f-score": 26.72595366253218,
    "precision": 34.50151057401813,
    "recall": 21.810542398777695,
    "tp": 571,
    "fp": 1084,
    "fn": 2047
  },
  "jaccard": [
    0.5488029465930019
  ],
  "braycurtis": [
    0.3085526869060634
  ],
  "dice": [
    0.37817258883248733
  ],
  "cosinus": [
    0.09492811016023295
  ]
}