{
  "voc_eval_res": {
    "precision": 63.0777,
    "recall": 89.4689,
    "f-score": 73.9904
  },
  "KL_res": {
    "KL divergence": 0.06235118732379973,
    "Euclidean Dist.": 0.014478889955943784,
    "WER": 0.3461603197980223,
    "CER": 0.30934318619551116,
    "Cosine Dist.": 0.0054540396591874485
  },
  "occ_eval_res": {
    "precision": 74.4311,
    "recall": 96.3455,
    "f-score": 83.9822
  },
  "clean_eval": {
    "f-score": 76.25697566093538,
    "precision": 90.87303298124596,
    "recall": 65.69117853302791,
    "tp": 42156,
    "fp": 4234,
    "fn": 22017
  },
  "jaccard": [
    0.4616610871991073
  ],
  "braycurtis": [
    0.15334784336246599
  ],
  "dice": [
    0.3001036269430052
  ],
  "cosinus": [
    0.007170351260718855
  ]
}