{
  "voc_eval_res": {
    "precision": 42.5532,
    "recall": 10.4167,
    "f-score": 16.7364
  },
  "KL_res": {
    "KL divergence": 3.7013859716550437,
    "Euclidean Dist.": 0.24641604810055814,
    "WER": 0.8714285714285714,
    "CER": 0.6852841185041282,
    "Cosine Dist.": 0.48972020580856357
  },
  "occ_eval_res": {
    "precision": 41.704,
    "recall": 14.7619,
    "f-score": 21.8054
  },
  "clean_eval": {
    "f-score": 6.127450980392157,
    "precision": 4.201680672268908,
    "recall": 11.312217194570136,
    "tp": 25,
    "fp": 570,
    "fn": 196
  },
  "jaccard": [
    0.7099950763170851
  ],
  "braycurtis": [
    0.47839556497635743
  ],
  "dice": [
    0.5503816793893129
  ],
  "cosinus": [
    0.21103663282972218
  ]
}