{
  "voc_eval_res": {
    "precision": 48.8889,
    "recall": 11.2245,
    "f-score": 18.2573
  },
  "KL_res": {
    "KL divergence": 4.288594729533978,
    "Euclidean Dist.": 0.3478095197356313,
    "WER": 0.8508064516129032,
    "CER": 0.6447811447811448,
    "Cosine Dist.": 0.21219806209989167
  },
  "occ_eval_res": {
    "precision": 45.0,
    "recall": 18.1452,
    "f-score": 25.8621
  },
  "clean_eval": {
    "f-score": 23.21428571428571,
    "precision": 16.455696202531644,
    "recall": 39.39393939393939,
    "tp": 39,
    "fp": 198,
    "fn": 60
  },
  "jaccard": [
    0.7264
  ],
  "braycurtis": [
    0.4692675745307324
  ],
  "dice": [
    0.5703517587939698
  ],
  "cosinus": [
    0.19344673897113163
  ]
}