{
  "voc_eval_res": {
    "precision": 39.7849,
    "recall": 38.9474,
    "f-score": 39.3617
  },
  "KL_res": {
    "KL divergence": 2.0398423858506614,
    "Euclidean Dist.": 0.12695805656887485,
    "WER": 0.8940397350993378,
    "CER": 0.7364470391993327,
    "Cosine Dist.": 0.2224077800214661
  },
  "occ_eval_res": {
    "precision": 42.246,
    "recall": 52.3179,
    "f-score": 46.7456
  },
  "clean_eval": {
    "f-score": 42.46153846153846,
    "precision": 47.91666666666667,
    "recall": 38.12154696132597,
    "tp": 69,
    "fp": 75,
    "fn": 112
  },
  "jaccard": [
    0.5344506517690876
  ],
  "braycurtis": [
    0.32372025955299205
  ],
  "dice": [
    0.3646759847522236
  ],
  "cosinus": [
    0.10686618279659421
  ]
}