{
  "voc_eval_res": {
    "precision": 10.9375,
    "recall": 6.6038,
    "f-score": 8.2353
  },
  "KL_res": {
    "KL divergence": 3.9664707458301622,
    "Euclidean Dist.": 0.22416124805719942,
    "WER": 1.2144702842377262,
    "CER": 0.8256264531128907,
    "Cosine Dist.": 0.5714240839237051
  },
  "occ_eval_res": {
    "precision": 13.7331,
    "recall": 18.3463,
    "f-score": 15.708
  },
  "clean_eval": {
    "f-score": 0.9512485136741975,
    "precision": 1.0752688172043012,
    "recall": 0.8528784648187633,
    "tp": 4,
    "fp": 368,
    "fn": 465
  },
  "jaccard": [
    0.6482021379980564
  ],
  "braycurtis": [
    0.39668650099171626
  ],
  "dice": [
    0.47951114306254494
  ],
  "cosinus": [
    0.18811806117072705
  ]
}