{
  "voc_eval_res": {
    "precision": 10.3448,
    "recall": 0.7475,
    "f-score": 1.3943
  },
  "KL_res": {
    "KL divergence": 4.3514996274825135,
    "Euclidean Dist.": 0.21225882699375917,
    "WER": 0.9867938371239912,
    "CER": 0.8953863326305346,
    "Cosine Dist.": 0.8816344273650197
  },
  "occ_eval_res": {
    "precision": 7.3248,
    "recall": 1.6875,
    "f-score": 2.743
  },
  "clean_eval": {
    "f-score": 0.6640106241699866,
    "precision": 0.41841004184100417,
    "recall": 1.607717041800643,
    "tp": 5,
    "fp": 1190,
    "fn": 306
  },
  "jaccard": [
    0.8675355450236967
  ],
  "braycurtis": [
    0.8029588336192109
  ],
  "dice": [
    0.7660598451558903
  ],
  "cosinus": [
    0.36759584602346995
  ]
}