{
  "voc_eval_res": {
    "precision": 54.2857,
    "recall": 13.1944,
    "f-score": 21.2291
  },
  "KL_res": {
    "KL divergence": 4.1579008479639805,
    "Euclidean Dist.": 0.33322471825235067,
    "WER": 0.8228782287822878,
    "CER": 0.5599385245901639,
    "Cosine Dist.": 0.33401483936978626
  },
  "occ_eval_res": {
    "precision": 53.0973,
    "recall": 22.1402,
    "f-score": 31.25
  },
  "clean_eval": {
    "f-score": 25.915492957746476,
    "precision": 18.69918699186992,
    "recall": 42.201834862385326,
    "tp": 46,
    "fp": 200,
    "fn": 63
  },
  "jaccard": [
    0.6590909090909091
  ],
  "braycurtis": [
    0.37331240188383047
  ],
  "dice": [
    0.4915254237288136
  ],
  "cosinus": [
    0.2301895213358358
  ]
}