{
  "voc_eval_res": {
    "precision": 64.8148,
    "recall": 20.3488,
    "f-score": 30.9735
  },
  "KL_res": {
    "KL divergence": 3.439981925420423,
    "Euclidean Dist.": 0.2799205584767796,
    "WER": 0.7591463414634146,
    "CER": 0.6291335286730849,
    "Cosine Dist.": 0.3373397632358933
  },
  "occ_eval_res": {
    "precision": 63.3987,
    "recall": 29.5732,
    "f-score": 40.3326
  },
  "clean_eval": {
    "f-score": 28.635346756152124,
    "precision": 21.768707482993197,
    "recall": 41.830065359477125,
    "tp": 64,
    "fp": 230,
    "fn": 89
  },
  "jaccard": [
    0.6849876948318294
  ],
  "braycurtis": [
    0.451271186440678
  ],
  "dice": [
    0.5208983156581409
  ],
  "cosinus": [
    0.374817198868757
  ]
}