{
  "voc_eval_res": {
    "precision": 73.8095,
    "recall": 61.3861,
    "f-score": 67.027
  },
  "KL_res": {
    "KL divergence": 0.5452477078773024,
    "Euclidean Dist.": 0.06466351575001862,
    "WER": 0.378099173553719,
    "CER": 0.31213726974514255,
    "Cosine Dist.": 0.011859601844008805
  },
  "occ_eval_res": {
    "precision": 89.8551,
    "recall": 76.8595,
    "f-score": 82.8508
  },
  "clean_eval": {
    "f-score": 36.22047244094489,
    "precision": 33.75262054507338,
    "recall": 39.07766990291262,
    "tp": 161,
    "fp": 316,
    "fn": 251
  },
  "jaccard": [
    0.33636363636363636
  ],
  "braycurtis": [
    0.129136400322841
  ],
  "dice": [
    0.20218579234972678
  ],
  "cosinus": [
    0.01614515668271399
  ]
}