{
  "voc_eval_res": {
    "precision": 73.6842,
    "recall": 60.8696,
    "f-score": 66.6667
  },
  "KL_res": {
    "KL divergence": 0.7458489553524538,
    "Euclidean Dist.": 0.07691347069808424,
    "WER": 0.3319672131147541,
    "CER": 0.28009708737864075,
    "Cosine Dist.": 0.02509672579815836
  },
  "occ_eval_res": {
    "precision": 82.2511,
    "recall": 77.8689,
    "f-score": 80.0
  },
  "clean_eval": {
    "f-score": 49.35622317596567,
    "precision": 48.319327731092436,
    "recall": 50.43859649122807,
    "tp": 115,
    "fp": 123,
    "fn": 113
  },
  "jaccard": [
    0.35410484668644904
  ],
  "braycurtis": [
    0.1353475804470646
  ],
  "dice": [
    0.21514423076923078
  ],
  "cosinus": [
    0.02322641977136941
  ]
}