{
  "voc_eval_res": {
    "precision": 10.3448,
    "recall": 2.7778,
    "f-score": 4.3796
  },
  "KL_res": {
    "KL divergence": 4.671195129926682,
    "Euclidean Dist.": 0.4451040503934091,
    "WER": 0.9410526315789474,
    "CER": 0.7020466444550214,
    "Cosine Dist.": 0.5160676804512786
  },
  "occ_eval_res": {
    "precision": 11.9883,
    "recall": 8.6316,
    "f-score": 10.0367
  },
  "clean_eval": {
    "f-score": 0.25380710659898476,
    "precision": 0.2188183807439825,
    "recall": 0.3021148036253776,
    "tp": 1,
    "fp": 456,
    "fn": 330
  },
  "jaccard": [
    0.7308795411089866
  ],
  "braycurtis": [
    0.5552182711766407
  ],
  "dice": [
    0.575894538606403
  ],
  "cosinus": [
    0.36749328889813093
  ]
}