{
  "voc_eval_res": {
    "precision": 27.6074,
    "recall": 36.2903,
    "f-score": 31.3589
  },
  "KL_res": {
    "KL divergence": 2.6980708922815198,
    "Euclidean Dist.": 0.19522325566094573,
    "WER": 1.6729323308270676,
    "CER": 1.476608187134503,
    "Cosine Dist.": 0.28475477588784637
  },
  "occ_eval_res": {
    "precision": 24.7967,
    "recall": 45.8647,
    "f-score": 32.19
  },
  "clean_eval": {
    "f-score": 12.698412698412698,
    "precision": 17.254901960784313,
    "recall": 10.045662100456621,
    "tp": 44,
    "fp": 211,
    "fn": 394
  },
  "jaccard": [
    0.6010544815465729
  ],
  "braycurtis": [
    0.516830407473023
  ],
  "dice": [
    0.4296482412060301
  ],
  "cosinus": [
    0.3320345555215958
  ]
}