{
  "voc_eval_res": {
    "precision": 26.601,
    "recall": 36.2416,
    "f-score": 30.6818
  },
  "KL_res": {
    "KL divergence": 2.326475752872868,
    "Euclidean Dist.": 0.17881299021831024,
    "WER": 2.287081339712919,
    "CER": 1.9527430744160783,
    "Cosine Dist.": 0.47838977993216636
  },
  "occ_eval_res": {
    "precision": 18.8324,
    "recall": 47.8469,
    "f-score": 27.027
  },
  "clean_eval": {
    "f-score": 21.037868162692845,
    "precision": 35.88516746411483,
    "recall": 14.880952380952381,
    "tp": 75,
    "fp": 134,
    "fn": 429
  },
  "jaccard": [
    0.5217391304347826
  ],
  "braycurtis": [
    0.5276950565812983
  ],
  "dice": [
    0.35294117647058826
  ],
  "cosinus": [
    0.2551536011982426
  ]
}