{
  "voc_eval_res": {
    "precision": 20.3704,
    "recall": 0.9901,
    "f-score": 1.8884
  },
  "KL_res": {
    "KL divergence": 4.474525842026374,
    "Euclidean Dist.": 0.5974688933980893,
    "WER": 0.9846972721224219,
    "CER": 0.8295297052573224,
    "Cosine Dist.": 0.9578882601501667
  },
  "occ_eval_res": {
    "precision": 8.5443,
    "recall": 1.7964,
    "f-score": 2.9687
  },
  "clean_eval": {
    "f-score": 0.44893378226711567,
    "precision": 0.2728512960436562,
    "recall": 1.2658227848101267,
    "tp": 4,
    "fp": 1462,
    "fn": 312
  },
  "jaccard": [
    0.8571850975753992
  ],
  "braycurtis": [
    0.8020345433255269
  ],
  "dice": [
    0.7500646830530401
  ],
  "cosinus": [
    0.6818352899105522
  ]
}