{
  "voc_eval_res": {
    "precision": 36.3636,
    "recall": 2.7682,
    "f-score": 5.1447
  },
  "KL_res": {
    "KL divergence": 5.142975545147469,
    "Euclidean Dist.": 0.4211314963812272,
    "WER": 0.9751461988304093,
    "CER": 0.876477854243868,
    "Cosine Dist.": 0.7905076435170408
  },
  "occ_eval_res": {
    "precision": 23.2323,
    "recall": 3.3626,
    "f-score": 5.8748
  },
  "clean_eval": {
    "f-score": 2.906208718626156,
    "precision": 1.669195751138088,
    "recall": 11.224489795918368,
    "tp": 11,
    "fp": 648,
    "fn": 87
  },
  "jaccard": [
    0.8625415282392026
  ],
  "braycurtis": [
    0.794790246857489
  ],
  "dice": [
    0.7583059510770355
  ],
  "cosinus": [
    0.49138482679023354
  ]
}