{
  "voc_eval_res": {
    "precision": 41.9355,
    "recall": 2.4164,
    "f-score": 4.5694
  },
  "KL_res": {
    "KL divergence": 5.339823755550734,
    "Euclidean Dist.": 0.5559961913325818,
    "WER": 0.9731743666169895,
    "CER": 0.8617616580310881,
    "Cosine Dist.": 0.7972636846435126
  },
  "occ_eval_res": {
    "precision": 25.3165,
    "recall": 2.9806,
    "f-score": 5.3333
  },
  "clean_eval": {
    "f-score": 3.319502074688797,
    "precision": 1.8575851393188854,
    "recall": 15.584415584415584,
    "tp": 12,
    "fp": 634,
    "fn": 65
  },
  "jaccard": [
    0.8541284403669724
  ],
  "braycurtis": [
    0.7770520741394528
  ],
  "dice": [
    0.745396317053643
  ],
  "cosinus": [
    0.4930507055394655
  ]
}