{
  "voc_eval_res": {
    "precision": 36.3636,
    "recall": 8.0537,
    "f-score": 13.1868
  },
  "KL_res": {
    "KL divergence": 4.554729139125132,
    "Euclidean Dist.": 0.434727506917293,
    "WER": 0.8387096774193549,
    "CER": 0.5812146892655368,
    "Cosine Dist.": 0.18310992350709698
  },
  "occ_eval_res": {
    "precision": 37.8049,
    "recall": 16.6667,
    "f-score": 23.1343
  },
  "clean_eval": {
    "f-score": 22.834645669291337,
    "precision": 16.666666666666664,
    "recall": 36.25,
    "tp": 29,
    "fp": 145,
    "fn": 51
  },
  "jaccard": [
    0.7166504381694255
  ],
  "braycurtis": [
    0.43331856446610545
  ],
  "dice": [
    0.5584218512898331
  ],
  "cosinus": [
    0.1590671190830294
  ]
}