{
  "voc_eval_res": {
    "precision": 34.4262,
    "recall": 32.8125,
    "f-score": 33.6
  },
  "KL_res": {
    "KL divergence": 1.608710413032405,
    "Euclidean Dist.": 0.1607384756267592,
    "WER": 1.1547619047619047,
    "CER": 0.9361702127659575,
    "Cosine Dist.": 0.11375530382709309
  },
  "occ_eval_res": {
    "precision": 36.3636,
    "recall": 57.1429,
    "f-score": 44.4444
  },
  "clean_eval": {
    "f-score": 9.841269841269842,
    "precision": 12.601626016260163,
    "recall": 8.072916666666668,
    "tp": 31,
    "fp": 215,
    "fn": 353
  },
  "jaccard": [
    0.5024752475247525
  ],
  "braycurtis": [
    0.34588973906219345
  ],
  "dice": [
    0.33553719008264465
  ],
  "cosinus": [
    0.062041954608611505
  ]
}