{
  "voc_eval_res": {
    "precision": 50.9174,
    "recall": 20.1452,
    "f-score": 28.8687
  },
  "KL_res": {
    "KL divergence": 2.909246695549955,
    "Euclidean Dist.": 0.2098634933282152,
    "WER": 0.7872340425531915,
    "CER": 0.5811185390510354,
    "Cosine Dist.": 0.6058504458306683
  },
  "occ_eval_res": {
    "precision": 51.0081,
    "recall": 25.6332,
    "f-score": 34.12
  },
  "clean_eval": {
    "f-score": 17.56569847856155,
    "precision": 13.242961418143901,
    "recall": 26.07802874743326,
    "tp": 127,
    "fp": 832,
    "fn": 360
  },
  "jaccard": [
    0.583552384528727
  ],
  "braycurtis": [
    0.33170493404982904
  ],
  "dice": [
    0.411983032873807
  ],
  "cosinus": [
    0.14057079437218412
  ]
}