{
  "voc_eval_res": {
    "precision": 45.303,
    "recall": 37.9924,
    "f-score": 41.3269
  },
  "KL_res": {
    "KL divergence": 1.2015250821166776,
    "Euclidean Dist.": 0.12002048813435748,
    "WER": 0.7776781712236666,
    "CER": 0.5944602272727273,
    "Cosine Dist.": 0.15295079635682318
  },
  "occ_eval_res": {
    "precision": 50.4985,
    "recall": 59.0318,
    "f-score": 54.4327
  },
  "clean_eval": {
    "f-score": 26.660933132659643,
    "precision": 28.890959925442683,
    "recall": 24.75049900199601,
    "tp": 620,
    "fp": 1526,
    "fn": 1885
  },
  "jaccard": [
    0.44984056904586706
  ],
  "braycurtis": [
    0.21751936833246702
  ],
  "dice": [
    0.2901898734177215
  ],
  "cosinus": [
    0.09729947449309673
  ]
}