{
  "voc_eval_res": {
    "precision": 46.9745,
    "recall": 40.411,
    "f-score": 43.4462
  },
  "KL_res": {
    "KL divergence": 1.20255726595363,
    "Euclidean Dist.": 0.0789785785090339,
    "WER": 0.6861520998864926,
    "CER": 0.510798992977342,
    "Cosine Dist.": 0.1343554624422043
  },
  "occ_eval_res": {
    "precision": 55.1451,
    "recall": 59.3076,
    "f-score": 57.1507
  },
  "clean_eval": {
    "f-score": 38.25136612021858,
    "precision": 39.67780429594272,
    "recall": 36.923931149361465,
    "tp": 665,
    "fp": 1011,
    "fn": 1136
  },
  "jaccard": [
    0.42955589586523735
  ],
  "braycurtis": [
    0.184149400724705
  ],
  "dice": [
    0.2735251097025841
  ],
  "cosinus": [
    0.04293487959820752
  ]
}