{
  "voc_eval_res": {
    "precision": 49.6296,
    "recall": 44.9062,
    "f-score": 47.1499
  },
  "KL_res": {
    "KL divergence": 0.8376626565634089,
    "Euclidean Dist.": 0.0682495462249626,
    "WER": 0.6211180124223602,
    "CER": 0.400629578061626,
    "Cosine Dist.": 0.10457234857072917
  },
  "occ_eval_res": {
    "precision": 56.2064,
    "recall": 68.2665,
    "f-score": 61.6522
  },
  "clean_eval": {
    "f-score": 41.817155756207676,
    "precision": 45.96774193548387,
    "recall": 38.35403726708074,
    "tp": 741,
    "fp": 871,
    "fn": 1191
  },
  "jaccard": [
    0.3631905007743934
  ],
  "braycurtis": [
    0.17148799912422344
  ],
  "dice": [
    0.2218892919097934
  ],
  "cosinus": [
    0.03745788808591155
  ]
}