{
  "voc_eval_res": {
    "precision": 40.2299,
    "recall": 17.9487,
    "f-score": 24.8227
  },
  "KL_res": {
    "KL divergence": 3.0481737357705696,
    "Euclidean Dist.": 0.2664770663227899,
    "WER": 0.8135048231511254,
    "CER": 0.6678832116788321,
    "Cosine Dist.": 0.1133986680963055
  },
  "occ_eval_res": {
    "precision": 51.9774,
    "recall": 29.582,
    "f-score": 37.7049
  },
  "clean_eval": {
    "f-score": 27.510917030567683,
    "precision": 21.72413793103448,
    "recall": 37.5,
    "tp": 63,
    "fp": 227,
    "fn": 105
  },
  "jaccard": [
    0.6199538638985006
  ],
  "braycurtis": [
    0.37645937574457944
  ],
  "dice": [
    0.44922691182615965
  ],
  "cosinus": [
    0.10307768919724658
  ]
}