{
  "voc_eval_res": {
    "precision": 0.829,
    "recall": 25.8065,
    "f-score": 1.6064
  },
  "KL_res": {
    "KL divergence": 5.391397651976025,
    "Euclidean Dist.": 0.21116500768735963,
    "WER": 133.70967741935485,
    "CER": 175.51502145922746,
    "Cosine Dist.": 0.6886219738181703
  },
  "occ_eval_res": {
    "precision": 0.1927,
    "recall": 25.8065,
    "f-score": 0.3825
  },
  "clean_eval": {
    "f-score": 0.24734108335394506,
    "precision": 17.24137931034483,
    "recall": 0.1245640259093174,
    "tp": 5,
    "fp": 24,
    "fn": 4009
  },
  "jaccard": [
    0.9204883859440143
  ],
  "braycurtis": [
    0.9900195742007202
  ],
  "dice": [
    0.8526896551724138
  ],
  "cosinus": [
    0.3842216294197035
  ]
}