{
  "voc_eval_res": {
    "precision": 81.3953,
    "recall": 36.4583,
    "f-score": 50.3597
  },
  "KL_res": {
    "KL divergence": 3.404868603801061,
    "Euclidean Dist.": 0.32525750981640056,
    "WER": 0.690251572327044,
    "CER": 0.725921431821629,
    "Cosine Dist.": 0.5930082580545593
  },
  "occ_eval_res": {
    "precision": 80.6452,
    "recall": 35.3774,
    "f-score": 49.1803
  },
  "clean_eval": {
    "f-score": 19.288174512055107,
    "precision": 13.77049180327869,
    "recall": 32.18390804597701,
    "tp": 84,
    "fp": 526,
    "fn": 177
  },
  "jaccard": [
    0.48573631457208943
  ],
  "braycurtis": [
    0.5572053406998159
  ],
  "dice": [
    0.32077393075356414
  ],
  "cosinus": [
    0.416121190233377
  ]
}