{
  "voc_eval_res": {
    "precision": 78.5047,
    "recall": 31.6981,
    "f-score": 45.1613
  },
  "KL_res": {
    "KL divergence": 1.9734061525167175,
    "Euclidean Dist.": 0.1480987242883258,
    "WER": 0.6057142857142858,
    "CER": 0.5526440037771483,
    "Cosine Dist.": 0.1645464111404178
  },
  "occ_eval_res": {
    "precision": 83.6364,
    "recall": 43.8095,
    "f-score": 57.5
  },
  "clean_eval": {
    "f-score": 32.10191082802548,
    "precision": 24.466019417475728,
    "recall": 46.666666666666664,
    "tp": 126,
    "fp": 389,
    "fn": 144
  },
  "jaccard": [
    0.51440329218107
  ],
  "braycurtis": [
    0.3570654697415261
  ],
  "dice": [
    0.3462603878116344
  ],
  "cosinus": [
    0.1804885221971192
  ]
}