{
  "voc_eval_res": {
    "precision": 6.1384,
    "recall": 19.0807,
    "f-score": 9.2886
  },
  "KL_res": {
    "KL divergence": 0.9486484175841974,
    "Euclidean Dist.": 0.07521345843257132,
    "WER": 0.8658599336397026,
    "CER": 0.4071973568804859,
    "Cosine Dist.": 0.19274572031614978
  },
  "occ_eval_res": {
    "precision": 30.1694,
    "recall": 32.4456,
    "f-score": 31.2661
  },
  "clean_eval": {
    "f-score": 9.83761043331931,
    "precision": 10.771271695471128,
    "recall": 9.052898909811695,
    "tp": 5846,
    "fp": 48428,
    "fn": 58730
  },
  "jaccard": [
    0.7713686418458311
  ],
  "braycurtis": [
    0.32458589299419927
  ],
  "dice": [
    0.6278275714895433
  ],
  "cosinus": [
    0.07119361863360385
  ]
}