{
  "voc_eval_res": {
    "precision": 75.0444,
    "recall": 92.1986,
    "f-score": 82.7417
  },
  "KL_res": {
    "KL divergence": 0.02599089516905711,
    "Euclidean Dist.": 0.012321715392754964,
    "WER": 0.1109671924626058,
    "CER": 0.055378233831666,
    "Cosine Dist.": 0.0034969369871397094
  },
  "occ_eval_res": {
    "precision": 91.6671,
    "recall": 94.4126,
    "f-score": 93.0196
  },
  "clean_eval": {
    "f-score": 82.52355870866029,
    "precision": 84.87120905037403,
    "recall": 80.30229071510756,
    "tp": 46063,
    "fp": 8211,
    "fn": 11299
  },
  "jaccard": [
    0.5512894454972398
  ],
  "braycurtis": [
    0.08764961380169276
  ],
  "dice": [
    0.38053801967809814
  ],
  "cosinus": [
    0.008593729792132687
  ]
}