{
  "voc_eval_res": {
    "precision": 4.2424,
    "recall": 2.1875,
    "f-score": 2.8866
  },
  "KL_res": {
    "KL divergence": 5.382268019692447,
    "Euclidean Dist.": 0.14838763815300526,
    "WER": 0.9877675840978594,
    "CER": 0.7640156453715776,
    "Cosine Dist.": 0.9465191329592768
  },
  "occ_eval_res": {
    "precision": 2.9032,
    "recall": 2.7523,
    "f-score": 2.8257
  },
  "clean_eval": {
    "f-score": 1.0204081632653061,
    "precision": 0.9463722397476341,
    "recall": 1.107011070110701,
    "tp": 3,
    "fp": 314,
    "fn": 268
  },
  "jaccard": [
    0.6788598574821852
  ],
  "braycurtis": [
    0.5496435402538689
  ],
  "dice": [
    0.513843941028407
  ],
  "cosinus": [
    0.34451174214346136
  ]
}