{
  "voc_eval_res": {
    "precision": 59.3023,
    "recall": 20.6478,
    "f-score": 30.6306
  },
  "KL_res": {
    "KL divergence": 3.1479742629143903,
    "Euclidean Dist.": 0.2608830958612013,
    "WER": 0.7330827067669173,
    "CER": 0.7080957810718358,
    "Cosine Dist.": 0.42761546156722097
  },
  "occ_eval_res": {
    "precision": 60.9319,
    "recall": 31.9549,
    "f-score": 41.9236
  },
  "clean_eval": {
    "f-score": 15.810276679841898,
    "precision": 12.048192771084338,
    "recall": 22.988505747126435,
    "tp": 60,
    "fp": 438,
    "fn": 201
  },
  "jaccard": [
    0.5643421998562186
  ],
  "braycurtis": [
    0.5184832835009513
  ],
  "dice": [
    0.3930896344516775
  ],
  "cosinus": [
    0.37794853112217863
  ]
}