{
  "voc_eval_res": {
    "precision": 67.0588,
    "recall": 37.013,
    "f-score": 47.6987
  },
  "KL_res": {
    "KL divergence": 1.2623362467281403,
    "Euclidean Dist.": 0.11144257151126911,
    "WER": 0.5374592833876222,
    "CER": 0.35488069414316703,
    "Cosine Dist.": 0.04433280232273873
  },
  "occ_eval_res": {
    "precision": 78.7879,
    "recall": 59.2834,
    "f-score": 67.658
  },
  "clean_eval": {
    "f-score": 42.173913043478265,
    "precision": 36.60377358490566,
    "recall": 49.743589743589745,
    "tp": 97,
    "fp": 168,
    "fn": 98
  },
  "jaccard": [
    0.4470046082949309
  ],
  "braycurtis": [
    0.20527790751985053
  ],
  "dice": [
    0.2878338278931751
  ],
  "cosinus": [
    0.05471695269170618
  ]
}