{
  "voc_eval_res": {
    "precision": 54.0541,
    "recall": 42.5532,
    "f-score": 47.619
  },
  "KL_res": {
    "KL divergence": 1.583965670060071,
    "Euclidean Dist.": 0.1053071117328302,
    "WER": 0.7542087542087542,
    "CER": 0.581254724111867,
    "Cosine Dist.": 0.12396204660251187
  },
  "occ_eval_res": {
    "precision": 56.0284,
    "recall": 53.1987,
    "f-score": 54.5769
  },
  "clean_eval": {
    "f-score": 21.09090909090909,
    "precision": 20.938628158844764,
    "recall": 21.245421245421245,
    "tp": 58,
    "fp": 219,
    "fn": 215
  },
  "jaccard": [
    0.41865079365079366
  ],
  "braycurtis": [
    0.200979468826521
  ],
  "dice": [
    0.26474278544542035
  ],
  "cosinus": [
    0.03806079785299732
  ]
}