{
  "voc_eval_res": {
    "precision": 35.2941,
    "recall": 2.7907,
    "f-score": 5.1724
  },
  "KL_res": {
    "KL divergence": 5.5630430100699755,
    "Euclidean Dist.": 0.4212221990282641,
    "WER": 0.9438202247191011,
    "CER": 0.7937411095305832,
    "Cosine Dist.": 0.6056617397548865
  },
  "occ_eval_res": {
    "precision": 29.4118,
    "recall": 5.618,
    "f-score": 9.434
  },
  "clean_eval": {
    "f-score": 9.090909090909092,
    "precision": 5.405405405405405,
    "recall": 28.57142857142857,
    "tp": 14,
    "fp": 245,
    "fn": 35
  },
  "jaccard": [
    0.8491147036181679
  ],
  "braycurtis": [
    0.6830102622576967
  ],
  "dice": [
    0.7377926421404682
  ],
  "cosinus": [
    0.3497821220991193
  ]
}