{
  "voc_eval_res": {
    "precision": 48.1481,
    "recall": 20.7447,
    "f-score": 28.9963
  },
  "KL_res": {
    "KL divergence": 3.4085461717734478,
    "Euclidean Dist.": 0.15857185128984963,
    "WER": 0.8445121951219512,
    "CER": 0.7525070196550341,
    "Cosine Dist.": 0.2692451393076002
  },
  "occ_eval_res": {
    "precision": 54.6875,
    "recall": 21.3415,
    "f-score": 30.7018
  },
  "clean_eval": {
    "f-score": 27.89598108747045,
    "precision": 19.471947194719473,
    "recall": 49.166666666666664,
    "tp": 59,
    "fp": 244,
    "fn": 61
  },
  "jaccard": [
    0.5858024691358025
  ],
  "braycurtis": [
    0.46947595894111294
  ],
  "dice": [
    0.4142295940637276
  ],
  "cosinus": [
    0.17821336209670624
  ]
}