{
  "voc_eval_res": {
    "precision": 51.9231,
    "recall": 22.314,
    "f-score": 31.2139
  },
  "KL_res": {
    "KL divergence": 2.699913481054812,
    "Euclidean Dist.": 0.23288556720318931,
    "WER": 0.7858942065491183,
    "CER": 0.6416642250219748,
    "Cosine Dist.": 0.14839333738263627
  },
  "occ_eval_res": {
    "precision": 62.1762,
    "recall": 30.2267,
    "f-score": 40.678
  },
  "clean_eval": {
    "f-score": 37.613019891500905,
    "precision": 27.956989247311824,
    "recall": 57.4585635359116,
    "tp": 104,
    "fp": 268,
    "fn": 77
  },
  "jaccard": [
    0.5237550085861477
  ],
  "braycurtis": [
    0.36860068259385664
  ],
  "dice": [
    0.35478867778208606
  ],
  "cosinus": [
    0.1225069141634989
  ]
}