{
  "voc_eval_res": {
    "precision": 32.4786,
    "recall": 15.7676,
    "f-score": 21.2291
  },
  "KL_res": {
    "KL divergence": 3.2952235944939168,
    "Euclidean Dist.": 0.18088386905183668,
    "WER": 0.8217391304347826,
    "CER": 0.6453761755485894,
    "Cosine Dist.": 0.36081927655414914
  },
  "occ_eval_res": {
    "precision": 36.8243,
    "recall": 23.6957,
    "f-score": 28.836
  },
  "clean_eval": {
    "f-score": 7.194244604316546,
    "precision": 6.25,
    "recall": 8.47457627118644,
    "tp": 25,
    "fp": 375,
    "fn": 270
  },
  "jaccard": [
    0.7391496899911426
  ],
  "braycurtis": [
    0.40074766355140184
  ],
  "dice": [
    0.5862311204776958
  ],
  "cosinus": [
    0.11475924693631012
  ]
}