{
  "voc_eval_res": {
    "precision": 38.3023,
    "recall": 7.1072,
    "f-score": 11.9896
  },
  "KL_res": {
    "KL divergence": 3.0465804748617415,
    "Euclidean Dist.": 0.15387970183501984,
    "WER": 0.9200553250345781,
    "CER": 0.766351418616227,
    "Cosine Dist.": 0.492463771109207
  },
  "occ_eval_res": {
    "precision": 33.8739,
    "recall": 10.4011,
    "f-score": 15.9153
  },
  "clean_eval": {
    "f-score": 7.400722021660651,
    "precision": 4.90724117295033,
    "recall": 15.045871559633028,
    "tp": 164,
    "fp": 3178,
    "fn": 926
  },
  "jaccard": [
    0.6896251089799477
  ],
  "braycurtis": [
    0.5527331189710611
  ],
  "dice": [
    0.5262807717897539
  ],
  "cosinus": [
    0.14369611599786003
  ]
}