{
  "voc_eval_res": {
    "precision": 64.0394,
    "recall": 30.0926,
    "f-score": 40.9449
  },
  "KL_res": {
    "KL divergence": 1.3371132842869857,
    "Euclidean Dist.": 0.1096615466474829,
    "WER": 0.7040498442367601,
    "CER": 0.5373910598819229,
    "Cosine Dist.": 0.0670153749875797
  },
  "occ_eval_res": {
    "precision": 67.1875,
    "recall": 49.1173,
    "f-score": 56.7487
  },
  "clean_eval": {
    "f-score": 28.821548821548827,
    "precision": 25.567502986857825,
    "recall": 33.0246913580247,
    "tp": 214,
    "fp": 623,
    "fn": 434
  },
  "jaccard": [
    0.5506715506715507
  ],
  "braycurtis": [
    0.22139684484607136
  ],
  "dice": [
    0.37994945240101097
  ],
  "cosinus": [
    0.03636516236470433
  ]
}