{
  "voc_eval_res": {
    "precision": 52.5097,
    "recall": 16.8944,
    "f-score": 25.5639
  },
  "KL_res": {
    "KL divergence": 2.125141601165098,
    "Euclidean Dist.": 0.1265952333920655,
    "WER": 0.7910142954390742,
    "CER": 0.6431107954545454,
    "Cosine Dist.": 0.13481353181281674
  },
  "occ_eval_res": {
    "precision": 60.6999,
    "recall": 30.7012,
    "f-score": 40.7776
  },
  "clean_eval": {
    "f-score": 21.532492725509215,
    "precision": 16.679188580015026,
    "recall": 30.36935704514364,
    "tp": 222,
    "fp": 1109,
    "fn": 509
  },
  "jaccard": [
    0.6642838907327036
  ],
  "braycurtis": [
    0.33098242327400956
  ],
  "dice": [
    0.49732415902140675
  ],
  "cosinus": [
    0.057839216095117885
  ]
}