{
  "voc_eval_res": {
    "precision": 78.607,
    "recall": 39.3035,
    "f-score": 52.4046
  },
  "KL_res": {
    "KL divergence": 0.9793653730671708,
    "Euclidean Dist.": 0.11222345670333753,
    "WER": 0.5592515592515592,
    "CER": 0.4835193022957548,
    "Cosine Dist.": 0.0743800433835865
  },
  "occ_eval_res": {
    "precision": 79.2208,
    "recall": 57.0686,
    "f-score": 66.3444
  },
  "clean_eval": {
    "f-score": 46.601941747572816,
    "precision": 40.1673640167364,
    "recall": 55.49132947976878,
    "tp": 384,
    "fp": 572,
    "fn": 308
  },
  "jaccard": [
    0.42723880597014924
  ],
  "braycurtis": [
    0.1938479396401625
  ],
  "dice": [
    0.27164887307236063
  ],
  "cosinus": [
    0.03070395985519947
  ]
}