{
  "voc_eval_res": {
    "precision": 23.5177,
    "recall": 38.4344,
    "f-score": 29.1803
  },
  "KL_res": {
    "KL divergence": 0.4515846534780367,
    "Euclidean Dist.": 0.041121381248932665,
    "WER": 0.617813964964224,
    "CER": 0.24106218930709142,
    "Cosine Dist.": 0.07764821681505485
  },
  "occ_eval_res": {
    "precision": 55.7029,
    "recall": 57.1154,
    "f-score": 56.4003
  },
  "clean_eval": {
    "f-score": 35.40786004269033,
    "precision": 34.98373490654463,
    "recall": 35.8423951419291,
    "tp": 12690,
    "fp": 23584,
    "fn": 22715
  },
  "jaccard": [
    0.6998085063495263
  ],
  "braycurtis": [
    0.21941101396724674
  ],
  "dice": [
    0.5382349521336383
  ],
  "cosinus": [
    0.03525127996446975
  ]
}