{
  "voc_eval_res": {
    "precision": 44.086,
    "recall": 47.6744,
    "f-score": 45.8101
  },
  "KL_res": {
    "KL divergence": 1.5593329279987032,
    "Euclidean Dist.": 0.12668378955965945,
    "WER": 0.7581699346405228,
    "CER": 0.6228143213988343,
    "Cosine Dist.": 0.18044044584577656
  },
  "occ_eval_res": {
    "precision": 48.1283,
    "recall": 58.8235,
    "f-score": 52.9412
  },
  "clean_eval": {
    "f-score": 47.878787878787875,
    "precision": 53.02013422818792,
    "recall": 43.646408839779006,
    "tp": 79,
    "fp": 70,
    "fn": 102
  },
  "jaccard": [
    0.442051282051282
  ],
  "braycurtis": [
    0.2724648141465175
  ],
  "dice": [
    0.2837393021724819
  ],
  "cosinus": [
    0.08225355425684533
  ]
}