{
  "voc_eval_res": {
    "precision": 42.8571,
    "recall": 31.5789,
    "f-score": 36.3636
  },
  "KL_res": {
    "KL divergence": 1.4201190358049978,
    "Euclidean Dist.": 0.11730588566876397,
    "WER": 0.6059322033898306,
    "CER": 0.4442602569415665,
    "Cosine Dist.": 0.03126892939377646
  },
  "occ_eval_res": {
    "precision": 72.9885,
    "recall": 53.8136,
    "f-score": 61.9512
  },
  "clean_eval": {
    "f-score": 44.050632911392405,
    "precision": 38.32599118942731,
    "recall": 51.78571428571429,
    "tp": 87,
    "fp": 140,
    "fn": 81
  },
  "jaccard": [
    0.5812154696132596
  ],
  "braycurtis": [
    0.23475258918296893
  ],
  "dice": [
    0.40965732087227413
  ],
  "cosinus": [
    0.019462682096420325
  ]
}