{
  "voc_eval_res": {
    "precision": 23.9531,
    "recall": 2.9558,
    "f-score": 5.2622
  },
  "KL_res": {
    "KL divergence": 3.0203659289345457,
    "Euclidean Dist.": 0.11535274632076474,
    "WER": 0.9641786570743405,
    "CER": 0.8288543140028288,
    "Cosine Dist.": 0.6027973809701284
  },
  "occ_eval_res": {
    "precision": 24.0712,
    "recall": 4.6613,
    "f-score": 7.8101
  },
  "clean_eval": {
    "f-score": 3.451043338683788,
    "precision": 2.0742884708152434,
    "recall": 10.26252983293556,
    "tp": 129,
    "fp": 6090,
    "fn": 1128
  },
  "jaccard": [
    0.7063037249283668
  ],
  "braycurtis": [
    0.662479165380579
  ],
  "dice": [
    0.5459579180509413
  ],
  "cosinus": [
    0.18447078136067518
  ]
}