{
  "voc_eval_res": {
    "precision": 26.6576,
    "recall": 4.3642,
    "f-score": 7.5005
  },
  "KL_res": {
    "KL divergence": 2.869491906855895,
    "Euclidean Dist.": 0.22990303700739181,
    "WER": 0.9355860612460402,
    "CER": 0.7418543885347797,
    "Cosine Dist.": 0.550708168724686
  },
  "occ_eval_res": {
    "precision": 24.8168,
    "recall": 8.1762,
    "f-score": 12.3
  },
  "clean_eval": {
    "f-score": 2.6679371129109097,
    "precision": 1.792860573075076,
    "recall": 5.211726384364821,
    "tp": 112,
    "fp": 6135,
    "fn": 2037
  },
  "jaccard": [
    0.6745960502692998
  ],
  "braycurtis": [
    0.5394604688008374
  ],
  "dice": [
    0.5089739248222147
  ],
  "cosinus": [
    0.2537360937147587
  ]
}