{
  "voc_eval_res": {
    "precision": 30.7692,
    "recall": 6.0372,
    "f-score": 10.0939
  },
  "KL_res": {
    "KL divergence": 2.948791799001807,
    "Euclidean Dist.": 0.12551589689398776,
    "WER": 0.9331454918032787,
    "CER": 0.7444111232279171,
    "Cosine Dist.": 0.3844286737573268
  },
  "occ_eval_res": {
    "precision": 30.3657,
    "recall": 9.7848,
    "f-score": 14.8005
  },
  "clean_eval": {
    "f-score": 7.157548334018922,
    "precision": 4.651162790697675,
    "recall": 15.521855486173058,
    "tp": 174,
    "fp": 3567,
    "fn": 947
  },
  "jaccard": [
    0.6672464776482867
  ],
  "braycurtis": [
    0.517426273458445
  ],
  "dice": [
    0.5006525711302532
  ],
  "cosinus": [
    0.18098828799960343
  ]
}