{
  "voc_eval_res": {
    "precision": 26.556,
    "recall": 5.2524,
    "f-score": 8.7701
  },
  "KL_res": {
    "KL divergence": 3.5074189495412,
    "Euclidean Dist.": 0.6502605810995005,
    "WER": 0.9577127659574468,
    "CER": 0.7516006984866124,
    "Cosine Dist.": 0.9208150945892128
  },
  "occ_eval_res": {
    "precision": 11.0902,
    "recall": 7.8457,
    "f-score": 9.19
  },
  "clean_eval": {
    "f-score": 3.359130577968055,
    "precision": 2.9522431259044866,
    "recall": 3.896103896103896,
    "tp": 102,
    "fp": 3353,
    "fn": 2516
  },
  "jaccard": [
    0.7083181983290955
  ],
  "braycurtis": [
    0.6853885858264634
  ],
  "dice": [
    0.5483689538807649
  ],
  "cosinus": [
    0.7872683793198781
  ]
}