{
  "voc_eval_res": {
    "precision": 67.6923,
    "recall": 47.8261,
    "f-score": 56.051
  },
  "KL_res": {
    "KL divergence": 1.3097458134233593,
    "Euclidean Dist.": 0.13246113935156953,
    "WER": 0.5497076023391813,
    "CER": 0.3873325213154689,
    "Cosine Dist.": 0.03201068844646249
  },
  "occ_eval_res": {
    "precision": 77.4436,
    "recall": 60.2339,
    "f-score": 67.7632
  },
  "clean_eval": {
    "f-score": 53.874538745387454,
    "precision": 48.99328859060403,
    "recall": 59.83606557377049,
    "tp": 73,
    "fp": 76,
    "fn": 49
  },
  "jaccard": [
    0.35522066738428415
  ],
  "braycurtis": [
    0.17798594847775176
  ],
  "dice": [
    0.21596858638743455
  ],
  "cosinus": [
    0.02809481144905579
  ]
}