{
  "voc_eval_res": {
    "precision": 23.9437,
    "recall": 1.7617,
    "f-score": 3.2819
  },
  "KL_res": {
    "KL divergence": 4.868198078730014,
    "Euclidean Dist.": 0.32764156456093096,
    "WER": 0.9725274725274725,
    "CER": 0.8482958342615282,
    "Cosine Dist.": 0.8368844620313588
  },
  "occ_eval_res": {
    "precision": 23.4742,
    "recall": 3.4341,
    "f-score": 5.9916
  },
  "clean_eval": {
    "f-score": 0.6406149903907752,
    "precision": 0.370919881305638,
    "recall": 2.3474178403755865,
    "tp": 5,
    "fp": 1343,
    "fn": 208
  },
  "jaccard": [
    0.8344649207888781
  ],
  "braycurtis": [
    0.7397172822617419
  ],
  "dice": [
    0.7159500693481275
  ],
  "cosinus": [
    0.36547801169211713
  ]
}