{
  "voc_eval_res": {
    "precision": 17.9487,
    "recall": 0.6598,
    "f-score": 1.2727
  },
  "KL_res": {
    "KL divergence": 5.768060275654605,
    "Euclidean Dist.": 0.33813822112076175,
    "WER": 0.9927140255009107,
    "CER": 0.9066626948664482,
    "Cosine Dist.": 0.9716285535550838
  },
  "occ_eval_res": {
    "precision": 18.1034,
    "recall": 0.9563,
    "f-score": 1.8166
  },
  "clean_eval": {
    "f-score": 1.0894235133908308,
    "precision": 0.5738880918220948,
    "recall": 10.714285714285714,
    "tp": 12,
    "fp": 2079,
    "fn": 100
  },
  "jaccard": [
    0.8994353320785158
  ],
  "braycurtis": [
    0.8435904094174673
  ],
  "dice": [
    0.8172489616418275
  ],
  "cosinus": [
    0.5490686526009434
  ]
}