{
  "voc_eval_res": {
    "precision": 13.5802,
    "recall": 19.1304,
    "f-score": 15.8845
  },
  "KL_res": {
    "KL divergence": 3.305158685799816,
    "Euclidean Dist.": 0.06834527951189948,
    "WER": 1.3530864197530865,
    "CER": 1.1506818689917282,
    "Cosine Dist.": 0.41275308242337727
  },
  "occ_eval_res": {
    "precision": 16.5033,
    "recall": 24.9383,
    "f-score": 19.8623
  },
  "clean_eval": {
    "f-score": 9.871244635193133,
    "precision": 12.20159151193634,
    "recall": 8.288288288288289,
    "tp": 46,
    "fp": 331,
    "fn": 509
  },
  "jaccard": [
    0.5360977415771936
  ],
  "braycurtis": [
    0.39124910664654966
  ],
  "dice": [
    0.36621143146181084
  ],
  "cosinus": [
    0.05123478905476597
  ]
}