{
  "voc_eval_res": {
    "precision": 30.0885,
    "recall": 16.5049,
    "f-score": 21.3166
  },
  "KL_res": {
    "KL divergence": 2.734931188758192,
    "Euclidean Dist.": 0.1365967221018395,
    "WER": 0.8929219600725953,
    "CER": 0.6765098283376323,
    "Cosine Dist.": 0.740787330443165
  },
  "occ_eval_res": {
    "precision": 32.5,
    "recall": 17.3019,
    "f-score": 22.5819
  },
  "clean_eval": {
    "f-score": 13.76518218623482,
    "precision": 10.625,
    "recall": 19.54022988505747,
    "tp": 170,
    "fp": 1430,
    "fn": 700
  },
  "jaccard": [
    0.6054888507718696
  ],
  "braycurtis": [
    0.35653285604704676
  ],
  "dice": [
    0.43419434194341944
  ],
  "cosinus": [
    0.14619243747713195
  ]
}