{
  "voc_eval_res": {
    "precision": 41.9255,
    "recall": 20.2703,
    "f-score": 27.3279
  },
  "KL_res": {
    "KL divergence": 2.6489378750694024,
    "Euclidean Dist.": 0.10228844411675758,
    "WER": 0.8315789473684211,
    "CER": 0.626779530588688,
    "Cosine Dist.": 0.49791505452456486
  },
  "occ_eval_res": {
    "precision": 45.1786,
    "recall": 24.2105,
    "f-score": 31.5265
  },
  "clean_eval": {
    "f-score": 21.145975443383357,
    "precision": 16.595289079229122,
    "recall": 29.135338345864664,
    "tp": 155,
    "fp": 779,
    "fn": 377
  },
  "jaccard": [
    0.640499306518724
  ],
  "braycurtis": [
    0.33524744994333205
  ],
  "dice": [
    0.47112834115486635
  ],
  "cosinus": [
    0.08171629366356814
  ]
}