{
  "voc_eval_res": {
    "precision": 34.8774,
    "recall": 22.069,
    "f-score": 27.0327
  },
  "KL_res": {
    "KL divergence": 2.183692085084768,
    "Euclidean Dist.": 0.08611544365137262,
    "WER": 0.8035502958579882,
    "CER": 0.6332031976203756,
    "Cosine Dist.": 0.19696758433530615
  },
  "occ_eval_res": {
    "precision": 47.1891,
    "recall": 32.7811,
    "f-score": 38.6872
  },
  "clean_eval": {
    "f-score": 21.91582002902758,
    "precision": 18.875,
    "recall": 26.124567474048444,
    "tp": 151,
    "fp": 649,
    "fn": 427
  },
  "jaccard": [
    0.6344428364688857
  ],
  "braycurtis": [
    0.33452729838272005
  ],
  "dice": [
    0.4646036456125477
  ],
  "cosinus": [
    0.08338829672662784
  ]
}