{
  "voc_eval_res": {
    "precision": 60.8187,
    "recall": 32.5,
    "f-score": 42.3625
  },
  "KL_res": {
    "KL divergence": 3.829143197720045,
    "Euclidean Dist.": 0.25393475227360895,
    "WER": 0.8002560819462228,
    "CER": 0.6211373669176837,
    "Cosine Dist.": 0.6923947641753094
  },
  "occ_eval_res": {
    "precision": 69.0909,
    "recall": 24.3278,
    "f-score": 35.9848
  },
  "clean_eval": {
    "f-score": 23.046875,
    "precision": 15.62913907284768,
    "recall": 43.866171003717476,
    "tp": 118,
    "fp": 637,
    "fn": 151
  },
  "jaccard": [
    0.548213411649535
  ],
  "braycurtis": [
    0.40442930153321976
  ],
  "dice": [
    0.37761294672960216
  ],
  "cosinus": [
    0.3484093386342306
  ]
}