{
  "voc_eval_res": {
    "precision": 33.9241,
    "recall": 23.4266,
    "f-score": 27.7146
  },
  "KL_res": {
    "KL divergence": 2.3562591658437206,
    "Euclidean Dist.": 0.0959940634487784,
    "WER": 0.8376550169109357,
    "CER": 0.6507451280091708,
    "Cosine Dist.": 0.33752886581252384
  },
  "occ_eval_res": {
    "precision": 44.7863,
    "recall": 29.5378,
    "f-score": 35.5978
  },
  "clean_eval": {
    "f-score": 17.585484996510814,
    "precision": 14.736842105263156,
    "recall": 21.79930795847751,
    "tp": 126,
    "fp": 729,
    "fn": 452
  },
  "jaccard": [
    0.6238344988344988
  ],
  "braycurtis": [
    0.3372246696035242
  ],
  "dice": [
    0.4533135718822782
  ],
  "cosinus": [
    0.08088884525647388
  ]
}