{
  "voc_eval_res": {
    "precision": 54.9708,
    "recall": 24.9337,
    "f-score": 34.3066
  },
  "KL_res": {
    "KL divergence": 2.2836327537008083,
    "Euclidean Dist.": 0.11074965511073594,
    "WER": 0.7335701598579041,
    "CER": 0.5891384702871766,
    "Cosine Dist.": 0.09248946369049704
  },
  "occ_eval_res": {
    "precision": 63.9344,
    "recall": 34.6359,
    "f-score": 44.9309
  },
  "clean_eval": {
    "f-score": 23.636363636363637,
    "precision": 18.019801980198018,
    "recall": 34.33962264150943,
    "tp": 91,
    "fp": 414,
    "fn": 174
  },
  "jaccard": [
    0.6175851914177535
  ],
  "braycurtis": [
    0.39474605954465847
  ],
  "dice": [
    0.44674376141205113
  ],
  "cosinus": [
    0.1372458259212127
  ]
}