{
  "voc_eval_res": {
    "precision": 57.8947,
    "recall": 25.0,
    "f-score": 34.9206
  },
  "KL_res": {
    "KL divergence": 3.1821581620475343,
    "Euclidean Dist.": 0.3512080428617997,
    "WER": 0.7215189873417721,
    "CER": 0.4546783625730994,
    "Cosine Dist.": 0.3233262979369085
  },
  "occ_eval_res": {
    "precision": 52.8302,
    "recall": 35.443,
    "f-score": 42.4242
  },
  "clean_eval": {
    "f-score": 42.3728813559322,
    "precision": 37.3134328358209,
    "recall": 49.01960784313725,
    "tp": 25,
    "fp": 42,
    "fn": 26
  },
  "jaccard": [
    0.6138613861386139
  ],
  "braycurtis": [
    0.2837055417700579
  ],
  "dice": [
    0.44285714285714284
  ],
  "cosinus": [
    0.08292769756969842
  ]
}