{
  "voc_eval_res": {
    "precision": 59.0361,
    "recall": 33.7931,
    "f-score": 42.9825
  },
  "KL_res": {
    "KL divergence": 2.5556440723961584,
    "Euclidean Dist.": 0.27536045390510117,
    "WER": 0.7027027027027027,
    "CER": 0.45919778699861685,
    "Cosine Dist.": 0.4568675043831155
  },
  "occ_eval_res": {
    "precision": 47.0085,
    "recall": 44.5946,
    "f-score": 45.7698
  },
  "clean_eval": {
    "f-score": 20.949720670391063,
    "precision": 20.491803278688526,
    "recall": 21.428571428571427,
    "tp": 75,
    "fp": 291,
    "fn": 275
  },
  "jaccard": [
    0.4212880143112701
  ],
  "braycurtis": [
    0.2859106529209622
  ],
  "dice": [
    0.2668555240793201
  ],
  "cosinus": [
    0.2052548204549487
  ]
}