{
  "voc_eval_res": {
    "precision": 52.6316,
    "recall": 21.978,
    "f-score": 31.0078
  },
  "KL_res": {
    "KL divergence": 5.5230070808845015,
    "Euclidean Dist.": 0.4469780168458462,
    "WER": 0.827433628318584,
    "CER": 0.6888392857142858,
    "Cosine Dist.": 0.7757782513542111
  },
  "occ_eval_res": {
    "precision": 56.71,
    "recall": 19.3215,
    "f-score": 28.8229
  },
  "clean_eval": {
    "f-score": 8.67630700778643,
    "precision": 5.812220566318927,
    "recall": 17.105263157894736,
    "tp": 39,
    "fp": 632,
    "fn": 189
  },
  "jaccard": [
    0.5810055865921788
  ],
  "braycurtis": [
    0.524696107093399
  ],
  "dice": [
    0.4094488188976378
  ],
  "cosinus": [
    0.5893645397712086
  ]
}