{
  "voc_eval_res": {
    "precision": 71.4286,
    "recall": 47.8261,
    "f-score": 57.2917
  },
  "KL_res": {
    "KL divergence": 2.4175553421157803,
    "Euclidean Dist.": 0.36528193625638017,
    "WER": 0.6460176991150443,
    "CER": 0.4794891640866873,
    "Cosine Dist.": 0.5375104666666385
  },
  "occ_eval_res": {
    "precision": 52.5223,
    "recall": 52.2124,
    "f-score": 52.3669
  },
  "clean_eval": {
    "f-score": 29.22374429223744,
    "precision": 29.09090909090909,
    "recall": 29.357798165137616,
    "tp": 96,
    "fp": 234,
    "fn": 231
  },
  "jaccard": [
    0.35477582846003897
  ],
  "braycurtis": [
    0.2866642039157739
  ],
  "dice": [
    0.2156398104265403
  ],
  "cosinus": [
    0.22161457268832008
  ]
}