{
  "voc_eval_res": {
    "precision": 35.3211,
    "recall": 3.2599,
    "f-score": 5.969
  },
  "KL_res": {
    "KL divergence": 3.8977464905630104,
    "Euclidean Dist.": 0.2048581268064173,
    "WER": 0.9616270145817345,
    "CER": 0.8676218466813618,
    "Cosine Dist.": 0.8654721529563386
  },
  "occ_eval_res": {
    "precision": 35.0806,
    "recall": 4.4513,
    "f-score": 7.9001
  },
  "clean_eval": {
    "f-score": 1.509985387238188,
    "precision": 0.8565902182923459,
    "recall": 6.365503080082135,
    "tp": 31,
    "fp": 3588,
    "fn": 456
  },
  "jaccard": [
    0.7770472205618649
  ],
  "braycurtis": [
    0.7536861872304911
  ],
  "dice": [
    0.635386119257087
  ],
  "cosinus": [
    0.2069910756840686
  ]
}