{
  "voc_eval_res": {
    "precision": 45.7627,
    "recall": 2.6367,
    "f-score": 4.9861
  },
  "KL_res": {
    "KL divergence": 3.9204670627108933,
    "Euclidean Dist.": 0.2198245466084561,
    "WER": 0.9658776513987088,
    "CER": 0.9004088478876192,
    "Cosine Dist.": 0.7543748523537971
  },
  "occ_eval_res": {
    "precision": 48.3333,
    "recall": 4.4574,
    "f-score": 8.1621
  },
  "clean_eval": {
    "f-score": 2.136349355953503,
    "precision": 1.1659807956104253,
    "recall": 12.734082397003746,
    "tp": 34,
    "fp": 2882,
    "fn": 233
  },
  "jaccard": [
    0.8475009120758847
  ],
  "braycurtis": [
    0.8103043418205258
  ],
  "dice": [
    0.7353592909148464
  ],
  "cosinus": [
    0.22226291558795663
  ]
}