{
  "voc_eval_res": {
    "precision": 32.9545,
    "recall": 2.4555,
    "f-score": 4.5705
  },
  "KL_res": {
    "KL divergence": 3.8997476190598666,
    "Euclidean Dist.": 0.17755520996466942,
    "WER": 0.9726272704016372,
    "CER": 0.9017879010531472,
    "Cosine Dist.": 0.869794439224607
  },
  "occ_eval_res": {
    "precision": 37.5723,
    "recall": 3.3257,
    "f-score": 6.1105
  },
  "clean_eval": {
    "f-score": 1.1627906976744187,
    "precision": 0.6355346780878696,
    "recall": 6.824925816023739,
    "tp": 23,
    "fp": 3596,
    "fn": 314
  },
  "jaccard": [
    0.7979170839174845
  ],
  "braycurtis": [
    0.8173042026566015
  ],
  "dice": [
    0.6637787404198601
  ],
  "cosinus": [
    0.18573995040177038
  ]
}