{
  "voc_eval_res": {
    "precision": 30.7246,
    "recall": 8.8333,
    "f-score": 13.7217
  },
  "KL_res": {
    "KL divergence": 3.256410302739088,
    "Euclidean Dist.": 0.32798622997124766,
    "WER": 0.8666666666666667,
    "CER": 0.6346733382612156,
    "Cosine Dist.": 0.8256673403027455
  },
  "occ_eval_res": {
    "precision": 35.0699,
    "recall": 18.5859,
    "f-score": 24.2958
  },
  "clean_eval": {
    "f-score": 8.06784322713729,
    "precision": 6.192821956368754,
    "recall": 11.571334648257725,
    "tp": 176,
    "fp": 2666,
    "fn": 1345
  },
  "jaccard": [
    0.6701642335766423
  ],
  "braycurtis": [
    0.38753002148906585
  ],
  "dice": [
    0.5039451114922813
  ],
  "cosinus": [
    0.2952369609947878
  ]
}