{
  "voc_eval_res": {
    "precision": 48.2927,
    "recall": 9.3661,
    "f-score": 15.6894
  },
  "KL_res": {
    "KL divergence": 2.998289970397944,
    "Euclidean Dist.": 0.17132659825183216,
    "WER": 0.9078144078144078,
    "CER": 0.7292114145443388,
    "Cosine Dist.": 0.31816721002169357
  },
  "occ_eval_res": {
    "precision": 41.5045,
    "recall": 19.536,
    "f-score": 26.567
  },
  "clean_eval": {
    "f-score": 7.027942421676546,
    "precision": 5.1875,
    "recall": 10.892388451443571,
    "tp": 83,
    "fp": 1517,
    "fn": 679
  },
  "jaccard": [
    0.6931388438681794
  ],
  "braycurtis": [
    0.4254346746150025
  ],
  "dice": [
    0.5303844563869368
  ],
  "cosinus": [
    0.15685656228065403
  ]
}