{
  "voc_eval_res": {
    "precision": 32.4786,
    "recall": 4.4653,
    "f-score": 7.8512
  },
  "KL_res": {
    "KL divergence": 4.612117434741181,
    "Euclidean Dist.": 0.21955994368848497,
    "WER": 0.9538123167155426,
    "CER": 0.7907827359180688,
    "Cosine Dist.": 0.7954729429677778
  },
  "occ_eval_res": {
    "precision": 27.3649,
    "recall": 5.9384,
    "f-score": 9.759
  },
  "clean_eval": {
    "f-score": 2.056555269922879,
    "precision": 1.26883425852498,
    "recall": 5.423728813559322,
    "tp": 16,
    "fp": 1245,
    "fn": 279
  },
  "jaccard": [
    0.7624471200780996
  ],
  "braycurtis": [
    0.6357312831777412
  ],
  "dice": [
    0.6160925585064423
  ],
  "cosinus": [
    0.29859269920919973
  ]
}