{
  "voc_eval_res": {
    "precision": 21.2963,
    "recall": 1.0753,
    "f-score": 2.0472
  },
  "KL_res": {
    "KL divergence": 4.25545982868776,
    "Euclidean Dist.": 0.2672947148884566,
    "WER": 0.983739837398374,
    "CER": 0.9373869155318542,
    "Cosine Dist.": 0.7647194548885681
  },
  "occ_eval_res": {
    "precision": 32.9787,
    "recall": 2.1003,
    "f-score": 3.949
  },
  "clean_eval": {
    "f-score": 2.2207267833109015,
    "precision": 1.1827956989247312,
    "recall": 18.13186813186813,
    "tp": 33,
    "fp": 2757,
    "fn": 149
  },
  "jaccard": [
    0.8433931484502447
  ],
  "braycurtis": [
    0.8892608580741785
  ],
  "dice": [
    0.7291960507757405
  ],
  "cosinus": [
    0.27160926014353826
  ]
}