{
  "voc_eval_res": {
    "precision": 18.4,
    "recall": 1.0947,
    "f-score": 2.0665
  },
  "KL_res": {
    "KL divergence": 4.292007708021394,
    "Euclidean Dist.": 0.23216924064783329,
    "WER": 0.9856724194073592,
    "CER": 0.9269060825420702,
    "Cosine Dist.": 0.7930573744219366
  },
  "occ_eval_res": {
    "precision": 29.0749,
    "recall": 2.1491,
    "f-score": 4.0024
  },
  "clean_eval": {
    "f-score": 0.19243104554201412,
    "precision": 0.10348395998620215,
    "recall": 1.36986301369863,
    "tp": 3,
    "fp": 2896,
    "fn": 216
  },
  "jaccard": [
    0.8430168822626617
  ],
  "braycurtis": [
    0.8707867556424533
  ],
  "dice": [
    0.7286336933863938
  ],
  "cosinus": [
    0.24682726391958576
  ]
}