{
  "voc_eval_res": {
    "precision": 12.1951,
    "recall": 0.7747,
    "f-score": 1.4569
  },
  "KL_res": {
    "KL divergence": 3.5545054190777137,
    "Euclidean Dist.": 0.17849587217666754,
    "WER": 0.9866867621200703,
    "CER": 0.8459372231363118,
    "Cosine Dist.": 0.7248553442947889
  },
  "occ_eval_res": {
    "precision": 10.7652,
    "recall": 2.0849,
    "f-score": 3.4933
  },
  "clean_eval": {
    "f-score": 0.5411499436302142,
    "precision": 0.3267084127416281,
    "recall": 1.574803149606299,
    "tp": 12,
    "fp": 3661,
    "fn": 750
  },
  "jaccard": [
    0.8005686433793664
  ],
  "braycurtis": [
    0.7374346291573279
  ],
  "dice": [
    0.6674568235692516
  ],
  "cosinus": [
    0.2969035195033962
  ]
}