{
  "voc_eval_res": {
    "precision": 22.4599,
    "recall": 1.64,
    "f-score": 3.0568
  },
  "KL_res": {
    "KL divergence": 3.595217677301193,
    "Euclidean Dist.": 0.2420114317411281,
    "WER": 0.9662686567164179,
    "CER": 0.8203654358583936,
    "Cosine Dist.": 0.618311043069893
  },
  "occ_eval_res": {
    "precision": 14.7442,
    "recall": 4.3881,
    "f-score": 6.7633
  },
  "clean_eval": {
    "f-score": 0.3485187951207369,
    "precision": 0.2221516978736909,
    "recall": 0.8083140877598153,
    "tp": 7,
    "fp": 3144,
    "fn": 859
  },
  "jaccard": [
    0.7834295868502887
  ],
  "braycurtis": [
    0.7114616438755577
  ],
  "dice": [
    0.6439656746394011
  ],
  "cosinus": [
    0.40708892630313764
  ]
}