{
  "voc_eval_res": {
    "precision": 45.0,
    "recall": 4.3689,
    "f-score": 7.9646
  },
  "KL_res": {
    "KL divergence": 5.3563283954098155,
    "Euclidean Dist.": 0.32540144739572713,
    "WER": 0.9474474474474475,
    "CER": 0.8124383020730503,
    "Cosine Dist.": 0.8426095586909156
  },
  "occ_eval_res": {
    "precision": 34.5794,
    "recall": 5.5556,
    "f-score": 9.5731
  },
  "clean_eval": {
    "f-score": 3.206997084548105,
    "precision": 1.8835616438356164,
    "recall": 10.784313725490197,
    "tp": 11,
    "fp": 573,
    "fn": 91
  },
  "jaccard": [
    0.8137044967880086
  ],
  "braycurtis": [
    0.6939745295571185
  ],
  "dice": [
    0.6859205776173285
  ],
  "cosinus": [
    0.4380263006274343
  ]
}