{
  "voc_eval_res": {
    "precision": 52.9412,
    "recall": 4.0909,
    "f-score": 7.5949
  },
  "KL_res": {
    "KL divergence": 5.234290475964217,
    "Euclidean Dist.": 0.43346895915944966,
    "WER": 0.9244604316546763,
    "CER": 0.8016453382084096,
    "Cosine Dist.": 0.5065599801569647
  },
  "occ_eval_res": {
    "precision": 43.1373,
    "recall": 7.9137,
    "f-score": 13.3739
  },
  "clean_eval": {
    "f-score": 10.96774193548387,
    "precision": 6.513409961685824,
    "recall": 34.69387755102041,
    "tp": 17,
    "fp": 244,
    "fn": 32
  },
  "jaccard": [
    0.8533635676492819
  ],
  "braycurtis": [
    0.6853146853146853
  ],
  "dice": [
    0.7442320369149638
  ],
  "cosinus": [
    0.35082109452991506
  ]
}