{
  "voc_eval_res": {
    "precision": 53.7832,
    "recall": 54.4513,
    "f-score": 54.1152
  },
  "KL_res": {
    "KL divergence": 0.7013997817801005,
    "Euclidean Dist.": 0.04083911400369924,
    "WER": 0.6632548618219037,
    "CER": 0.552471304755212,
    "Cosine Dist.": 0.012419481231982776
  },
  "occ_eval_res": {
    "precision": 65.5075,
    "recall": 71.3408,
    "f-score": 68.2999
  },
  "clean_eval": {
    "f-score": 44.03292181069959,
    "precision": 46.12068965517241,
    "recall": 42.125984251968504,
    "tp": 428,
    "fp": 500,
    "fn": 588
  },
  "jaccard": [
    0.31877729257641924
  ],
  "braycurtis": [
    0.1413102328099621
  ],
  "dice": [
    0.18961038961038962
  ],
  "cosinus": [
    0.008580635965833916
  ]
}