{
  "voc_eval_res": {
    "precision": 48.3871,
    "recall": 55.5556,
    "f-score": 51.7241
  },
  "KL_res": {
    "KL divergence": 1.1468049829937075,
    "Euclidean Dist.": 0.09259937855463639,
    "WER": 0.65625,
    "CER": 0.6006051437216339,
    "Cosine Dist.": 0.0851885945440557
  },
  "occ_eval_res": {
    "precision": 58.2888,
    "recall": 68.125,
    "f-score": 62.8242
  },
  "clean_eval": {
    "f-score": 57.39644970414201,
    "precision": 61.78343949044586,
    "recall": 53.591160220994475,
    "tp": 97,
    "fp": 60,
    "fn": 84
  },
  "jaccard": [
    0.4175152749490835
  ],
  "braycurtis": [
    0.2246802627030764
  ],
  "dice": [
    0.26383526383526384
  ],
  "cosinus": [
    0.047863597274282244
  ]
}