{
  "voc_eval_res": {
    "precision": 48.8372,
    "recall": 5.7931,
    "f-score": 10.3576
  },
  "KL_res": {
    "KL divergence": 4.013803672589208,
    "Euclidean Dist.": 0.2850754725296909,
    "WER": 0.9154411764705882,
    "CER": 0.8255689136968656,
    "Cosine Dist.": 0.6229430623847537
  },
  "occ_eval_res": {
    "precision": 40.1434,
    "recall": 10.2941,
    "f-score": 16.3862
  },
  "clean_eval": {
    "f-score": 2.1621621621621623,
    "precision": 1.3539651837524178,
    "recall": 5.363984674329502,
    "tp": 14,
    "fp": 1020,
    "fn": 247
  },
  "jaccard": [
    0.7518916766228594
  ],
  "braycurtis": [
    0.6883994383994384
  ],
  "dice": [
    0.6024250159540523
  ],
  "cosinus": [
    0.32834359224533904
  ]
}