{
  "voc_eval_res": {
    "precision": 32.7586,
    "recall": 4.3116,
    "f-score": 7.6203
  },
  "KL_res": {
    "KL divergence": 3.765071670484038,
    "Euclidean Dist.": 0.20381139846016694,
    "WER": 0.934589220303506,
    "CER": 0.7993514110260126,
    "Cosine Dist.": 0.4865691418953396
  },
  "occ_eval_res": {
    "precision": 35.5649,
    "recall": 8.8959,
    "f-score": 14.2319
  },
  "clean_eval": {
    "f-score": 2.271734381826125,
    "precision": 1.4285714285714286,
    "recall": 5.543710021321962,
    "tp": 26,
    "fp": 1794,
    "fn": 443
  },
  "jaccard": [
    0.7419994335882186
  ],
  "braycurtis": [
    0.6447957697080883
  ],
  "dice": [
    0.589824403421882
  ],
  "cosinus": [
    0.28973464889663325
  ]
}