{
  "voc_eval_res": {
    "precision": 43.6782,
    "recall": 5.5882,
    "f-score": 9.9087
  },
  "KL_res": {
    "KL divergence": 3.8724517886087497,
    "Euclidean Dist.": 0.24281220531384579,
    "WER": 0.9044585987261147,
    "CER": 0.8138039923311153,
    "Cosine Dist.": 0.43168359481801877
  },
  "occ_eval_res": {
    "precision": 39.172,
    "recall": 13.0573,
    "f-score": 19.586
  },
  "clean_eval": {
    "f-score": 3.4970857618651126,
    "precision": 2.359550561797753,
    "recall": 6.752411575562702,
    "tp": 21,
    "fp": 869,
    "fn": 290
  },
  "jaccard": [
    0.7766407904022583
  ],
  "braycurtis": [
    0.6429389481102986
  ],
  "dice": [
    0.6348428035765792
  ],
  "cosinus": [
    0.2899884624564585
  ]
}