{
  "voc_eval_res": {
    "precision": 51.4157,
    "recall": 66.7502,
    "f-score": 58.088
  },
  "KL_res": {
    "KL divergence": 0.4930581214795503,
    "Euclidean Dist.": 0.03414039579364732,
    "WER": 0.48666023786563806,
    "CER": 0.2854572039140704,
    "Cosine Dist.": 0.026667400135835573
  },
  "occ_eval_res": {
    "precision": 65.5618,
    "recall": 78.2064,
    "f-score": 71.3281
  },
  "clean_eval": {
    "f-score": 57.666373497508076,
    "precision": 64.30205949656751,
    "recall": 52.272123305872974,
    "tp": 1967,
    "fp": 1092,
    "fn": 1796
  },
  "jaccard": [
    0.49723559835919384
  ],
  "braycurtis": [
    0.20207393606589527
  ],
  "dice": [
    0.33088060764300975
  ],
  "cosinus": [
    0.023212491991264295
  ]
}