{
  "voc_eval_res": {
    "precision": 54.4,
    "recall": 27.7551,
    "f-score": 36.7568
  },
  "KL_res": {
    "KL divergence": 2.4690407892841884,
    "Euclidean Dist.": 0.12337651245056995,
    "WER": 0.6729222520107239,
    "CER": 0.5274989963869932,
    "Cosine Dist.": 0.095692343576393
  },
  "occ_eval_res": {
    "precision": 63.4361,
    "recall": 38.6059,
    "f-score": 48.0
  },
  "clean_eval": {
    "f-score": 33.04940374787053,
    "precision": 26.358695652173914,
    "recall": 44.29223744292237,
    "tp": 97,
    "fp": 271,
    "fn": 122
  },
  "jaccard": [
    0.5703828828828829
  ],
  "braycurtis": [
    0.30959537572254336
  ],
  "dice": [
    0.39897597479322566
  ],
  "cosinus": [
    0.07420234954149818
  ]
}