{
  "voc_eval_res": {
    "precision": 57.6,
    "recall": 29.5082,
    "f-score": 39.0244
  },
  "KL_res": {
    "KL divergence": 2.3142180655107327,
    "Euclidean Dist.": 0.11772765522153118,
    "WER": 0.6666666666666666,
    "CER": 0.5401839264294283,
    "Cosine Dist.": 0.089910704331564
  },
  "occ_eval_res": {
    "precision": 65.1982,
    "recall": 39.7849,
    "f-score": 49.4157
  },
  "clean_eval": {
    "f-score": 33.21799307958478,
    "precision": 26.740947075208915,
    "recall": 43.83561643835616,
    "tp": 96,
    "fp": 263,
    "fn": 123
  },
  "jaccard": [
    0.5633640552995391
  ],
  "braycurtis": [
    0.30760342038363764
  ],
  "dice": [
    0.3921411387329591
  ],
  "cosinus": [
    0.07476983196885079
  ]
}