{
  "voc_eval_res": {
    "precision": 26.6667,
    "recall": 5.7613,
    "f-score": 9.4755
  },
  "KL_res": {
    "KL divergence": 4.476809230742849,
    "Euclidean Dist.": 0.20701120472873022,
    "WER": 0.9418181818181818,
    "CER": 0.7775743707093822,
    "Cosine Dist.": 0.532474792315185
  },
  "occ_eval_res": {
    "precision": 22.7723,
    "recall": 8.3636,
    "f-score": 12.234
  },
  "clean_eval": {
    "f-score": 2.6124818577648763,
    "precision": 1.7964071856287425,
    "recall": 4.787234042553192,
    "tp": 9,
    "fp": 492,
    "fn": 179
  },
  "jaccard": [
    0.80164109882269
  ],
  "braycurtis": [
    0.6015325670498084
  ],
  "dice": [
    0.6689490919916642
  ],
  "cosinus": [
    0.23226966737154742
  ]
}