{
  "voc_eval_res": {
    "precision": 68.9655,
    "recall": 28.9855,
    "f-score": 40.8163
  },
  "KL_res": {
    "KL divergence": 4.016830995280329,
    "Euclidean Dist.": 0.376472803821797,
    "WER": 0.6981132075471698,
    "CER": 0.5952054794520548,
    "Cosine Dist.": 0.44931661484775587
  },
  "occ_eval_res": {
    "precision": 65.1376,
    "recall": 33.4906,
    "f-score": 44.2368
  },
  "clean_eval": {
    "f-score": 49.999999999999986,
    "precision": 41.21212121212121,
    "recall": 63.55140186915887,
    "tp": 68,
    "fp": 97,
    "fn": 39
  },
  "jaccard": [
    0.5342706502636204
  ],
  "braycurtis": [
    0.4368675758908931
  ],
  "dice": [
    0.3645083932853717
  ],
  "cosinus": [
    0.43594024121212915
  ]
}