{
  "voc_eval_res": {
    "precision": 71.0586,
    "recall": 91.8394,
    "f-score": 80.1235
  },
  "KL_res": {
    "KL divergence": 0.045284126370051137,
    "Euclidean Dist.": 0.010851196779295467,
    "WER": 0.12492122794382426,
    "CER": 0.049037612752011524,
    "Cosine Dist.": 0.003992506623597847
  },
  "occ_eval_res": {
    "precision": 89.8061,
    "recall": 94.7662,
    "f-score": 92.2195
  },
  "clean_eval": {
    "f-score": 83.309061082375,
    "precision": 85.41614224581798,
    "recall": 81.30343392979667,
    "tp": 74652,
    "fp": 12746,
    "fn": 17167
  },
  "jaccard": [
    0.5210077333971139
  ],
  "braycurtis": [
    0.07559471500880705
  ],
  "dice": [
    0.3522721147107973
  ],
  "cosinus": [
    0.008864713234741806
  ]
}