{
  "voc_eval_res": {
    "precision": 50.0,
    "recall": 19.5364,
    "f-score": 28.0952
  },
  "KL_res": {
    "KL divergence": 3.2270149240910815,
    "Euclidean Dist.": 0.1908166350142023,
    "WER": 0.8330522765598651,
    "CER": 0.5826251180358829,
    "Cosine Dist.": 0.4459574846777631
  },
  "occ_eval_res": {
    "precision": 50.3333,
    "recall": 25.4637,
    "f-score": 33.8186
  },
  "clean_eval": {
    "f-score": 14.341590612777052,
    "precision": 11.0,
    "recall": 20.59925093632959,
    "tp": 55,
    "fp": 445,
    "fn": 212
  },
  "jaccard": [
    0.6317085179714427
  ],
  "braycurtis": [
    0.35426412378553435
  ],
  "dice": [
    0.4616768621806405
  ],
  "cosinus": [
    0.15950546624102135
  ]
}