{
  "voc_eval_res": {
    "precision": 47.1591,
    "recall": 13.3871,
    "f-score": 20.8543
  },
  "KL_res": {
    "KL divergence": 3.3808254378824336,
    "Euclidean Dist.": 0.18677470913778682,
    "WER": 0.8572949946751863,
    "CER": 0.6930440331844289,
    "Cosine Dist.": 0.6872528142605614
  },
  "occ_eval_res": {
    "precision": 45.9538,
    "recall": 16.9329,
    "f-score": 24.7471
  },
  "clean_eval": {
    "f-score": 13.493975903614459,
    "precision": 9.251101321585903,
    "recall": 24.92581602373887,
    "tp": 84,
    "fp": 824,
    "fn": 253
  },
  "jaccard": [
    0.6504580690627202
  ],
  "braycurtis": [
    0.47065253033118376
  ],
  "dice": [
    0.48198433420365533
  ],
  "cosinus": [
    0.16313732034769735
  ]
}