{
  "voc_eval_res": {
    "precision": 12.8205,
    "recall": 1.2669,
    "f-score": 2.3059
  },
  "KL_res": {
    "KL divergence": 5.094229462287116,
    "Euclidean Dist.": 0.23910636526746312,
    "WER": 0.9831795984807379,
    "CER": 0.8421626533393912,
    "Cosine Dist.": 0.9340484980571684
  },
  "occ_eval_res": {
    "precision": 13.5135,
    "recall": 2.1704,
    "f-score": 3.7401
  },
  "clean_eval": {
    "f-score": 0.19920318725099598,
    "precision": 0.11675423234092236,
    "recall": 0.6779661016949152,
    "tp": 2,
    "fp": 1711,
    "fn": 293
  },
  "jaccard": [
    0.8185804329953412
  ],
  "braycurtis": [
    0.7373860618675088
  ],
  "dice": [
    0.6928786824402691
  ],
  "cosinus": [
    0.42037990100576106
  ]
}