{
  "voc_eval_res": {
    "precision": 78.9474,
    "recall": 51.7241,
    "f-score": 62.5
  },
  "KL_res": {
    "KL divergence": 1.1138510387518021,
    "Euclidean Dist.": 0.09075079750660767,
    "WER": 0.4013605442176871,
    "CER": 0.26606875934230195,
    "Cosine Dist.": 0.02241370785049923
  },
  "occ_eval_res": {
    "precision": 83.1933,
    "recall": 67.3469,
    "f-score": 74.4361
  },
  "clean_eval": {
    "f-score": 66.66666666666666,
    "precision": 60.0,
    "recall": 75.0,
    "tp": 81,
    "fp": 54,
    "fn": 27
  },
  "jaccard": [
    0.33755760368663595
  ],
  "braycurtis": [
    0.14635108481262327
  ],
  "dice": [
    0.20304920304920304
  ],
  "cosinus": [
    0.01927843323577494
  ]
}