{
  "voc_eval_res": {
    "precision": 58.1081,
    "recall": 19.5455,
    "f-score": 29.2517
  },
  "KL_res": {
    "KL divergence": 2.8852566835398292,
    "Euclidean Dist.": 0.23423417120671902,
    "WER": 0.7412935323383084,
    "CER": 0.5422091558168837,
    "Cosine Dist.": 0.20505058534341358
  },
  "occ_eval_res": {
    "precision": 53.6797,
    "recall": 30.8458,
    "f-score": 39.1785
  },
  "clean_eval": {
    "f-score": 14.046822742474918,
    "precision": 11.444141689373296,
    "recall": 18.181818181818183,
    "tp": 42,
    "fp": 325,
    "fn": 189
  },
  "jaccard": [
    0.7000541418516514
  ],
  "braycurtis": [
    0.378390106313734
  ],
  "dice": [
    0.5385256143273636
  ],
  "cosinus": [
    0.10592403675992679
  ]
}