{
  "voc_eval_res": {
    "precision": 59.2593,
    "recall": 26.2295,
    "f-score": 36.3636
  },
  "KL_res": {
    "KL divergence": 4.8597570332588385,
    "Euclidean Dist.": 0.41762965353286063,
    "WER": 0.7921686746987951,
    "CER": 0.6662804171494786,
    "Cosine Dist.": 0.7531449129207249
  },
  "occ_eval_res": {
    "precision": 52.9412,
    "recall": 24.3976,
    "f-score": 33.4021
  },
  "clean_eval": {
    "f-score": 30.973451327433633,
    "precision": 23.411371237458194,
    "recall": 45.751633986928105,
    "tp": 70,
    "fp": 229,
    "fn": 83
  },
  "jaccard": [
    0.6269113149847095
  ],
  "braycurtis": [
    0.5318664643399089
  ],
  "dice": [
    0.45657015590200445
  ],
  "cosinus": [
    0.5813381600725698
  ]
}