{
  "voc_eval_res": {
    "precision": 53.8793,
    "recall": 27.2926,
    "f-score": 36.2319
  },
  "KL_res": {
    "KL divergence": 1.8483126726384804,
    "Euclidean Dist.": 0.13674206024624871,
    "WER": 0.7694117647058824,
    "CER": 0.6448486298911092,
    "Cosine Dist.": 0.11251081017022602
  },
  "occ_eval_res": {
    "precision": 65.4224,
    "recall": 39.1765,
    "f-score": 49.0066
  },
  "clean_eval": {
    "f-score": 24.087024087024087,
    "precision": 19.230769230769234,
    "recall": 32.224532224532226,
    "tp": 155,
    "fp": 651,
    "fn": 326
  },
  "jaccard": [
    0.4833468724614135
  ],
  "braycurtis": [
    0.29116272167396307
  ],
  "dice": [
    0.3186930905195501
  ],
  "cosinus": [
    0.0573462463623402
  ]
}