{
  "voc_eval_res": {
    "precision": 11.0795,
    "recall": 6.6553,
    "f-score": 8.3156
  },
  "KL_res": {
    "KL divergence": 3.9198913059504226,
    "Euclidean Dist.": 0.16987195571932687,
    "WER": 1.3635036496350366,
    "CER": 0.9698400609291699,
    "Cosine Dist.": 0.5852509493468487
  },
  "occ_eval_res": {
    "precision": 9.4995,
    "recall": 13.5766,
    "f-score": 11.1779
  },
  "clean_eval": {
    "f-score": 1.008827238335435,
    "precision": 1.2121212121212122,
    "recall": 0.8639308855291578,
    "tp": 8,
    "fp": 652,
    "fn": 918
  },
  "jaccard": [
    0.6018854242204495
  ],
  "braycurtis": [
    0.4383454224661831
  ],
  "dice": [
    0.43049792531120334
  ],
  "cosinus": [
    0.22389371157260174
  ]
}