{
  "voc_eval_res": {
    "precision": 20.1624,
    "recall": 2.9487,
    "f-score": 5.145
  },
  "KL_res": {
    "KL divergence": 3.2231792323676935,
    "Euclidean Dist.": 0.24400643929155072,
    "WER": 0.9705277587388622,
    "CER": 0.7863954113640438,
    "Cosine Dist.": 0.8786193281044395
  },
  "occ_eval_res": {
    "precision": 14.5604,
    "recall": 4.3592,
    "f-score": 6.7096
  },
  "clean_eval": {
    "f-score": 1.7352112676056335,
    "precision": 1.144811180493607,
    "recall": 3.5830618892508146,
    "tp": 77,
    "fp": 6649,
    "fn": 2072
  },
  "jaccard": [
    0.7048444513233245
  ],
  "braycurtis": [
    0.603412018295568
  ],
  "dice": [
    0.5442160611854685
  ],
  "cosinus": [
    0.28752402593225546
  ]
}