{
  "voc_eval_res": {
    "precision": 11.0429,
    "recall": 5.3465,
    "f-score": 7.2048
  },
  "KL_res": {
    "KL divergence": 3.871048035125373,
    "Euclidean Dist.": 0.2210306690068467,
    "WER": 0.9735216240070609,
    "CER": 0.7542754275427542,
    "Cosine Dist.": 0.6629095748726692
  },
  "occ_eval_res": {
    "precision": 9.4925,
    "recall": 8.9144,
    "f-score": 9.1944
  },
  "clean_eval": {
    "f-score": 0.6669842782277275,
    "precision": 0.6463527239150507,
    "recall": 0.6889763779527559,
    "tp": 7,
    "fp": 1076,
    "fn": 1009
  },
  "jaccard": [
    0.5907789232531501
  ],
  "braycurtis": [
    0.42470895699691136
  ],
  "dice": [
    0.4192237350132087
  ],
  "cosinus": [
    0.26811666649749566
  ]
}