{
  "voc_eval_res": {
    "precision": 68.599,
    "recall": 17.8168,
    "f-score": 28.2869
  },
  "KL_res": {
    "KL divergence": 1.627896307462792,
    "Euclidean Dist.": 0.138970828752645,
    "WER": 0.630048465266559,
    "CER": 0.45241250292306495,
    "Cosine Dist.": 0.057984094940957465
  },
  "occ_eval_res": {
    "precision": 77.3973,
    "recall": 42.5956,
    "f-score": 54.9496
  },
  "clean_eval": {
    "f-score": 20.279984865682934,
    "precision": 16.35143380109823,
    "recall": 26.693227091633464,
    "tp": 268,
    "fp": 1371,
    "fn": 736
  },
  "jaccard": [
    0.6959427207637231
  ],
  "braycurtis": [
    0.252948191334305
  ],
  "dice": [
    0.5336749633967789
  ],
  "cosinus": [
    0.03775594150649064
  ]
}