{
  "voc_eval_res": {
    "precision": 73.5294,
    "recall": 36.7647,
    "f-score": 49.0196
  },
  "KL_res": {
    "KL divergence": 1.3941811413486844,
    "Euclidean Dist.": 0.1088081955023435,
    "WER": 0.5433962264150943,
    "CER": 0.44274129746835444,
    "Cosine Dist.": 0.08055620428019739
  },
  "occ_eval_res": {
    "precision": 74.4324,
    "recall": 56.9057,
    "f-score": 64.4996
  },
  "clean_eval": {
    "f-score": 31.857599269739843,
    "precision": 28.77164056059357,
    "recall": 35.68507157464212,
    "tp": 349,
    "fp": 864,
    "fn": 629
  },
  "jaccard": [
    0.4710884353741497
  ],
  "braycurtis": [
    0.244530525396912
  ],
  "dice": [
    0.3081201334816463
  ],
  "cosinus": [
    0.14467726243848245
  ]
}