{
  "voc_eval_res": {
    "precision": 31.3333,
    "recall": 1.4761,
    "f-score": 2.8194
  },
  "KL_res": {
    "KL divergence": 4.520362212585228,
    "Euclidean Dist.": 0.2422691824342401,
    "WER": 0.979786167724691,
    "CER": 0.8852026904199236,
    "Cosine Dist.": 0.8653160392286718
  },
  "occ_eval_res": {
    "precision": 30.8129,
    "recall": 2.723,
    "f-score": 5.0038
  },
  "clean_eval": {
    "f-score": 1.1011011011011012,
    "precision": 0.6004366812227074,
    "recall": 6.626506024096386,
    "tp": 33,
    "fp": 5463,
    "fn": 465
  },
  "jaccard": [
    0.8665847330329101
  ],
  "braycurtis": [
    0.7887451253841584
  ],
  "dice": [
    0.7645783132530121
  ],
  "cosinus": [
    0.31771057709357564
  ]
}