{
  "voc_eval_res": {
    "precision": 18.3962,
    "recall": 6.0185,
    "f-score": 9.0698
  },
  "KL_res": {
    "KL divergence": 3.8159795680924926,
    "Euclidean Dist.": 0.14796486372475934,
    "WER": 0.9318181818181818,
    "CER": 0.7204242589067175,
    "Cosine Dist.": 0.2105715916082923
  },
  "occ_eval_res": {
    "precision": 21.3303,
    "recall": 12.4332,
    "f-score": 15.7095
  },
  "clean_eval": {
    "f-score": 0.5240174672489084,
    "precision": 0.411522633744856,
    "recall": 0.7211538461538461,
    "tp": 3,
    "fp": 726,
    "fn": 413
  },
  "jaccard": [
    0.6195737963693765
  ],
  "braycurtis": [
    0.4615046966903696
  ],
  "dice": [
    0.44882790165809033
  ],
  "cosinus": [
    0.15022783413252738
  ]
}