{
  "voc_eval_res": {
    "precision": 20.5218,
    "recall": 45.1868,
    "f-score": 28.2251
  },
  "KL_res": {
    "KL divergence": 0.3377983196666373,
    "Euclidean Dist.": 0.036105421862348136,
    "WER": 0.5061342964934343,
    "CER": 0.1349122331271707,
    "Cosine Dist.": 0.04094319907641808
  },
  "occ_eval_res": {
    "precision": 59.5377,
    "recall": 60.0423,
    "f-score": 59.7889
  },
  "clean_eval": {
    "f-score": 46.55891829081498,
    "precision": 46.10217865574848,
    "recall": 47.02479842704507,
    "tp": 61705,
    "fp": 72139,
    "fn": 69513
  },
  "jaccard": [
    0.6185754420756899
  ],
  "braycurtis": [
    0.15798403556684024
  ],
  "dice": [
    0.4477808350281134
  ],
  "cosinus": [
    0.016769424401665067
  ]
}