{
  "voc_eval_res": {
    "precision": 46.5116,
    "recall": 42.1053,
    "f-score": 44.1989
  },
  "KL_res": {
    "KL divergence": 1.8888804183619603,
    "Euclidean Dist.": 0.1275178726414151,
    "WER": 0.8741721854304636,
    "CER": 0.7239366138448707,
    "Cosine Dist.": 0.19976876072611816
  },
  "occ_eval_res": {
    "precision": 44.5055,
    "recall": 53.6424,
    "f-score": 48.6486
  },
  "clean_eval": {
    "f-score": 43.75,
    "precision": 48.61111111111111,
    "recall": 39.77272727272727,
    "tp": 70,
    "fp": 74,
    "fn": 106
  },
  "jaccard": [
    0.5257633587786259
  ],
  "braycurtis": [
    0.31779816513761466
  ],
  "dice": [
    0.3566343042071197
  ],
  "cosinus": [
    0.10978173341188835
  ]
}