{
  "voc_eval_res": {
    "precision": 34.4828,
    "recall": 25.0,
    "f-score": 28.9855
  },
  "KL_res": {
    "KL divergence": 4.28518638071628,
    "Euclidean Dist.": 0.20844504229443278,
    "WER": 0.8571428571428571,
    "CER": 0.7266187050359713,
    "Cosine Dist.": 0.459704532760831
  },
  "occ_eval_res": {
    "precision": 33.3333,
    "recall": 26.1905,
    "f-score": 29.3333
  },
  "clean_eval": {
    "f-score": 19.17808219178082,
    "precision": 17.5,
    "recall": 21.21212121212121,
    "tp": 7,
    "fp": 33,
    "fn": 26
  },
  "jaccard": [
    0.7335581787521079
  ],
  "braycurtis": [
    0.5794573643410853
  ],
  "dice": [
    0.5792276964047937
  ],
  "cosinus": [
    0.38579167929265423
  ]
}