{
  "voc_eval_res": {
    "precision": 47.1698,
    "recall": 37.8788,
    "f-score": 42.0168
  },
  "KL_res": {
    "KL divergence": 3.2908030773762786,
    "Euclidean Dist.": 0.18429544281864338,
    "WER": 0.8028169014084507,
    "CER": 0.631578947368421,
    "Cosine Dist.": 0.48084422358697654
  },
  "occ_eval_res": {
    "precision": 42.623,
    "recall": 36.6197,
    "f-score": 39.3939
  },
  "clean_eval": {
    "f-score": 35.38461538461538,
    "precision": 32.3943661971831,
    "recall": 38.983050847457626,
    "tp": 23,
    "fp": 48,
    "fn": 36
  },
  "jaccard": [
    0.6064102564102564
  ],
  "braycurtis": [
    0.42730299667036625
  ],
  "dice": [
    0.43514259429622815
  ],
  "cosinus": [
    0.2557200313852034
  ]
}