{
  "voc_eval_res": {
    "precision": 47.3684,
    "recall": 22.5,
    "f-score": 30.5085
  },
  "KL_res": {
    "KL divergence": 4.5931389140385,
    "Euclidean Dist.": 0.25719586552426166,
    "WER": 0.8297872340425532,
    "CER": 0.7310126582278481,
    "Cosine Dist.": 0.4636787814768072
  },
  "occ_eval_res": {
    "precision": 47.619,
    "recall": 21.2766,
    "f-score": 29.4118
  },
  "clean_eval": {
    "f-score": 20.588235294117645,
    "precision": 14.893617021276595,
    "recall": 33.33333333333333,
    "tp": 7,
    "fp": 40,
    "fn": 14
  },
  "jaccard": [
    0.6420047732696897
  ],
  "braycurtis": [
    0.5331905781584583
  ],
  "dice": [
    0.4727592267135325
  ],
  "cosinus": [
    0.2980371706828633
  ]
}