{
  "voc_eval_res": {
    "precision": 63.5158,
    "recall": 20.727,
    "f-score": 31.2547
  },
  "KL_res": {
    "KL divergence": 0.23851561117367456,
    "Euclidean Dist.": 0.027060857995992848,
    "WER": 0.9435229808256287,
    "CER": 0.9278368522551875,
    "Cosine Dist.": 0.023975711837163405
  },
  "occ_eval_res": {
    "precision": 86.0979,
    "recall": 6.5723,
    "f-score": 12.2123
  },
  "clean_eval": {
    "f-score": 9.587577953624054,
    "precision": 5.1668007674692085,
    "recall": 66.40152720330894,
    "tp": 8348,
    "fp": 153222,
    "fn": 4224
  },
  "jaccard": [
    0.5963223921636019
  ],
  "braycurtis": [
    0.8715481848690823
  ],
  "dice": [
    0.42482859941234086
  ],
  "cosinus": [
    0.012186210220118898
  ]
}