{
  "voc_eval_res": {
    "precision": 28.8837,
    "recall": 14.3857,
    "f-score": 19.2058
  },
  "KL_res": {
    "KL divergence": 1.8552222799672067,
    "Euclidean Dist.": 0.08575341530293068,
    "WER": 0.8461031833150384,
    "CER": 0.6420816772920056,
    "Cosine Dist.": 0.16183594142442992
  },
  "occ_eval_res": {
    "precision": 35.0838,
    "recall": 31.2404,
    "f-score": 33.0507
  },
  "clean_eval": {
    "f-score": 13.115959794067173,
    "precision": 12.508767827916763,
    "recall": 13.785106931203298,
    "tp": 535,
    "fp": 3742,
    "fn": 3346
  },
  "jaccard": [
    0.5943140073470692
  ],
  "braycurtis": [
    0.22587039184488011
  ],
  "dice": [
    0.4227928644472219
  ],
  "cosinus": [
    0.046619459990065226
  ]
}