{
  "voc_eval_res": {
    "precision": 11.9857,
    "recall": 0.9982,
    "f-score": 1.8429
  },
  "KL_res": {
    "KL divergence": 2.9012146716160894,
    "Euclidean Dist.": 0.1350793577337501,
    "WER": 0.9836409859621974,
    "CER": 0.877585235277543,
    "Cosine Dist.": 0.655573873121726
  },
  "occ_eval_res": {
    "precision": 18.3625,
    "recall": 2.5533,
    "f-score": 4.4833
  },
  "clean_eval": {
    "f-score": 0.5328960852633736,
    "precision": 0.30103045038786613,
    "recall": 2.31935771632471,
    "tp": 26,
    "fp": 8611,
    "fn": 1095
  },
  "jaccard": [
    0.7645653616456536
  ],
  "braycurtis": [
    0.7650507926549719
  ],
  "dice": [
    0.6188634654635299
  ],
  "cosinus": [
    0.20144262375349375
  ]
}