{
  "voc_eval_res": {
    "precision": 24.1206,
    "recall": 1.8706,
    "f-score": 3.472
  },
  "KL_res": {
    "KL divergence": 3.749789110858495,
    "Euclidean Dist.": 0.1841330426956974,
    "WER": 0.9787783194723257,
    "CER": 0.8387526145655068,
    "Cosine Dist.": 0.6603940576652562
  },
  "occ_eval_res": {
    "precision": 19.1304,
    "recall": 3.7855,
    "f-score": 6.3203
  },
  "clean_eval": {
    "f-score": 0.7932310946589107,
    "precision": 0.4838709677419355,
    "recall": 2.1994134897360706,
    "tp": 15,
    "fp": 3085,
    "fn": 667
  },
  "jaccard": [
    0.7840103159252095
  ],
  "braycurtis": [
    0.7024434941967013
  ],
  "dice": [
    0.6447507953340403
  ],
  "cosinus": [
    0.25818312832224277
  ]
}