{
  "voc_eval_res": {
    "precision": 76.6496,
    "recall": 91.8034,
    "f-score": 83.5449
  },
  "KL_res": {
    "KL divergence": 0.020211510885385055,
    "Euclidean Dist.": 0.006235357733766525,
    "WER": 0.15459905226231613,
    "CER": 0.13070513074877982,
    "Cosine Dist.": 0.0011133887922697427
  },
  "occ_eval_res": {
    "precision": 87.9154,
    "recall": 98.49,
    "f-score": 92.9028
  },
  "clean_eval": {
    "f-score": 85.12600717483882,
    "precision": 90.39621107321246,
    "recall": 80.4364678521929,
    "tp": 171205,
    "fp": 18189,
    "fn": 41640
  },
  "jaccard": [
    0.5441757956828936
  ],
  "braycurtis": [
    0.08220734417922847
  ],
  "dice": [
    0.37379224364397345
  ],
  "cosinus": [
    0.005217027974002475
  ]
}