{
  "voc_eval_res": {
    "precision": 36.1381,
    "recall": 47.7889,
    "f-score": 41.1548
  },
  "KL_res": {
    "KL divergence": 0.9886714863712233,
    "Euclidean Dist.": 0.06737357245856174,
    "WER": 0.9632402995234853,
    "CER": 0.6762965050732808,
    "Cosine Dist.": 0.20541038141348944
  },
  "occ_eval_res": {
    "precision": 44.8239,
    "recall": 57.1818,
    "f-score": 50.2543
  },
  "clean_eval": {
    "f-score": 28.1119714115545,
    "precision": 31.40385894876913,
    "recall": 25.444743935309972,
    "tp": 472,
    "fp": 1031,
    "fn": 1383
  },
  "jaccard": [
    0.6496865203761756
  ],
  "braycurtis": [
    0.34092855919136544
  ],
  "dice": [
    0.4811375507835171
  ],
  "cosinus": [
    0.07161355036548944
  ]
}