{
  "voc_eval_res": {
    "precision": 69.9219,
    "recall": 29.7342,
    "f-score": 41.7249
  },
  "KL_res": {
    "KL divergence": 0.7088936331942164,
    "Euclidean Dist.": 0.2510884499727576,
    "WER": 0.663466397170288,
    "CER": 0.44026414110695977,
    "Cosine Dist.": 0.04042583271603206
  },
  "occ_eval_res": {
    "precision": 57.8001,
    "recall": 69.8332,
    "f-score": 63.2494
  },
  "clean_eval": {
    "f-score": 27.291618563842068,
    "precision": 30.307692307692307,
    "recall": 24.821503569928602,
    "tp": 591,
    "fp": 1359,
    "fn": 1790
  },
  "jaccard": [
    0.5187566988210075
  ],
  "braycurtis": [
    0.25268205461638493
  ],
  "dice": [
    0.35021707670043417
  ],
  "cosinus": [
    0.09892671944418607
  ]
}