{
  "voc_eval_res": {
    "precision": 75.3731,
    "recall": 26.3021,
    "f-score": 38.9961
  },
  "KL_res": {
    "KL divergence": 1.3226885078794497,
    "Euclidean Dist.": 0.11562162079030189,
    "WER": 0.5834464043419267,
    "CER": 0.4639055544803561,
    "Cosine Dist.": 0.03941830013324421
  },
  "occ_eval_res": {
    "precision": 80.4622,
    "recall": 51.9674,
    "f-score": 63.1492
  },
  "clean_eval": {
    "f-score": 24.820143884892087,
    "precision": 20.145985401459853,
    "recall": 32.31850117096019,
    "tp": 138,
    "fp": 547,
    "fn": 289
  },
  "jaccard": [
    0.5821167883211679
  ],
  "braycurtis": [
    0.2530977512620468
  ],
  "dice": [
    0.41055341055341055
  ],
  "cosinus": [
    0.04182264087209486
  ]
}