{
  "voc_eval_res": {
    "precision": 41.2587,
    "recall": 44.697,
    "f-score": 42.9091
  },
  "KL_res": {
    "KL divergence": 1.4042282436800817,
    "Euclidean Dist.": 0.07863651140378579,
    "WER": 0.7788461538461539,
    "CER": 0.6282914880587875,
    "Cosine Dist.": 0.05687279822870728
  },
  "occ_eval_res": {
    "precision": 51.8672,
    "recall": 60.0962,
    "f-score": 55.6793
  },
  "clean_eval": {
    "f-score": 18.22429906542056,
    "precision": 19.597989949748744,
    "recall": 17.03056768558952,
    "tp": 39,
    "fp": 160,
    "fn": 190
  },
  "jaccard": [
    0.5238095238095238
  ],
  "braycurtis": [
    0.2508610792192882
  ],
  "dice": [
    0.3548387096774194
  ],
  "cosinus": [
    0.04166489231898862
  ]
}