{
  "voc_eval_res": {
    "precision": 61.0619,
    "recall": 53.9062,
    "f-score": 57.2614
  },
  "KL_res": {
    "KL divergence": 0.5530079923624532,
    "Euclidean Dist.": 0.06228567995856467,
    "WER": 0.5013333333333333,
    "CER": 0.4345567867036011,
    "Cosine Dist.": 0.014039784676370237
  },
  "occ_eval_res": {
    "precision": 77.1654,
    "recall": 78.4,
    "f-score": 77.7778
  },
  "clean_eval": {
    "f-score": 37.17774762550882,
    "precision": 37.43169398907104,
    "recall": 36.92722371967655,
    "tp": 137,
    "fp": 229,
    "fn": 234
  },
  "jaccard": [
    0.3632246376811594
  ],
  "braycurtis": [
    0.13441679363467074
  ],
  "dice": [
    0.2219147758716104
  ],
  "cosinus": [
    0.011862874028450654
  ]
}