{
  "voc_eval_res": {
    "precision": 43.1791,
    "recall": 34.5351,
    "f-score": 38.3764
  },
  "KL_res": {
    "KL divergence": 1.4909622740176143,
    "Euclidean Dist.": 0.1279750250371014,
    "WER": 0.6841661987647389,
    "CER": 0.5205881287799226,
    "Cosine Dist.": 0.12799151369799733
  },
  "occ_eval_res": {
    "precision": 54.7815,
    "recall": 48.5682,
    "f-score": 51.4881
  },
  "clean_eval": {
    "f-score": 25.166795965865013,
    "precision": 23.39873052510098,
    "recall": 27.22390063779792,
    "tp": 811,
    "fp": 2655,
    "fn": 2168
  },
  "jaccard": [
    0.4738834216502649
  ],
  "braycurtis": [
    0.24910140715815235
  ],
  "dice": [
    0.310515873015873
  ],
  "cosinus": [
    0.08264861651306776
  ]
}