{
  "voc_eval_res": {
    "precision": 50.5576,
    "recall": 55.2846,
    "f-score": 52.8155
  },
  "KL_res": {
    "KL divergence": 0.7551750493483516,
    "Euclidean Dist.": 0.06712859792079993,
    "WER": 0.6377314814814815,
    "CER": 0.4393394029218717,
    "Cosine Dist.": 0.04396208557353809
  },
  "occ_eval_res": {
    "precision": 62.6253,
    "recall": 72.338,
    "f-score": 67.1321
  },
  "clean_eval": {
    "f-score": 32.70575578267886,
    "precision": 35.266821345707655,
    "recall": 30.49147442326981,
    "tp": 304,
    "fp": 558,
    "fn": 693
  },
  "jaccard": [
    0.4076923076923077
  ],
  "braycurtis": [
    0.16559809488917385
  ],
  "dice": [
    0.2560386473429952
  ],
  "cosinus": [
    0.02047256100219841
  ]
}