{
  "voc_eval_res": {
    "precision": 33.6801,
    "recall": 33.9005,
    "f-score": 33.79
  },
  "KL_res": {
    "KL divergence": 1.3041828207010735,
    "Euclidean Dist.": 0.0861512585314478,
    "WER": 0.6765432098765433,
    "CER": 0.540929386472631,
    "Cosine Dist.": 0.03768562105524775
  },
  "occ_eval_res": {
    "precision": 52.8362,
    "recall": 54.8148,
    "f-score": 53.8073
  },
  "clean_eval": {
    "f-score": 26.35626688838079,
    "precision": 26.39467110741049,
    "recall": 26.317974263179742,
    "tp": 634,
    "fp": 1768,
    "fn": 1775
  },
  "jaccard": [
    0.48332436793975253
  ],
  "braycurtis": [
    0.20764058998280085
  ],
  "dice": [
    0.3186735236744104
  ],
  "cosinus": [
    0.030633980472038913
  ]
}