{
  "voc_eval_res": {
    "precision": 60.6061,
    "recall": 34.4828,
    "f-score": 43.956
  },
  "KL_res": {
    "KL divergence": 3.9823632117720247,
    "Euclidean Dist.": 0.5424763796754052,
    "WER": 0.7319587628865979,
    "CER": 0.38442521631644005,
    "Cosine Dist.": 0.7269330707663573
  },
  "occ_eval_res": {
    "precision": 39.0244,
    "recall": 32.9897,
    "f-score": 35.7542
  },
  "clean_eval": {
    "f-score": 33.89830508474576,
    "precision": 30.927835051546392,
    "recall": 37.5,
    "tp": 30,
    "fp": 67,
    "fn": 50
  },
  "jaccard": [
    0.48392554991539766
  ],
  "braycurtis": [
    0.2572639225181598
  ],
  "dice": [
    0.31919642857142855
  ],
  "cosinus": [
    0.14454888055867965
  ]
}