{
  "voc_eval_res": {
    "precision": 68.8889,
    "recall": 31.0,
    "f-score": 42.7586
  },
  "KL_res": {
    "KL divergence": 4.8551640879010955,
    "Euclidean Dist.": 0.43803524401808597,
    "WER": 0.796812749003984,
    "CER": 0.6792088760250844,
    "Cosine Dist.": 0.791961580007809
  },
  "occ_eval_res": {
    "precision": 54.0,
    "recall": 21.5139,
    "f-score": 30.7692
  },
  "clean_eval": {
    "f-score": 29.31034482758621,
    "precision": 20.481927710843372,
    "recall": 51.515151515151516,
    "tp": 51,
    "fp": 198,
    "fn": 48
  },
  "jaccard": [
    0.6567926455566905
  ],
  "braycurtis": [
    0.5499838240051763
  ],
  "dice": [
    0.48897338403041823
  ],
  "cosinus": [
    0.46926838268928395
  ]
}