{
  "voc_eval_res": {
    "precision": 48.8921,
    "recall": 71.028,
    "f-score": 57.917
  },
  "KL_res": {
    "KL divergence": 0.3213304444852166,
    "Euclidean Dist.": 0.05052773018443088,
    "WER": 0.40761049397305604,
    "CER": 0.18060809106956302,
    "Cosine Dist.": 0.1041493244982552
  },
  "occ_eval_res": {
    "precision": 69.3395,
    "recall": 83.5122,
    "f-score": 75.7688
  },
  "clean_eval": {
    "f-score": 66.41450710009295,
    "precision": 73.36803400028651,
    "recall": 60.664929321645744,
    "tp": 15364,
    "fp": 5577,
    "fn": 9962
  },
  "jaccard": [
    0.6579626972740316
  ],
  "braycurtis": [
    0.16604420229359815
  ],
  "dice": [
    0.49027154158648706
  ],
  "cosinus": [
    0.03338589245058632
  ]
}