{
  "voc_eval_res": {
    "precision": 6.953,
    "recall": 3.516,
    "f-score": 4.6703
  },
  "KL_res": {
    "KL divergence": 4.048578227282159,
    "Euclidean Dist.": 0.22297618227394847,
    "WER": 0.9943396226415094,
    "CER": 0.7970327632392334,
    "Cosine Dist.": 0.7002610219643121
  },
  "occ_eval_res": {
    "precision": 7.3308,
    "recall": 7.3585,
    "f-score": 7.3446
  },
  "clean_eval": {
    "f-score": 1.1747430249632893,
    "precision": 1.1684518013631937,
    "recall": 1.1811023622047243,
    "tp": 12,
    "fp": 1015,
    "fn": 1004
  },
  "jaccard": [
    0.6385974599668691
  ],
  "braycurtis": [
    0.45392995316636126
  ],
  "dice": [
    0.4690732103021699
  ],
  "cosinus": [
    0.29208297613248557
  ]
}