{
  "voc_eval_res": {
    "precision": 55.3191,
    "recall": 42.9752,
    "f-score": 48.3721
  },
  "KL_res": {
    "KL divergence": 2.2442913937207187,
    "Euclidean Dist.": 0.2570961035786497,
    "WER": 0.6984367120524458,
    "CER": 0.6042075003266693,
    "Cosine Dist.": 0.7385074284820266
  },
  "occ_eval_res": {
    "precision": 64.8889,
    "recall": 36.8129,
    "f-score": 46.9755
  },
  "clean_eval": {
    "f-score": 34.49720670391061,
    "precision": 26.417112299465238,
    "recall": 49.69818913480885,
    "tp": 494,
    "fp": 1376,
    "fn": 500
  },
  "jaccard": [
    0.4069417873735993
  ],
  "braycurtis": [
    0.3255182330151376
  ],
  "dice": [
    0.25544690341396464
  ],
  "cosinus": [
    0.26048430953383683
  ]
}