{
  "voc_eval_res": {
    "precision": 80.3279,
    "recall": 68.0556,
    "f-score": 73.6842
  },
  "KL_res": {
    "KL divergence": 0.7142252269148095,
    "Euclidean Dist.": 0.18852399628628227,
    "WER": 0.4589041095890411,
    "CER": 0.3279088689991863,
    "Cosine Dist.": 0.0672431498695426
  },
  "occ_eval_res": {
    "precision": 73.0769,
    "recall": 78.0822,
    "f-score": 75.4967
  },
  "clean_eval": {
    "f-score": 71.33333333333333,
    "precision": 74.30555555555556,
    "recall": 68.58974358974359,
    "tp": 107,
    "fp": 37,
    "fn": 49
  },
  "jaccard": [
    0.22721437740693196
  ],
  "braycurtis": [
    0.14631197097944376
  ],
  "dice": [
    0.12816799420709632
  ],
  "cosinus": [
    0.04790276025532869
  ]
}