{
  "voc_eval_res": {
    "precision": 83.9286,
    "recall": 69.1176,
    "f-score": 75.8065
  },
  "KL_res": {
    "KL divergence": 0.7424495450670314,
    "Euclidean Dist.": 0.07903505510978201,
    "WER": 0.3055555555555556,
    "CER": 0.28086710650329877,
    "Cosine Dist.": 0.027377380109902427
  },
  "occ_eval_res": {
    "precision": 85.7143,
    "recall": 77.7778,
    "f-score": 81.5534
  },
  "clean_eval": {
    "f-score": 77.61194029850748,
    "precision": 75.0,
    "recall": 80.41237113402062,
    "tp": 78,
    "fp": 26,
    "fn": 19
  },
  "jaccard": [
    0.2741046831955923
  ],
  "braycurtis": [
    0.11636001989060168
  ],
  "dice": [
    0.15881883479648842
  ],
  "cosinus": [
    0.016812409760842195
  ]
}