{
  "voc_eval_res": {
    "precision": 7.4074,
    "recall": 0.1865,
    "f-score": 0.3638
  },
  "KL_res": {
    "KL divergence": 4.3462083363468444,
    "Euclidean Dist.": 0.8232471584101946,
    "WER": 0.995079950799508,
    "CER": 0.885186136071887,
    "Cosine Dist.": 0.921910046565713
  },
  "occ_eval_res": {
    "precision": 4.4304,
    "recall": 0.574,
    "f-score": 1.0163
  },
  "clean_eval": {
    "f-score": 0.22213994816734545,
    "precision": 0.12578616352201258,
    "recall": 0.949367088607595,
    "tp": 3,
    "fp": 2382,
    "fn": 313
  },
  "jaccard": [
    0.8945827232796486
  ],
  "braycurtis": [
    0.8443797581728616
  ],
  "dice": [
    0.8092715231788079
  ],
  "cosinus": [
    0.6249555639861692
  ]
}