{
  "voc_eval_res": {
    "precision": 29.9283,
    "recall": 4.598,
    "f-score": 7.9714
  },
  "KL_res": {
    "KL divergence": 2.985606499509432,
    "Euclidean Dist.": 0.12345441318935238,
    "WER": 0.9399422521655438,
    "CER": 0.7485622661678247,
    "Cosine Dist.": 0.7487391508292498
  },
  "occ_eval_res": {
    "precision": 19.006,
    "recall": 7.95,
    "f-score": 11.2106
  },
  "clean_eval": {
    "f-score": 4.772991850989523,
    "precision": 3.4628378378378377,
    "recall": 7.677902621722846,
    "tp": 164,
    "fp": 4572,
    "fn": 1972
  },
  "jaccard": [
    0.7041880969875092
  ],
  "braycurtis": [
    0.5827788590654657
  ],
  "dice": [
    0.5434338852347471
  ],
  "cosinus": [
    0.32628718679956215
  ]
}