{
  "voc_eval_res": {
    "precision": 32.3752,
    "recall": 3.6663,
    "f-score": 6.5866
  },
  "KL_res": {
    "KL divergence": 2.6126710838386478,
    "Euclidean Dist.": 0.13506073420767556,
    "WER": 0.9377496671105193,
    "CER": 0.7775958650177253,
    "Cosine Dist.": 0.5209794602255278
  },
  "occ_eval_res": {
    "precision": 26.7717,
    "recall": 8.3,
    "f-score": 12.6715
  },
  "clean_eval": {
    "f-score": 2.9616252821670424,
    "precision": 1.9244308847688334,
    "recall": 6.423815119467294,
    "tp": 164,
    "fp": 8358,
    "fn": 2389
  },
  "jaccard": [
    0.7190983706970476
  ],
  "braycurtis": [
    0.6261081264317044
  ],
  "dice": [
    0.5614001530221883
  ],
  "cosinus": [
    0.32523146274295733
  ]
}